,Species_01,Species_02,Species_03,Species_04,Species_05,Species_06,Species_07,Species_08,Species_09,Species_10,Species_11,Species_12,Species_13,Species_14,Species_15,Species_16,Species_17,Species_18,Species_19,Species_20,Species_21,Species_22,Species_23,Species_24,Species_25,Species_26,Species_27,Species_28,Species_29,Species_30,Species_31,Species_32,Species_33,Species_34,Species_35,Species_36,Species_37,Species_38,Species_39,Species_40,Species_41,Species_42,Species_43,Species_44,Species_45,Species_46,Species_47,Species_48,Species_49,Species_50
0,1.1006822490615056,0.599714693293059,-1.1773357048898756,0.6756182014870831,0.5551288593205514,2.3943997425091013,-2.663673724068378,-0.7522812290747236,-2.408889165382953,-0.2790991294141083,1.816770850296634,-3.896812716596372,-3.8537816710477095,0.6762963685740973,0.34389104874945264,1.4824990127707758,-0.1157417098296527,0.9728713232713773,-1.05557359699233,-0.4649298842265157,2.1213643231418104,0.2913098967278458,1.9145240019679792,0.8726855335373243,-2.019358933865645,0.8807689878216136,0.3457499835866358,-2.2097928567661773,-0.08926810397807738,0.05937679250862704,-2.2044752934567233,0.22195569174162344,-0.7472620475606497,-0.9321340951553969,-0.2380506753941436,1.2054580565166626,-1.0863659618777914,-0.4605063643262559,2.082314249961732,-1.745154843801311,1.3989434680447843,0.48304012520500095,1.267470142733353,0.36901662790043943,2.2675321834629463,1.3209193569042088,-2.314804899437531,1.024973980440885,1.3615993589774464,0.6084174966278768
1,1.8529810391516057,2.074788059740067,0.955022055469438,0.04876953819027019,0.9030039871573452,2.5246705234666926,2.658818022272199,-2.088640257439069,-4.893300698132984,0.5691028552002351,-0.8290247951636065,1.7146326899799327,-0.12004488615562892,0.8378932888187816,-0.9431905174400645,0.7778542888585864,-0.12620659607501405,-0.7865548819499759,1.920982846679261,-2.105659353516633,-0.5848137003338945,0.6782125090604678,-1.5519489070695522,0.5007770483018366,-6.056626757546335,-3.4401646962802275,1.390793665223439,1.3813002470381033,-0.19866942372545449,2.0492685500955514,-0.03003877688235157,-1.1353990233942755,-1.2605356889946524,0.20421533796397462,1.0621151453002038,-1.9524937730733951,2.264243302413321,1.151025657020246,-1.0883494463569434,-0.8835017506341831,1.2431852471772484,-1.32901521301691,-0.3985370468199889,2.032789560006888,1.7983889195847467,-2.1536473121946784,1.7683238006928623,1.135448780781906,-1.8960275893970175,0.3537841259476613
2,4.322674014412048,1.7824806010317182,2.194260737375331,1.3499011845372335,3.0607286968254646,2.94001959496051,1.6524804190249487,1.6509427865464197,-0.12869019180307006,1.823532488205962,-1.3271768890634537,-0.9747850321603808,-1.2825424695705792,2.96145288411668,-4.552446947200465,1.9758881192984328,0.2895475287679128,-0.3101152649777017,-0.19087252204083072,0.2930855764787772,0.8733270255325953,-4.546669059032125,3.4577210308721344,1.611012040554563,-1.8208086890594455,1.1464001986974823,1.7691189254620445,-2.6811525362434026,-7.884554402138548,-1.3815096767282133,-3.409070602280657,-4.379817768052771,1.9880304692687076,1.5854729733893667,-0.42900074342543437,0.45358394695107496,-0.4029159361518442,-1.897219787087474,2.7702199634219076,2.048505741258218,-3.2823125891387335,-4.676480410016211,-3.8787961992456648,-0.022543502765638657,0.22274884545855134,2.079247772535209,2.507035676808998,-0.26076656228784145,4.079477251788232,-3.168648713110045
3,3.0594726664502234,1.4247930635058794,2.945813458128728,2.078332654736234,2.4991660916903746,0.773495037022264,0.6190006228502654,2.0264900460954767,-4.528613260302868,-2.940532772387301,0.1170389396801843,2.229715744856219,1.8057769948531162,-0.631659645941931,1.0749545735690686,-1.0034801191783673,2.0417129133846545,1.3274854393243136,0.4965761964352229,-1.424521861651062,-0.23591828088635225,0.6748758749248953,0.9818357997636502,-2.037957655759068,-1.2019692640661894,-3.938589221798302,2.424785793223504,-2.56616349783181,-1.0206978005695762,2.3097718082613152,1.9193829782840335,2.270373581107766,-1.319835203885015,0.48957084985790544,1.583234847651171,-1.6745662989463606,-3.8448217106409457,0.8497630074018927,1.4270541282268447,1.6977032802175929,-0.5495369929715004,-1.587299361633078,-4.23211414330214,1.240131608801072,-6.80731131404839,-1.3450661408997906,-0.7915755704385594,-0.08233854955733655,-0.24721083811331024,1.6234715045053876
4,1.72724047531594,1.3304914548750535,-4.662277827269995,1.7089261178666733,0.1388956619819819,0.5309222364513664,1.7577308793130397,-4.682855082883447,2.865528427587814,0.5560464132728598,-4.440767339016619,2.2682572141803106,-3.302552950038744,0.7373738778488175,1.8325771384466742,-0.02866978081285243,-2.643550031516143,1.5718146314578436,-0.237237763354738,-2.8052863272466464,2.0807035621262187,0.3359040812486036,-1.7749287145339583,-5.354562947976944,1.6877202138571592,-0.38969533106415444,1.023044145062462,2.1096080821898204,0.39023549571243077,-2.030385234085439,2.8609084620724268,0.9531489727935805,0.9702701430848126,-0.030979450212611503,0.4638528254699681,-0.2521181913946702,0.09687751346214579,1.4059845347676356,-0.8312261303746542,-0.46372828740964245,-2.3729725343565233,-1.090726551642601,2.033313168735802,0.773242928971646,-4.35872550301631,0.8315466810441965,0.6606585612024443,0.6415506909692734,2.8555082680878447,2.5533631187498163
5,0.48122241395524323,1.9038938474536304,-0.19680958693362527,2.1155875486743727,-0.30834560880039685,1.788413883445429,-0.6134269797328438,0.8818605391317051,-1.0049887737581065,1.8473274371642945,-6.898798759165538,-0.49795799599580093,2.3097939261864107,-4.775381590296729,-0.29366608674926287,-3.335437746374745,-1.9333717956890037,1.1229066039092954,1.1659800592766896,-0.9950287873323065,1.372927082194236,0.04628361880950482,1.7965484543609742,-6.2268644213537465,1.9994785739486618,-1.0401861795899618,1.1018139552282302,-0.7631274333471723,0.9769702017811759,0.04125239366458455,-3.7814592023585023,-1.7432256619570294,1.1492874517940943,1.9345396429333448,-1.3248558315567065,1.1990700604756177,-1.3761248948978597,1.854193919592952,0.10261222877526066,1.5664027453567209,0.02098394842267659,1.5346621975277515,-0.21430146114893045,2.3220716244018456,0.12394357641916542,1.5834665788379119,1.7572002130550048,1.4666399256045026,-0.9613667797269567,0.7173909243839267
6,-0.47282239146562066,2.8539245829427946,-1.0984667336199294,2.849465222336516,0.9921793161789276,-3.9750613408058326,0.9749159479045089,1.3430212905642156,2.3946402654481265,1.862284667154368,-8.435051401707984,0.7840907894347806,0.09389837381731514,-3.6028523601829976,-3.739539821694353,-3.1279331900498386,-2.553453399003266,1.0368209911388595,2.3968843867658496,-5.154922936113439,-0.441064958932051,0.2891959666404311,1.9850210925261496,0.395998894707315,0.515196217224414,3.139960784555813,-1.9439855441747387,1.6148484146722835,-0.27783931854629174,1.3602526253934792,-0.8444194517171715,-0.5666198765678354,1.4090495883736596,0.9060319715712266,0.8202583664064766,1.583569759265976,1.0952656353290973,1.7914177447995425,-3.577331764944078,2.1094676777827246,0.6085825421535365,1.8566204008267269,0.7512711316661749,0.06049876443063873,1.626068786683558,-1.9601232015616201,2.5145570540415947,-0.5472875410796139,-2.716275782265102,1.0197917616946501
7,3.0398990783689266,1.844240634243691,1.4154668820742633,1.698781422173541,1.8262480874291334,1.2620355526621103,-3.0271952105580517,-1.8171989632694956,1.0891119007163574,-3.3427733027691,1.9710856985569696,2.099799728616597,-0.6640168569694289,0.5397482713622441,-0.0955942424948244,1.0372983412415628,0.379848168117193,-2.0932070120116357,1.7740557621680981,1.4357898754152134,-0.8481801124816792,-0.20640268943160223,-2.5604734411690524,2.174253274112946,-0.8016056593657348,1.617129526365093,1.5737309474539805,1.2011664291905157,-1.2925830417618656,-3.1232899367076694,2.0661031796978544,0.22146703692247094,0.9116156172744736,-1.6756583840539196,-0.8625600273395619,3.0408723614971227,-3.794772751281652,-1.714296040794543,-0.45498597376171723,-0.5172202584849241,-0.811081366458998,-2.957118845326743,2.1077501158630576,0.9934134392129774,1.1694736741262535,-0.33086423146667787,2.7814540699144694,1.4844054352243448,-2.8132702127491624,-6.9518959492934
8,-0.7788168007644263,1.101557121221107,-0.11427764689332154,2.801993396099035,1.1629794081134364,2.077714485768405,2.390274145668906,0.3410209185250146,-7.484442986557825,1.367352891650412,1.437377238288093,0.8223607737653431,1.2115568388581814,-2.158464038602058,1.0856882329763655,0.4954466444438248,1.833851410197803,-0.6097366807385303,-1.8120034124250424,0.03434809079874679,-1.1560428550378976,-1.7860673457693919,-3.861187138462583,0.5844569024444315,0.6413580041939468,1.9680370293198592,-1.200406101665358,1.0496881014795658,1.2647224504739407,1.7664479071226076,-5.1330676710782335,0.7630668495098814,0.8962633801642306,0.2224277463322064,-4.793427257761959,-0.958116654184324,-1.4791416150624652,0.26954860635668787,0.07938426864242576,0.4925150011295756,1.0706411737534354,0.9564468600037856,0.49006191380843855,-1.492008416279453,-1.4624567896154126,1.9648986636582095,1.4354144164407199,1.0967025852433427,0.21666933806241317,0.8873906163838807
9,0.8463540011696784,1.7464028528588527,3.0657181396460147,3.246718122055972,1.7854931782119858,-0.7889391655114437,-2.0454780655173224,0.43280972304258025,2.3260433656926387,0.6426231073933568,-0.43790373312377806,1.1132001345124238,0.666628190062319,0.6008274008869554,-4.068206370114594,-1.5154593245183126,-4.097926695213277,0.14578560089100367,0.335665716771965,-3.6713841702469,1.064517341579844,1.2395798279143828,1.368256377320054,2.0694135478500417,0.5352320097935648,0.937746056224432,-0.6424128757797192,-0.15054605750190042,1.7368387976318318,0.8234622459061418,0.7270653724065506,-5.043761346896708,0.7797405521436538,-1.3677940018903314,-1.8379266209450034,-0.4557920153365904,-1.4429918274709257,0.9746835734937678,1.0681444400495015,-0.354469419023161,1.1308692850424333,1.1389108479769243,-3.332147351177457,-3.280911364787202,-0.11228289241026612,-0.8333775609021359,0.3205429950200811,1.0438782569795695,0.5492388567914297,1.0173209410470538
10,2.5054585892043724,0.978092411729985,2.551362380381631,1.1143709096089642,0.4366495875945322,-0.5459823855029988,-0.2064152426673651,-0.5743052260013455,-0.8980907192982155,-0.8434062260010853,1.3319696641597591,-2.0204682014549844,-0.06220685255227032,-0.5986065297895458,-0.9257400737552395,-0.33975582469435217,-5.907704720921926,1.9161337460463885,0.7028989234361172,-0.6902345160773979,-1.5559559305016615,1.212594141596322,1.3159886522170505,1.4142478227441986,-2.741334410131694,2.4231273326807887,0.15058432243389497,-0.08889947806414966,-0.24785005044399,1.1179410021655731,0.37647783862832007,-0.4451248302591395,0.9619713031738097,-0.7216602974231199,1.928415642240338,-0.1309186908550366,2.0891436147882767,-0.5769406296666428,0.051987849865970936,0.5341958646109992,-1.2406546826555473,1.1403608591139536,1.3591744684850338,-2.623506063700945,-1.8611497144076043,0.9447421912834169,-2.06180811704204,-0.7296898015267761,1.7232623438121406,-1.6427422466067156
11,1.6344372271791716,0.9469482930202195,0.8650359053226824,2.2106153415667813,0.8461874561466978,1.025141946873327,1.7315707168003227,1.5218511496787186,1.695174355168887,-0.3635289025370634,1.1040200242848073,-4.614796722374528,2.3620609922172973,0.056395481488834776,0.114448908756005,-0.8524299058251081,2.2507134635744657,1.9060969269179053,-1.1351697898750146,0.9673775258416564,0.9278634775454044,2.8242850843944276,-4.511404744447187,0.6670520429819122,-3.987538254459306,2.0143491453219062,0.9331890864328436,-0.09414297967149388,1.1946863000372225,-3.1145187806318226,1.7907414011934657,-0.34683936812541827,-2.9102108010440464,2.2468818716132573,-1.077951633274476,0.6147489562211259,-0.6302610192686453,0.2275381642280898,-6.802464702804034,1.3170007622368698,1.6599380663255752,-4.033722151402847,2.888113121641311,-8.051510283498883,-5.9975553548932865,1.3865115194985682,1.9470190109992678,-0.00021710978119937607,1.5741768457783154,3.0720919326270346
12,1.2682417649701803,1.2330227378322052,1.2198894172705286,2.377710442885948,2.654093531658769,0.000864887363481337,0.2619568456770036,1.384005456254052,-2.0287816792552436,-4.115799066235361,2.368127395054378,2.303895656797939,0.8566146749072496,-2.7025597055795085,-1.7819464874555129,1.834875294490757,-3.033419572459808,-1.9951596057671566,0.9913282791829072,2.493215885280792,2.1265139133631576,0.2625447869638329,-0.8700099382158228,-1.5635499714423364,0.5720025898078269,3.258526732254157,-6.001797843399293,-0.35993381823965276,-0.9705406715134819,-1.52837758832358,0.9808291796379516,2.1377576667925458,3.2658440324649045,1.8216254788271247,0.3572257161858845,-0.23713725225870963,-0.30273043561140245,0.8344350525276916,-0.7555792634713328,-0.838458459683193,1.6685216841741202,-0.19033487504716362,0.7529092616504878,-1.18762978913038,-4.952418764151041,1.7260750404365255,0.1759579785419243,-5.545898247849713,0.5354205828802812,-0.7619689310449305
13,0.9275000078510125,0.19126624519544677,-0.44867297892761826,-0.758875149836796,0.0826379979543157,-1.1097654449965804,1.2812940802970911,3.291409100934713,0.8419060580692737,-0.5869099901286452,2.4758966920922076,-2.1372775180356083,-0.772770999838885,1.685506000899132,-2.4580432210835443,-1.0600576748763348,1.397926658954412,0.6086275844102804,-0.499572664032339,1.7885886475844162,-0.7500351860529086,-1.1512414672741027,-1.3438343576427156,-0.29892677864596084,1.6648014242577789,1.5697328516441567,-0.8011624675799283,0.3836791237635673,1.52727572487926,0.4425055298472831,-2.1479761595491533,-2.2965609776917972,2.5667673713789685,-0.26403788660310656,-0.613875526693108,-3.018253335609698,-4.121344211303279,1.0707061179033674,0.1510471241080822,-3.4049994040122904,1.3769261108720672,1.7538788601711008,1.6287392656508617,1.4477477759706212,1.3188654831567073,-1.183671837847899,2.4272275158174543,-3.9482574689621064,1.9722409546392776,-0.6985776010784646
14,1.1330257212878596,2.133807255076101,-7.798575104819994,-0.3083342837470031,1.1622200820485853,-2.078421019289837,1.6756584715869338,0.5596077387528018,2.9452804083294057,2.5020330918725344,2.9819034930125463,2.6529902793952456,-4.224205777285768,2.2866978812732808,2.6399910494251446,-4.234891525283647,1.3448699150114818,2.3863807463240967,-0.029922963551042514,0.09327567805776571,-1.0741189782652594,0.6142293988132348,-1.8716658055471713,-4.743641679128091,-1.617690229320437,-1.003562511548326,0.4088849118270339,-3.341863234477456,0.14562667286256836,2.2586004517899014,2.7293601729994936,2.2727253559697984,-3.1128790956041517,-0.27628745614465533,-1.9111944871756812,2.103587483377796,0.14273126543319314,-4.5619639769532565,1.6109167196136247,0.4130813692222297,-0.43917046751460553,2.0361217236560982,-3.7152840680842374,1.747442729509031,-2.225128216190199,-0.0577301958054246,1.311524420498687,0.5934973067134539,1.4504305289508297,2.2900287530454477
15,1.3184859877007415,-0.7469947557541161,-0.13796506818117305,0.7580820652846763,-2.588649604485677,1.3146899751147294,-1.1912102284634054,3.173700367708914,0.9577946208418879,-0.6845213178733838,1.9887922889064344,1.4460681119801473,1.1803166205756903,-1.0434382828164273,0.14296432738000142,0.807085382903534,-3.5321085760442177,1.0747914069464657,0.8504910900998954,1.676420148626108,1.01574914074321,-0.26030778320055337,-1.0667613675933891,-0.3974667536786596,-1.2803717327660964,1.7151650265134033,0.853034749378407,-2.313393299230551,0.7392512507889828,2.0297991776796054,1.538350088994863,0.4355581216998319,1.154370544934887,-0.5321938407464488,-1.2780373005871244,-0.5292349730587098,-1.1171339199519412,-5.301081188628983,-3.161750516671967,-0.07612528048394918,1.4563688335630474,-0.6000947511954466,0.7424141068268062,1.5710845436843215,-1.3759070428740632,-0.7187660812627366,-0.8131717183526757,1.3965697652740134,-0.3828239557655433,-0.20788840448329537
16,1.640201123998239,0.4737232980683945,-0.27300144561328565,0.8977703835419404,-1.1779955188677933,1.8305008963569733,0.010377578840077284,0.4351809612363642,1.5360003559982585,0.5089475013436289,-2.923959537468723,-1.514383826416811,0.6547315279060584,1.3830873320270558,0.09049460401566467,-1.732686679801338,-1.8020779147952215,1.3396078032535836,-1.0274498964643755,0.49704641165599117,-1.0720446087310345,-0.9138191962825983,0.23885317682695817,1.4384846205268493,2.12103634120075,-0.49371225004590613,2.2534654859162506,0.0046210908412529506,1.856699616115594,-0.1773878961886055,-0.2593269074597311,-0.7160487385173377,0.7133884098611114,-0.17033089085958952,-0.4971338197539117,1.492880192173228,-3.601188922039592,-1.5529949182361804,0.5639946136048755,0.6729828744273174,0.7316144045490072,-4.564025576733581,2.4732376131873317,1.9971235208196538,0.3917334672885975,2.1130267029317777,1.9123346189597128,0.5286218670938121,-3.3590059505245105,-4.973193899766205
17,0.39449525444355515,-0.49246889446235365,-2.5063211817256708,0.6659112739457766,1.7399579011843058,1.1250371422945502,-0.9991321526197359,-0.02079648489141661,0.4031014781806501,-0.34824129766249,-4.884432563806524,1.5089839559282012,0.7648090468109325,1.4124598315185732,-0.3511358084944396,1.5445217004080747,2.839892859457737,-0.08468852443482255,0.3306361318700075,1.8776104389400996,-0.6829540376330945,1.2079469243908103,1.3698845442138676,0.6090966206642667,0.02606410104289214,-0.21531761678491623,1.7717324383380428,-4.893848112171128,-0.66190576231741,1.9916926732420697,-0.5992368505472578,-1.1245820504300266,0.22065972995705785,-0.04317541113450574,-0.37967894419540205,-0.5628397885232861,0.13949628596471353,-2.0221641186379156,-2.513234274475213,1.8433797644567638,0.238266645837367,1.6468706693252146,1.198704785478673,0.35923467417236843,-0.19111077662928544,-2.971298758303454,-1.213710814362516,-1.1396152536699828,0.3913398951250091,1.280102710721219
18,2.386708504988035,2.4952513100139897,2.1195327588131,3.225123389632417,1.1722544151662722,-2.938105748185462,-0.4047663835830395,-1.3407222920323134,-3.873632904063191,-0.7194648798110608,1.232395289711533,0.7509585047135454,-0.4596364566595499,-0.5853278326941513,-3.4954157849980803,-0.06827921742536258,1.3698409849494806,-0.9502687146154702,-1.2999171471703752,0.6190185712862775,-0.2511841235132293,1.5538505869091837,-0.6614126510656115,0.7517464885207943,0.05786037124357524,0.3872330747287682,1.0087222790459247,-3.769296346627362,1.980248666717232,1.467164176917776,1.4019056540889836,0.9805581669562766,2.828815557981904,-1.2764694067220237,1.7281228069423964,-4.617759396895181,1.7394629236895773,1.6655194109300324,1.973961481306112,1.1691431873151013,-2.8757692453267687,-7.125253452383708,-2.8284198806280374,2.057616529308796,0.9362151730904209,-0.03480033850788278,0.06479704958727606,-1.6244166719729476,0.32514069238199994,1.751150867943993
19,0.15652466373054175,2.467895868203085,2.0702234408701328,1.6796482467715967,1.8905132682893595,0.7158821925818621,2.067379342742341,-0.9213305148169484,0.027246974589191453,-1.8408342790645245,0.7097583933874008,0.06905024844263252,0.8768360522928722,-2.261012272216613,-3.7918526949009177,-7.538396380537447,1.3847253299765638,1.1237132991244976,1.556793339984702,2.2189087950982262,-1.4716970752184908,-1.8272578567699425,1.4091659536910544,1.3041733532794622,0.4255414036018763,-0.9889565854002322,1.9765135707074863,-1.2667086355865376,-7.968775148703699,0.1565099153063052,2.9444010902451514,1.3749654173469992,0.4044051224925056,-0.3231025332095845,0.6602573878438687,-0.9873555207509908,0.979096711827574,2.13748668259585,-0.9023768012533528,1.2299448012019627,-5.622348484272534,1.224259532675577,1.2638563565085672,0.6004696162860652,-2.043153892583197,0.4527179224989615,1.0689789203407005,-1.8393082934260496,1.1067447204025256,1.8598790337736362
20,0.33203119527536806,1.8117490350148167,1.5127853496328671,1.347408991128436,-8.326326556373033,-2.8301408649046795,-1.057028968206847,-3.0459614840597045,-4.754648446598786,-5.193113507066778,1.2273105032867004,2.5167444377581596,-0.44245465498785297,-5.174314191580049,0.4368929499169223,2.7426192436778476,1.221833187426527,0.37964398700192437,3.063206713261853,1.2236132892644456,0.3277966853714549,-1.0002426613621447,0.6773585852478696,-1.3043590860779881,1.171481129012986,0.44516507983531106,2.5880886755184793,-7.1588252023189085,1.1192993729157905,0.2899632067604321,2.544576679906854,0.14491247742586388,1.2672187302811628,2.6370181249287277,-0.8543080027299155,0.9121504364576376,0.7043999645817491,2.5912916252661455,1.6808345058514456,0.5407814929320454,1.2470265495372073,0.679179550561761,1.3221334003500607,0.4395266514189231,-0.8149050587553663,-1.0652518902473513,2.394666632171715,0.344533370300641,0.05958211011450576,-0.922943344125212
21,-1.072157157657771,2.3287673171381895,-3.793820746101363,1.3538239774812735,0.14175462794509208,-0.2051010179229129,1.8441710963715683,1.4229872368901817,-0.711190710237485,1.9589934749592102,2.3730737886371833,-0.5037060007978784,-1.8673161320820704,0.521417888299804,2.5072054433212596,-1.704213418039056,0.5785284153964136,1.0877860429231525,-4.068649574461138,0.8040168863141197,-8.00712559893326,2.988888167576134,1.4435130089583934,0.9453601636677238,-0.4397170954493541,0.4346516314676272,-0.7209829807209083,0.05718963528271104,1.6950796838056301,2.4230928658161073,-0.5613176863524201,-0.5551443292794129,-1.3283581496953198,2.1281746480934456,0.4821804618031482,-5.560747252536699,2.672143723775494,0.7707255917938598,-0.5922453511686809,0.5199484019988914,-1.3960975543246024,0.49415313058075316,0.909626756369927,-1.4722351435170626,-1.22395406945276,0.6101500021396857,2.3295552984917784,-1.312586361403537,-1.4127925037882534,0.6824994666231854
22,-1.5489301200155552,0.9466872629722163,0.9476658500092316,1.3253280705415125,1.8987970301047579,-2.3397257825664726,1.4764945825051616,1.3449360141043076,-2.9490558596547576,-0.38768458368660497,-3.1903031205136525,1.4548840397832041,-0.622209596275261,-0.13437978886556223,-1.6208063929281478,0.5599684317226687,-0.5617889620514305,-0.781666515404372,-2.3201428982952894,-0.8970548390832613,-2.5158605831470835,1.4552589949137338,-1.523765860966157,1.1292825659058416,1.617064125812398,-1.011602405891587,2.1561278032727094,0.928494603897045,2.454943014827852,-0.5502749078810947,0.8169683455600651,1.219205240405719,1.381377718339679,-2.0370891683800414,1.512683670605266,0.06948166911448173,-2.603661584359391,0.4097549463839849,2.9043263545731373,-0.17763294332914636,2.4339042072819885,1.5839744738695587,2.0126402499011324,0.17670954712904408,-3.7261556762949244,-0.14314683431495645,-2.212325054829802,-1.0322429421003756,2.3443914259723226,-1.6738438186740154
23,2.5221706532791845,0.853878042842235,-0.6335826816201635,0.40401144905395636,2.0887348335935556,0.9357634862005662,-2.46346887220367,-0.6551119950401185,1.031024822804039,-0.058911825725393996,1.4821887986780213,-0.03164769575319326,-2.7779399575127384,0.8992141752442904,0.27257218960274,-2.2260083656668197,1.229638648451258,-1.1131705952823836,0.2923142071867604,-0.1209256850716125,-1.400957984896536,-1.0261693377800265,1.818144468561762,0.6351315731374232,-0.8926697125209895,1.586844734577351,1.4116704491622665,-1.0913257150989155,-0.7445262891446234,2.090007599393457,-2.2264468999539657,-0.24357365401009545,0.5882186515755006,-0.6106178799477542,0.27466658616252015,-0.46497115419701096,2.2078643601830015,-0.8033356308828346,-2.3938440683495603,-0.45237230209248036,1.2730923997241859,-1.0040832581322627,0.8314903645314731,-1.9817641831820811,1.9728269837214234,-3.907804248513302,-1.189861910876326,0.5233885798439086,2.168656578441044,1.1215772675029974
24,0.08819878108241497,-1.6594423567979444,1.526171333100843,2.4730852621080923,1.909308115432427,-1.9909701092944543,-0.563445684364237,-1.7005165516324547,-4.394148637815022,2.3088788462145025,0.8540666755294328,-0.6488700897797788,2.8220527931805113,-2.506454103645603,-0.15222418943174265,1.2247638538952188,-0.439181936126011,1.6172577553425542,-6.593357261518312,-0.7427283907045847,0.3389226468461768,1.5446265119184082,0.27221888029560937,2.151249670894321,-0.14407707533198266,-0.7598252027419408,-2.424536314495233,0.5953480672679641,-1.688015388388835,-2.069289140218797,0.22519082538303614,1.509108867067393,-2.355675511942013,2.3064375751547885,1.9609331341459257,2.687443961713836,-1.506138004695475,-0.06460246667308223,1.0117649643343114,-0.3201711070447022,-3.5925635663885167,2.0095826829725323,-0.7480518722823319,0.6917984474173284,-0.12423795927592618,-0.6953362627512094,-0.22473371238719775,1.1429357938658482,2.3234873687971027,2.5137600817668297
25,0.21097787958033898,-0.28331879379451763,-3.482378410203699,1.1195412164313892,0.4291515551954168,2.2328883630290357,-1.8512876724544718,0.641703375977162,-1.8233314447007078,-0.782168589476588,-0.16737212826325099,-0.20351076239782273,2.2991485327917465,0.3455068315651886,0.9140574678554323,-3.3622079671598684,0.9143531213285545,-2.441848620401953,1.5073708430765982,-0.11705402693390088,-7.21137417524022,-1.937738443644359,-2.3001779289371713,-0.09448838314499053,0.9701484802653679,-1.1168047616841212,-0.29816831576811875,-1.3747164693211742,-4.522246403751714,0.139474471476996,2.2932902611594295,2.8137047027998223,1.7479502462079748,1.5471416942472076,1.2875509011684496,1.1995706765343792,0.8908384969108063,2.250917121777287,0.7329068359751032,2.003704007035713,2.2601685417023782,-1.5959797266967755,-0.5092093118662886,-0.5538653120297887,1.4100682329239071,0.5955783553010248,1.2611881297085965,2.443986529516377,1.6637274483250102,-2.097366671995146
26,0.1406788698407473,1.9544050990202444,1.4688745334671882,2.5216621062781566,1.9696115343322846,-2.1669680744009288,1.6416399810737032,0.2459847436005127,0.8356130672521083,-0.7043872183103197,-7.880971673647386,1.8631486030531441,1.097674509119245,0.003855976174319764,-0.1423048723554734,1.147804585941857,1.1922026818365725,-3.086716962878647,1.8915855738576344,1.4131943187464073,-2.6038216803478864,-3.565117882280875,-1.6876083114081277,-1.5660858394512678,0.8940777671542834,-2.5201729013809624,-0.5363829062717569,-2.590468446857267,-0.3865352785368845,1.0228714114048234,-0.09974048947931635,0.685122815164557,1.364673706126995,2.0320287506937333,2.878441506675455,2.8841734400787034,-2.7982640956622262,-3.575416807491724,0.3012940217090643,0.5129889747068583,0.3694074662488589,2.2137862224306506,-2.6246915439777263,1.2484378864408634,0.7135368632476746,-0.6070520389572991,3.041393485560934,0.7866643857324993,-1.2305628514440023,0.036434988170068294
27,2.710307326144014,-0.6236576987907148,1.7601375749879944,2.6483620965675234,-5.4732875279373,2.4406292535209264,-0.9628113600754498,-2.6982900488750916,1.2354114745255473,1.2494172622098705,2.5659742648237387,0.47051956006137097,2.0734399627660607,-1.193960291859156,2.1681507477712287,0.22073665089682493,1.3915385424596183,-0.4143728146013892,-0.9264907421034083,-0.35764004836023666,2.2299447289933783,-7.912794741722651,-0.7747665537629462,0.8986913650273998,0.09904921971201386,1.8275007517314323,1.3489718556068686,1.673948705840182,-3.780396031598773,1.5378788010156565,-0.37232216453358724,1.067209525483685,0.8074582677668367,1.8680763598306012,-2.008634775090421,-2.320597597373432,0.6751623944221317,-3.5665015282784864,-0.2760656452563426,0.6711378701605923,1.4379310545480912,-0.38599420687868147,0.634147673785221,-0.08793827926640141,-1.3955272814580741,-1.2446129386280722,2.401208269492881,1.6489499142221753,-6.5962108207987225,1.6109816228755016
28,-3.121613069046644,-1.4710231610469986,0.675574984640769,-0.14874591367487255,-1.3763450030590647,-4.427750135726125,0.06864764481281327,0.9282545341462729,-1.232961537037605,0.2410581020581155,0.5398609654349587,2.359552883945351,-0.832342304009912,2.2628696522104286,-0.046364681076747516,-1.5716397726828761,2.035583413783976,1.8767681385293171,0.4883519235696907,1.691981082557588,1.8798982756999076,-0.16762062557055835,-5.04514226663817,-0.06600561664568794,-2.7590907153539463,-0.5585821814731906,-1.177951563878393,0.2653022910320697,1.0213595888761673,-2.2368238548565262,0.24579117017514207,1.6854832677348455,-1.867030779700908,0.2141393087471437,1.9624446589562816,-1.4734188094065246,0.9895143813893545,-0.7167359145246008,0.7302537123297634,3.1215943681758676,0.31805491785073237,-0.02768925828486246,1.033660973426282,2.65896007257799,-1.855182244869404,1.1655379074763679,-0.07932528789780857,-1.070894259640422,2.533010593823876,0.3367701421407405
29,-0.8832131005032569,1.1165335807394539,-0.6026183667713418,0.9929136792573487,-0.5833726023852002,1.6909198919910255,-0.9856190225765404,2.4806922465401007,-1.472612953555993,1.6863116965924174,2.2524847139271413,-1.3175878432496324,-2.8136227829143063,1.803725109172746,0.5729270963342703,-4.394840782806986,-1.9415801986150312,0.7080984799114534,0.39478087195470213,-1.396677923288836,0.7991456531088597,-4.353686140327534,2.155747581334243,-5.743753677769828,1.5424398600077862,-3.8745338181595343,1.2899863656467043,-0.5828639452966797,3.128122825813999,1.282273130681638,-0.9547936098369556,1.853410083731267,2.1596867896301415,-0.9294693094265165,1.0124828682299123,0.05889504537581125,-0.6307669692140419,1.0033278984791147,-0.6454586308071644,1.9734869667580202,2.3554373703957863,1.5470374265114262,1.684185950777462,-0.3245677451267639,-0.09116444546580826,-3.6401156082674806,-0.8121236030725578,0.6038443286620669,1.1000476236950925,-0.27390205582207194
30,0.76495157244078,2.0108955100711507,-0.6281081212915174,1.2419790850514598,1.132984271523044,-1.5471445637609804,-0.3556250519661823,0.1165453459325203,0.9681849403728862,2.0201896698821518,-0.6022221678475637,-2.6910581140632397,-0.21141506112991681,0.031643362421363896,1.9809266495834095,-1.4829454096533725,1.6122227030567222,-1.5355014016195927,0.472395979527783,1.0296726972496648,1.319299728444273,-2.129322485002148,-2.512500266745821,1.3126617248009347,-0.6260119499769452,-1.1417894582834744,-2.4969318094206807,1.8115398934541553,-1.36289690719408,2.360392281436199,-1.977930179466024,0.9673351252753188,1.688144612162092,-0.35395945509732485,-0.7751563616820949,-0.5445724866447446,-0.7704414045711738,1.1541494484690737,-0.5569141823277475,-3.515654536243371,2.2763597245678335,-2.4477024931791487,2.603656789020918,-1.6429397374691481,-0.5751493424617351,3.117467448834322,0.9236207460067654,-0.9745560463392957,0.8822051100250343,-0.3409754261724771
31,1.9652890318158907,2.598966311595996,1.4303308084556714,0.4750230526057537,1.4460938939840795,-2.84986776357617,-0.38474413088023596,0.9050100915609169,-5.024400874234872,2.5441406989938735,-3.939596188775835,-7.1297674072023645,1.1953664304660965,1.2376577278955736,-1.0281258092626526,1.6641208567122892,2.8891877197563502,-3.9710020759582294,1.4546634007232084,-0.46883845414261316,-3.9494657258140213,1.9316532329209126,1.7624813560116777,-1.625647446412585,0.25827400688673485,2.152093668977696,-0.1749466820473149,0.4814997011660056,-0.6718440190099049,0.4552508011641807,-1.0339562435580048,-1.5532428513811087,1.3017988962104088,1.4827263503747234,3.746353583275346,1.7424097348690282,2.695415227202702,0.2921862638880155,-7.746476163119268,0.4514355504650043,-0.49144058095185894,1.6590717317884458,1.0542096145659343,0.9178382869261457,1.8519718952213284,-0.6322469746981696,1.4553258802411366,-0.33919427113669265,-1.0670539791046068,-1.415988165454566
32,1.7698588333679375,2.5809920226415315,2.590592397376855,3.688323452368107,0.805978752812015,2.7521391703546096,-2.9831764045413793,1.5290751539928493,1.8377674060448395,1.4122456688577496,1.696310863902812,-8.064497086137631,0.9954848814048045,1.22411180248513,-3.8792371757466695,1.2029170557922635,1.9675502845964083,-4.148487228294491,-0.3132691325337964,0.014274198732266541,0.31495181725668786,-1.363637879382516,-0.3576172825514785,-0.886937283557022,0.17568423495586938,0.8408147210384502,0.12193097227588989,1.1965571168174192,1.457796095168019,2.148967593451448,-0.4290178801225455,1.4554683195848503,0.653721407108395,-1.844582190663358,-4.674993915784454,-3.8424548709529907,1.1490269794771262,-1.715211933624622,1.2594410274810581,-1.7532106675445274,0.21983731510350157,-1.5866075905579056,0.6981561536888208,1.1032986574394936,-0.5294914392888215,-0.515279281786686,-0.4066471623916943,-2.1138843975423853,1.0935761477421178,1.4513902996856918
33,1.7523827445619342,-2.2166050262144674,0.736013164072129,-0.603613579980335,0.5212747151436039,1.6507056517882095,-1.0871876039492276,-0.8902506495643951,-0.43142127110768147,1.0038480611636276,2.023154907763392,-0.9945959568850258,1.6572530534537258,0.8162659782416162,-4.34439553167486,0.5296498033052108,1.2517658450026503,-0.6626036219703595,2.6260622511046483,-3.290249340397433,-0.8922527630712755,-1.005601124183599,-3.110701357026106,2.3184785540895865,-1.486632014644936,2.932669438548197,-4.842262099407166,-2.226371970736076,1.870787182989078,1.0516101790678345,0.3404488206571168,-2.40605475416203,-0.9533479718485074,-0.4619819110051093,2.164775242261479,2.8506684303236676,1.2650341906248346,1.0308145969339737,1.6330968348061354,2.367972831320114,0.8869154071856418,-1.8278804716727528,0.02265549497169328,0.5090036420284418,2.6204638020056668,-5.882383931161809,-3.2082523071469167,2.2847170694679124,0.4703823406597545,1.6357750242682707
34,0.14286918846722507,-5.785806730626192,2.293960840724411,1.3870220802668642,2.0958997215413944,0.3203390019023864,2.7035185981233387,-3.2258928498254127,0.6377300461519093,1.439809184836915,1.7630373623070645,0.24662289746277377,1.7937103695760759,2.5908308317436557,2.729030957130771,1.6879472608449042,-0.7767374932636901,1.1072596847994287,2.6903843979163886,0.4027975437401743,-2.404364811339952,-7.907244944789393,0.44177868143579957,-0.19362245707615156,-2.5841291919509715,-3.6493660668767864,0.6299324947155718,-1.32566307427214,-1.4488782549819916,-0.3188249773258711,2.4473227092288345,-1.2551020416931609,-0.009324922387574652,-0.23633538723421754,1.232043591293821,2.342043692322741,-5.789376964407501,1.8790932689501907,0.9278593418378582,0.7669577118001811,-0.2618449872682742,0.8144256122467715,0.9856172788982711,-2.790998500456749,3.0478397020366774,1.7845356972164046,1.3613151335750766,1.1441628718312309,-3.508481741549063,-2.365702357600033
35,1.7405895235726891,1.3589461356390893,1.9683183032026736,0.9721086992466157,-1.8205576651282005,-2.5677859717229667,0.3345551058205256,1.445332657533148,2.379724995437115,1.5173666098067096,-8.18206293105997,-0.4944698361562736,1.032133119159269,2.7279351422288287,-0.33405035214104384,-0.05368749357585223,1.2731745108018773,1.7452210738547884,0.13225030182113606,0.7198021322081569,0.36632240915647696,1.5246034344959623,-1.2308053642848105,-1.215693318209456,-0.8224943739034405,-0.6410614035999682,2.3805009140449895,-0.13564988177902926,3.2147074115851715,1.0249833058591875,-0.22957059126254098,-1.7972387580444522,-1.8896654504944266,-2.4966079882696564,-2.5438626506411257,-0.5782680463838705,-3.8973364404275213,1.383310161183271,2.3367711607881985,-0.7760217134608407,0.11914092357065798,-0.03868176124000211,-7.265111576975771,1.475729610521212,1.760457004118106,2.8024602667473957,1.5958857859832731,0.774435389820705,1.6585372556929587,-2.7546197751389982
36,2.900888138626444,0.5712133003017854,2.56735939578066,1.8847431681720117,2.1601497907463454,-2.0415258995075725,-0.7819989743741784,-0.39490007601015353,1.5862650496739565,1.1053296302282787,-8.432572455592918,1.176809939696846,0.253034347758466,-3.669600603858112,-4.996652640123513,-0.95683739581564,-0.01169922003640167,1.5234440431138716,1.4400416830447536,-0.18462597865836106,2.023420790055457,0.5242767465229798,0.4855460198852004,1.1678974463340586,-1.757834032142327,-0.9370336584628216,1.5363949461765025,0.6320325520510108,-3.379915081037015,1.2031804908254085,1.9419317031448418,2.1984481631267343,0.2569860486466631,-3.6924346904878265,-0.5073546800364861,1.7931435958011819,0.7730145706794129,1.8552694447233224,-1.6564847617522593,1.359031882921422,2.85398449726202,-3.9836644522145734,1.3197394374816809,0.7902743608648795,0.8186916202166143,-3.12896343447622,-1.686261216465252,0.3072563466181961,0.285820316174795,0.9047397843958409
37,1.4200658480970918,0.3113281034714106,-2.8513630928870803,-2.085874556995676,2.82419481702534,-4.8811704134839164,1.0634093223101688,0.7285771899638211,0.3026343054736289,-1.224129249153532,1.0791777817163992,0.6521956561834479,-0.2219238669097381,0.6543071564480156,0.2937580108802278,1.7421449357825143,0.47191063830564683,-1.703347200919227,0.2174530857801713,-0.09849756282745759,-1.4280539698972667,1.234688315420708,-1.6969951211269692,0.17613296769508846,0.7628043015844668,1.9397823926951911,1.814834168703439,2.0653654406945625,0.4401891490679892,2.4089231362266856,0.714330525148891,-6.144463516376934,0.39965209751765673,-3.442676565255292,-1.7424238665563232,-0.34893983660998185,-0.16833168961498757,-0.9839507976110324,-0.23075385176616248,1.6838721481342418,2.3377155129235643,-0.27913282041536647,-2.1463413793312007,-1.4814094401903688,-1.2618347241678416,2.2461103883048095,0.7522315546111802,0.5391007751579444,1.4148923478645155,1.729831448907512
38,1.0156509797601005,1.8053545799422732,1.5731484720617952,0.42317374937746344,3.370967263967618,1.8095481290198947,1.1356426625607856,0.4003652300081999,-1.984519748820757,-0.1455339469941288,1.5010818027077626,-2.192771368432502,1.1490104111940416,1.4518921778568545,-0.2016869028595938,-1.2360855422102022,-0.3776274495052512,-1.2797955925559155,-1.835926127057399,0.8806904444755883,-0.8091563957601746,1.0864637546119291,-0.7250640652255358,1.5875919434797647,-6.056449486691523,0.6362564692776029,1.583509845232129,1.7022487430495286,0.9023616366668223,1.2600870498547931,1.3249203395447697,0.846368770077869,-2.057797943335495,1.1507514408388242,-0.5256031180249847,-1.7853932364556266,1.253552511986452,-3.175215965117353,1.7453695990986362,1.5034732583912027,0.8964866302837473,2.4462289382087734,0.44946978802742166,-1.493800428289588,-6.498000893197586,-3.810521627107029,1.5464112638273515,-2.3628337898729805,-1.0870408609154874,1.202746603039051
39,-3.107431204291969,-0.6856881675505058,-1.282974612884379,1.9760065531910467,2.0138656510754678,1.013264035102515,-0.6338485589551963,-3.2110526034297378,-0.9889414239427232,0.14322463060570279,0.11051406297181376,2.7699067830080577,-0.046134037963185826,1.8093752816045514,-0.10117075136345033,-1.0301037203866503,2.5634842088146073,-2.7611994391176458,0.8971317907033978,0.9212263908189859,2.4136725704727855,0.34943977173613394,-3.483200831511339,1.529672261646089,-3.3890667426515924,-0.8950065433327863,-0.4004153436448261,0.8110554048284611,2.158922521513155,1.7055405536947355,2.2060283469328295,2.16570117424499,1.1334399430124447,1.302079200748108,0.12023939827887364,2.4321855362333022,-1.357210721878844,-1.4445425289875375,-2.8931922904148966,2.1454202234180375,1.1724265050979046,-0.43115182504869676,-0.4876863465125103,-2.0745728857277,-3.894423025781136,-0.5297109487420233,-3.872637324079977,1.4923946108445811,0.9760063904604488,0.6691380771402127
40,-0.9982745039926764,2.2227658096604435,0.7726935946304172,-2.730148098108537,0.3578585771506999,0.6971557172232536,-0.43908602648586026,-0.0016155049073445227,0.554191094814767,2.554473714047739,0.5175039361587555,1.0108363175904844,-0.9750132627918182,-2.536394949543075,2.337581054476731,-2.2726694331434727,-0.3994027363752908,-0.2375590807944059,1.9089198066027682,1.2198728451376155,-0.47334814985035667,-3.8855277190816224,-0.7304707270256019,-6.281287943346921,0.49415705165226154,-4.369450407156199,0.3155969843511812,0.9323279449117505,0.07782076366457868,-1.5415616966155126,0.940180362033114,0.4666109753663852,1.5628126166444143,1.0068022047795862,-0.9557789940731762,0.16171943157294422,0.716596377975784,-0.5913513756321782,-3.3420724022500234,2.2874665924372106,-0.3845964672644442,2.3776354888508138,1.485146028245821,0.6412118542573477,0.3842331221506008,1.1632858982341414,-1.3895380653647482,1.2829976756294017,2.1224662557767866,1.9622274477753843
41,-2.5888903882371954,0.7520667363390299,-0.7527043406142511,0.7770061199866065,2.690846290152283,-2.2648914183561795,-1.8446962007255996,1.054750286510921,-0.688896649255291,2.5367264070406055,-0.8320047530327814,0.47377924712789987,0.9354120666816446,0.74283260382912,1.2748978211972708,0.5974809918953854,-1.87020586087103,2.6107421509789375,0.3434477221696879,2.4472868906300613,0.7832304509198709,-0.3682127030310607,1.7925297509394245,-4.1213119659029145,2.0859671650570455,2.6096386080231477,0.9241674474634669,-1.3807611368410297,0.301094135198813,-2.7348136616365224,-3.4953467322459657,0.7735975740688819,-0.3287416735291435,2.2292314800144313,-0.15288395039503122,1.7706198199807694,-0.7511393402862288,0.3722874604233146,-2.5491829311234637,2.2921804353445796,1.194716745783254,1.1225248971213242,-0.7779522220624084,1.803416514940146,0.1245539526106425,2.615442818799754,-4.534950285534211,1.5327386858059082,-2.6998536798725503,-6.827773383481284
42,2.2444016213393074,0.7909128849479297,2.443891167121774,3.081178623005646,0.019828030919980755,1.5812596960316765,1.1474702645551247,2.1258028545371137,-0.7510202024870161,-2.08090719988933,0.5797341810603216,1.0451687676048151,1.3018233672823087,0.38550212589556665,0.8321945751918438,-3.4453018212343354,-0.7606571535310156,-0.6914069624142707,2.5195277374203817,-1.3357927227148192,2.2222483070915255,0.5420159862338636,-0.6366201402703764,-3.5931420159923144,0.3666244794668607,-0.7131579910029595,2.0870674382661334,-4.2613185665775015,1.1405923386748253,-0.4473335309904716,-0.510291207487044,-4.030261737478059,-0.07090180728083428,-0.3318973543030328,1.2450895071274175,0.9440492647741223,0.13615164529204105,1.7902123806583217,2.368694817371857,-0.04116743017797653,-1.8995354570256069,0.6353965669530748,0.6083010425497477,-2.8487751834582227,-2.1756858707487554,-3.8205038099741975,-1.0905078275938473,-0.18048737048092534,0.04485853747441659,1.486675154264896
43,1.2823367651829183,1.470882526520226,2.232844711750631,1.3588978406388192,-3.6491575769630513,1.9814858556948853,1.2600225813763783,1.8104717978576632,-0.24288901536309737,1.492458334599644,-0.11711666745747973,-0.024336166950683413,-0.03583203621474951,0.9204062887809643,2.0950651110483474,-2.7194646389196313,-0.47338885670758923,-1.957441295026923,-0.6679963715012516,-4.236686296303824,-1.233902861482381,1.692484218814469,0.4095062373529892,2.7971036637378264,-1.5820580581390198,1.7609343675751976,1.1076860767910226,-0.07985934224689828,-1.2420256614707705,0.6164387565061995,-0.23325196493356692,-0.817219707625406,1.574675681807137,-3.9707189440231767,-2.2567679091228063,-0.5987832561209698,-3.7212610219174804,-2.4443249377745637,0.7810900256335174,1.0094639406386046,1.3250108926917674,2.5177919684517223,1.1645762962125916,2.426433193711696,0.6515490136807864,1.371355878114239,0.04092711215882616,-2.6735287912891117,-1.7630114681590134,-0.4108762916156188
44,1.8669368784185223,0.9968064464623598,2.649758969694825,-1.8693343687435622,-5.3718363837003364,1.984764584347149,0.7919035024445273,-6.564537073262406,1.627617828441391,2.172838295278958,0.23074851593793344,-0.8969490233889665,-1.1566733359143715,1.5284411443792356,1.8124734448410775,0.7618838438760083,0.18497273548684934,1.0985350498301614,-2.177671032653099,1.9633756490559886,2.1237364286590013,-1.078970947870947,2.771764632156932,2.40623318397466,-3.084243059608675,2.697533645593012,-4.0099210368699785,3.1259486020391694,-1.3941154686574944,0.8607099015915258,-3.368873989290594,-0.09636833231307307,-1.981763143426548,3.390523096680969,0.8323927090953314,0.6551691728190008,0.8716634456581511,-1.8887064032339955,-0.7027521562606074,-8.05087611983312,1.148936757366326,0.2821433420863313,-0.8863217329465449,-4.001057296482894,2.276772504001739,2.914836633507694,0.9399069123475297,-0.9967879024942885,1.191595202225713,1.4168357486535204
45,1.9631978329747137,-5.942216575285472,-4.935293342767694,1.8478168361959737,-1.9254186106248623,2.837155885222532,0.2723676962703143,-2.012140596938078,-3.3474439869473747,0.0435885008205652,1.3001524585985775,2.7163662016227543,2.326819582083551,-5.9189638101217374,1.5528803705246395,0.704392435018331,2.307657707730917,0.6724449267873247,0.530135033313635,-0.13405172588196113,1.8866956304110953,2.423434202491349,2.1314147601650224,-2.3935780687550503,-2.9706341825142735,1.068958936030235,0.3725289117116457,2.18050063819924,-1.3878636646539038,-3.547072419141851,-1.0087418223327536,1.689444010302438,2.892464937272036,-0.2826062603393442,2.803534905449888,0.39164526406424294,-6.783004316169509,1.8162481006014985,2.7368360715439137,2.4939069331442627,-1.282897087027135,-7.71509603770066,1.6896349862990272,1.8706581423512083,0.0032996935795761573,-2.9177887946170538,-0.24558355195965653,2.1322406637627056,2.4295374751640195,2.6624351240711377
46,0.8423288381933856,-0.5131451138023024,0.36473834752805256,1.465433222168397,-0.7761590149157431,2.0754211500588724,1.1749149616713486,-2.051256734739355,1.114908406555931,1.958439256516019,0.3128111974132981,1.1230355330655923,0.6338451968527643,1.517520673789936,-3.107911193458307,-1.924496434495424,-0.1686485316703612,-7.111161357273476,-0.4916843963491573,0.472448589405869,-0.8771919280912055,-0.1727262891389456,-4.01999514583752,-1.5119116609218004,0.08607613473481202,-0.2044573546855819,-1.0804806725496379,1.9055117501777605,0.9049904313301163,-2.358718439128748,-2.5472656179074464,0.45017761564021885,1.6637775812647964,0.4620160540018805,-1.153296980117375,1.0447319447221939,1.7876093329748879,2.1276782691398597,1.0611827172047046,0.8463137187855825,-0.5682855131251872,-0.032931246546170634,-2.277759293134733,1.080312902638978,1.4939984775171657,1.8275217384983828,1.3946902490711537,-0.4396074004278532,0.6069560987146287,1.5896999286797566
47,1.4301715952724807,2.427162270860826,2.6752145372743024,1.0474957891049081,1.5280742592281817,-0.07861292238923578,1.9674445656249961,-2.5650212723396946,1.4656810287494189,-3.4001767570500663,-3.6992977229371435,-5.68791720585138,-0.21461115726293833,-1.5140244976697872,1.5179518132396455,2.0411160439067566,-4.535166392054484,-4.009798990324717,2.976501957258186,0.6996630232834482,2.6419035444400754,2.360810392010332,0.49123448474423004,-0.3380088071312599,2.350558038251998,0.5986821781161407,3.0391517793723484,-8.303611274092734,0.6562923084714898,2.4079835579840707,2.6735561662338707,0.9280756686749276,0.21882179976083993,-0.002229682240354691,-5.181515537753145,-0.05792476985415007,2.1751547257523947,-2.5860951082054884,2.5358422566518914,0.9496919313486663,1.2733147674971281,-3.345970950442614,1.5458811985959255,-6.775380247661636,3.0398865256160517,1.2524335791171417,0.22494805043127908,1.8407898868702577,-0.7169081643180206,0.030781735834657376
48,-0.5061575210223719,-0.7602406791157765,0.9261404968718141,-3.342969011616794,2.3373328236339423,3.1027966184874782,-6.176571200001537,-3.157272308225358,-0.13625304336000266,1.7513852340956895,1.022258545178257,-0.44763855418287424,-0.145514039082979,-7.0800328519164095,-4.4542527140546975,0.2811256961950823,-0.9040760839909661,-2.724477904941515,2.3050189994622725,0.24681252206794024,-1.1117016761685532,-1.4976155644290658,-0.6416817411678126,3.312616835795799,2.126175734181029,3.302405416284341,-0.132930731142749,-6.027386325225762,2.66459126142693,1.4652722657646837,0.29449303609843724,2.7782896354104083,-0.40245599690801814,1.2387345720108804,2.1090089078711687,-1.1085232955921143,2.9299962272339704,0.9009035589637238,-1.597262155719478,0.039540698347035,2.524983207854839,0.28831985788187,-0.21865118594562905,-0.9073863852583983,1.5806016867212587,2.123936508571799,1.7077774680977682,-0.7572203022822848,-0.4634400592884589,1.34119351613115
49,3.0156324293349344,-1.4205854500973114,0.8733477568622048,0.29310263910915246,0.8006903578609865,-0.3965076758446662,1.809032033694176,0.5356681737069691,-1.322748048409128,0.38664252154296275,-0.8506553639010699,-5.771503116321267,1.5667030540175455,-0.06270503222426882,3.050904186211073,1.777918618144906,-2.512619034194538,0.6964397445116601,1.9811182132816905,2.4246843415316497,-1.2814813014692739,0.8586460364720354,-0.5908214065579953,-0.6632780016590791,2.368752443020475,0.17496071387533352,2.4843472965067117,0.2637079425461666,-1.015299905022446,0.5300003090795071,2.0448914036420143,2.283707516765244,-0.7890505591740169,1.7226798525133358,-0.5074470596995546,1.8373168873723484,-6.107531845912745,0.16467116386266856,-1.2011587039568257,-0.7172146754690338,1.5083696967200737,1.0865197677238898,3.2071286060716964,-2.2100294634248483,-3.182004427969635,0.9192321448438401,-6.57167630339971,-1.466119020645495,1.9410722135518461,-3.9674516690241886
50,1.4614294327722215,1.705301415164473,1.4724441243096562,-1.0611598193528948,2.8352339907624025,1.306526738269668,1.6431722970445128,2.143815358401049,1.5917290087023503,-1.0888427105790113,-1.0951863867166667,-3.4455784665538722,-1.268850225611895,0.25394662895453557,2.215701423694971,-2.5458131366973467,-0.058551560266158376,0.9900738892521925,0.0662315571373604,2.1528242208534647,0.06725752635257543,-1.5124129398464872,1.226582844191741,0.11331994249978816,1.300746559154344,1.245622092496184,0.6684629563942135,0.44039311979449547,1.7994757080085604,-0.7874508396872342,-0.8992698957709715,-1.6993079034429712,-0.02377148833668663,1.5446409830133918,-2.067949570585477,-0.7165270502954559,-0.8931411384292334,1.5055105185895807,-0.6267848292780505,0.24073400132831413,-3.82704254430476,-1.9419098856900785,0.4495905173220729,-1.5155183546258018,1.5037117421224062,-1.3904757263421486,-2.8602766790932597,2.4543402714769176,-0.8515048102713765,-2.221492906285561
51,-2.396997663092792,-5.703490063305589,2.904774309452366,-2.839553014667004,3.4448983782317426,1.4871596332209864,0.6314935760428453,0.7320133190119797,0.9996610823772674,1.0132484603620284,0.4677073155597329,-5.858516038837777,-1.9660486219507103,0.10457185065049579,-1.1214237097454403,0.7147570898694351,-1.3476689387615313,-0.7792583306788661,1.5860992618898657,3.337523039449175,3.1805557756959364,-1.58835732465338,-0.8328131947457971,-5.326806318549087,2.4160836656193276,-2.052362158768112,0.0015883754966683483,0.4369313070532588,2.768505553036442,1.845625067925277,-7.155592852167409,0.8700404475027419,1.144898013026161,1.7933762371382258,1.7011796275477953,-1.838831965894772,-0.6362615339583444,-3.444078126473192,-1.8820924321647894,1.1248543787545318,-2.125123998356356,2.1825519290632935,0.8049207267659453,0.7004631716330412,2.03146526403661,2.3491668393175194,1.5014525663666864,0.886056269866593,1.5029068583648426,2.228746896442201
52,-1.3357949198988583,0.07080162161007397,2.854242206230373,2.9414339658776187,-0.6727019926899658,1.3380232442117386,-0.4438208404710773,-1.4888924512764419,-1.1550496688181902,1.4499807163391591,2.6531716085773174,0.5667854857242567,2.0821708424890395,-5.550208193228258,1.5228424607779898,1.8474091529168093,-2.5734277833442025,-1.2191730433982357,0.7557649286780155,2.2244662051603736,1.4393051005598587,1.6162529188790753,-2.293572884126638,2.060107065900435,1.6255304768612007,1.601600026622692,-3.8385599464184335,0.309280793469477,-2.0213149325775293,-2.9501354657483745,0.5191043564246369,1.633557528093883,-1.5990640993666432,2.331839221201005,-3.6777755264800955,-7.952538119035349,-3.767943868071878,1.8437257568794023,1.7812836430838725,1.6179286981504046,-0.8217165044452166,0.4593380926916595,1.3389051970845296,0.8739023806947932,-0.403612445845714,-1.2602260245340249,-1.676710457357646,3.0037216954834087,-0.24435043197309003,2.5841142084327178
53,1.3317868136116902,2.787430033943615,1.4584929170685026,2.5486083071137795,1.9790863693458474,1.6092741267705448,-0.8906055851542565,1.9489826782297204,1.564418834292991,1.5826216421459862,-2.615883845409443,-1.6793751489996716,1.9988768814301192,-4.33703684430914,-1.8093971446789618,-1.7379701748234853,-4.1264895578143195,-2.542615948183733,1.4473286702260615,-1.8659118929990326,1.64969697850526,2.986743159218107,-4.397812936542086,0.9315054489486005,-0.1492177074891856,-0.3710215263591472,1.8002243020932482,0.8899257394522495,-2.1136890370326187,1.6963783370882815,1.708519088206244,1.736439288630871,2.053461339776326,0.528147038985824,-0.4791084420389131,0.07132048084825371,-0.023676477178772082,-2.8034587250219527,-0.06735262723920599,-3.748078820815654,-0.8374717010319745,0.18860042132544397,1.3544787777819427,1.2520678736688344,1.1870834547452978,1.828756668790144,-1.4608334535620635,-0.18604823369410362,-1.0401034455651939,-2.83709639630092
54,0.7573533538288268,1.4904112081556349,2.589242879110704,-2.516108082747972,0.6524435043380468,0.011423829432370525,-2.5377724433240623,-1.6590398279342633,-2.7721147800561745,-0.5868045344326065,2.0862787636444744,1.8411687684568405,2.1647479321710987,2.706941343077437,-1.1559202050172726,-2.3082810723233367,1.6533307042692407,1.1031820978205253,1.1743421410919588,-0.66746755239972,-0.8059355970677586,1.4415339525646824,2.4247664076777973,2.3479219060718557,-1.5768020281264308,2.0593878671978683,2.6187765954357176,-0.887752312783455,0.0877511465303531,0.8386096374498839,0.262646797143959,-0.03928180489022015,1.609488028051668,-0.5401261583220878,1.8503453566507826,0.9696333009144862,0.3054463257390232,2.4835650634184643,0.7284880806313945,0.4868921136058084,-6.732391040092583,-4.238091108839576,-0.32249641370901294,-3.0381333437117295,2.10198013837495,-3.0661984696297697,-3.401116582391518,-1.2496288353434544,0.4119950276591249,-1.1586320773719248
55,2.4315254383676703,1.94405608406632,1.1806499935719343,2.1995454016039226,1.8222390943332445,-3.0630570513177204,-5.5983831566832585,2.1845646444012807,-6.598464140680983,-0.5894292302108797,0.47810121905163694,-1.182633860064069,-0.6229366551616158,-2.069313739935395,-4.50632903772517,0.7086554624348604,0.5937065428689685,0.12717488161971602,-0.3873950969518365,-2.052317285137744,2.185470985214525,1.4581522941492984,-1.220382000075884,-0.3233336402017297,-2.4743053456792685,2.613445459423696,1.8065446868532615,-1.7023485214255638,0.2133548921810764,-0.4003567423984915,0.667717690433717,1.5790672274088382,0.3353412438752361,-2.1662593560863757,-1.0356759204726336,1.5719035970526956,1.65949369833274,0.39508474169396557,1.159026111968302,2.1057982863672673,2.9783268912343823,-0.03202096078697725,2.376636634363153,-1.3273307563752805,-0.6706053846927675,2.200762628418346,1.706945377909555,1.519207819891823,0.4486038773881056,-4.628225024415817
56,0.33022217551697697,1.3489481487749657,2.099097116800278,0.6591206168448371,-1.493677698723408,-0.40685930000329673,0.750270194083309,-1.3500135630949206,1.4442674525100205,-1.8047227944314876,0.23748038840030095,-2.0304549344648812,-1.018202108534827,1.152039067872757,1.1005869165431745,1.7115107374593932,1.4959026480138808,-1.6611805351607174,1.6573362123345001,1.9388392750690278,2.458377357659371,-2.0152223662500868,-0.8343954216454383,-1.9177784912901492,1.3379068019525882,1.7553772608899099,-5.934403799069125,-0.5107692557777623,1.7237569229388252,-1.618224366145748,1.5375094967029246,-4.718713169307785,1.619502173211862,3.3723934112270086,-1.8470943059488576,0.83858093830246,-3.2220755000577768,-0.2167131845487109,-1.2626279953996251,-0.31630086464556495,-0.7665838356211285,-0.28218640576705667,-0.899657236350178,1.7571272553663198,0.7820723056038954,0.7680892813033546,0.817923540007782,-0.7764467453880695,1.122332184058251,1.0877339981786776
57,1.4102937982240613,0.2834244323516941,-3.9766425533434715,0.618895012176508,-0.7595820012879244,0.8317238479122464,0.788809792518772,-0.4494275803166152,2.043234613818839,1.2501952727585937,2.548989897598938,-3.833489773766293,-1.189227163482646,-3.1543329192884952,-2.244822375300652,-3.705662062241408,-1.232621727993175,-4.3659611144437145,0.43387460547390244,1.342278969444458,3.105997012041891,1.7924930382323745,0.380153090298295,1.9313226699043655,1.7382724418418087,1.7036974743084774,2.7158155224827745,1.3946141859926806,2.079211828951133,1.4164432322329943,-2.720331591861438,1.2894233841498939,-1.5758247330227562,-2.718372514773278,1.93658654376055,0.9309099423338854,1.0764453472972058,-0.7349164676090121,2.315760833750642,-2.157799536856702,-3.169188274643653,-1.6292033772331775,-0.5903678741688427,-2.6930999321065254,1.5524700726362561,0.8711466925889155,1.1867842745072394,0.9264623191972667,0.4421068757071902,0.5630365492458527
58,1.6852367316853227,2.102681743865098,0.6504434792937985,1.4066620433532293,-1.330301915731809,2.086550046171401,-2.167696317562382,-0.16114488744426048,-0.40870308743327133,2.202369104064901,-3.0063369510820204,1.577102901975179,2.7929405234392344,0.9515321417370055,-1.5394637341195336,-4.426542514419043,-2.5045434066305843,1.395961352398034,2.05997485651216,0.0404522050964049,-2.4791010186524645,-0.12353576623519569,2.260978335206853,1.9339160160857793,2.2083097781191365,-0.18355913574097382,0.0895485027779932,-0.4402288006506776,0.9041598975096434,-0.6309100961352572,-5.344883847329149,2.7421863370196555,-2.8516698178218185,0.07497113527710386,-0.42886864559451343,0.2796106331617896,0.07305431478151281,1.2460877734168632,1.2680675207607979,1.559092040920247,-8.234336710961692,2.500929181826684,0.6092651037231374,1.0825049359165222,-3.655615044412653,0.9645071620284007,1.5270509957990406,0.39534117858852014,1.4695001126475113,-2.2235463872016643
59,3.0546257915607087,0.6816514363309389,-0.5759130397468359,0.911145355672784,2.9252074246428132,1.4368413230248698,-0.3296282313594814,-1.8397754024166773,2.1072845663919715,-1.5755619183318172,-1.39602489630645,-1.1526289738825142,2.11066626267809,2.08484961909847,2.2905015108746443,-1.1378201256584575,-0.3279500150043937,-0.5025144009601155,1.7525847610351288,-0.039115555403131275,-3.549778670369193,1.5452319544016802,2.124296101306588,2.0758406455781926,-2.1423857448561057,-2.505727940053899,-1.5931217010593803,2.4284949712905273,3.04376269689209,-1.3082443782258437,3.2013642898737404,-0.3599617183831292,1.6819430127341208,-1.9566331567583894,0.9383107610156056,1.0978915587357196,-0.9481382537409688,2.50661874165279,1.5162793683853355,-1.4262719267714603,-2.6795049895010674,0.009925735940956137,-3.099466242559357,1.659346692751821,0.5253988823720306,-4.749513055139522,-1.642648965499803,-0.49897348995436275,-4.038492171501819,-2.3342685007973722
60,-1.6829498461029244,0.20289610326146246,-1.1372425697610975,1.820653419580979,0.6679760377515604,0.9710159857521385,-1.7813694608524777,-0.696851549393136,-0.06590811962827647,0.9091973914617362,-0.6480393322361335,-0.37750808962619065,-2.373442062681029,-1.82539265634382,-0.3725903436716047,0.7995595668744935,0.6602125284545775,-1.6338060135444517,1.7253543884625326,2.333185428495405,1.8817309483392637,-0.8535787551264233,2.028523636669382,0.9540959204007371,1.769032081501372,0.8156379825837385,0.008148633461125598,-5.268427952084321,-0.28667680293308706,-0.5498183911141856,-0.061241708115653104,1.2790704430965554,2.6915127113107573,-0.27072155194689973,-3.4820555497622125,-2.9450541998709747,2.080414906045225,0.3590306972508799,-1.7627884921084318,0.7110568108093984,-1.2016721648043118,0.7138609320280853,-0.45565142861179453,1.4004785331993141,2.0600385172119338,1.592135785479214,0.7790246612571883,-2.757043916287566,0.46544331387178506,0.8105435919961845
61,1.8336644764493943,2.0299092293296073,-0.03384985020118503,-0.38182418915093663,3.1824899824108397,-0.6381648787507732,2.188320528641296,1.1005081087550819,-2.8922700361831053,-3.5871070439710104,3.13512078649005,0.9292015610182958,1.902067202553571,-2.9700078326570702,-3.171873328161447,2.790869567361724,3.7975176275420464,-0.31068067556052803,1.6505777391876064,0.8322614302175246,1.2583488448002598,2.7429818608006857,1.2584366604433859,-4.624119625390468,-3.3982396261432983,0.22507290259095392,1.6076897118531956,3.19620556138154,1.3876228789233087,-2.4715188594302413,1.9643021067269006,2.45790323327758,-5.920750799589729,-1.5854832396367975,-2.5890591093692903,-2.154483038400598,-0.11813982011411817,-2.31350663880938,-1.5537498224464263,0.18221642347428268,2.3796129883539527,0.9721107308116173,-6.619039557594134,-1.0281769658211983,-5.758946293433456,2.9719143852942507,0.29607560011806644,2.0324042867712464,0.6700401938903715,3.1455446213465534
62,2.8906785936725177,1.7176908863547515,2.1186250140706853,0.9825755146058519,1.2700427739530955,2.692598450623398,0.08816661934688419,1.6692335817885628,-3.8570496846209075,1.459090742394539,1.024458732900234,3.4663259413703083,0.9979949713533758,0.568068905186335,2.2017312971265937,-3.7157248339332387,0.7948971219464855,-4.021863093151392,-0.8872643980980541,1.8279921421707508,-1.1533800771406062,0.9305288804989216,2.242728609450349,0.4236518539861871,-1.6971445263073939,-3.9708964050844866,-4.111546617261979,-3.015468015848885,-1.2764963544157277,1.9803607968262926,2.0628194030233926,-0.36392876572888433,-0.6835783761036449,1.1438410324012747,-2.6668586006873465,-2.0958284532126585,1.188834803731667,2.127539949001251,-1.4681366405480576,-1.8875480383550105,-0.49194055992090835,0.06459174009498891,0.0667854635041456,-1.5272934506262477,0.28044780087696974,1.3503273950353853,-4.6597247105647455,1.887372106242017,2.2716872255617293,-0.24001674748877022
63,1.5447832220722981,2.114762961005805,-0.18228327857639215,3.1620691305736566,0.5634510833506399,-4.526255155608387,0.71854045660782,-1.2639260852450125,1.9906661587553764,1.395826123841672,-1.5067838429522729,0.14286784122974883,-2.448083946356988,-2.8844090379676715,0.9867784970586504,-1.7102483997008573,1.744399091813511,2.317048179384373,2.4478398925280307,-0.8861010646800223,0.24903221744818094,1.7504534882819014,-1.3521332679050282,-0.13118332299346402,0.8318088190977946,-2.368038465912492,-0.3084586622279639,0.02470392184100234,2.1957927088511124,1.936133443950871,-4.409867681021995,1.5766654208781348,1.3183800093429916,2.615096950951461,-0.5847868501152682,0.3145889704668736,-0.539352007491777,-1.068769152667893,2.26619926911732,1.063963579925474,0.25113741108525645,2.9897270820331627,2.0973428842054793,-1.8370335259051425,1.1369251191831404,-6.729086800788217,-3.7770302708173897,-2.637558324966255,1.8849682980232632,-2.480563089004562
64,-1.631909953361629,0.9501842533957676,-5.1541463684560265,1.24933957333384,-0.016678257608066183,2.2365686507229756,0.7976267000598503,1.8415359165786334,-2.507936914881416,2.051149632827868,0.8304788949306721,1.1574514948432144,-0.9096888539428809,0.13776850678846309,0.07298538867822213,0.3393668936779308,1.311692816342748,1.056888623775491,-2.8592651011010295,1.5329418945251176,-0.21222764496347946,-0.974645552155434,-0.9981464523133301,0.2467901347569912,0.6089136619522302,2.830163249492918,1.1205094751238542,1.749616321657479,0.5009092594574076,-5.09263269149761,2.5106696894735996,-1.933546555288629,0.3097803087390929,-2.406367615191499,-2.6543631363871762,-0.9287820180184347,-1.7464410072117618,0.7267754374750091,1.4917837732411545,0.24395732613390742,0.7823670609110014,1.1713095469762234,1.5404909954889887,1.4426827966919222,2.696057271048006,1.275906788868296,-0.7976505837806576,-3.9518013070573863,-2.518692910105326,0.48026058535286875
65,-1.9219796571794516,2.166758800695202,-0.35271276945309893,-1.0945639064381405,-0.21954491590231306,0.1726782557851969,-0.3252343655612213,0.44344020880205637,2.7745791061939573,-0.9540419941989731,0.5428308628500442,0.6391480949668713,1.8896019709600456,1.0197859287392128,0.6355780671721609,0.8859666886388249,1.525181363821345,2.2711356669147373,0.3724989477889471,0.1503585743707534,-2.5809496744514853,-1.5048752085293042,-1.6164064800874822,-2.1658855433445376,1.4962811277550458,1.9502096942583602,-3.4722587075999227,-0.43093131388359307,1.9472433780806062,-0.3873916062932494,-0.10025225260381188,0.7937494445095012,2.131865465607325,-1.0469654745089105,1.1722646097992007,-2.1680894087416567,-3.7101041830719117,0.5042625852059297,0.14154277775164825,1.2737512839368086,2.4817477476236136,-3.474671279838339,-2.04743835273203,0.5101831329542366,-0.1731706867853875,0.9242655039099001,0.8312260224391936,-4.472597170832814,2.2411702791191126,0.3307593613877655
66,-0.733325429980451,1.5065455284513467,-0.08054188629848902,-0.03480147770587472,-8.528485057493423,-0.7704421959429704,2.0214899611808543,2.651398663844105,-1.4051747715324732,3.1204905999375145,1.1698893935286119,-1.663880087519221,2.5320291915796047,0.7449751114553989,-0.5982091835835108,-1.983265605045637,1.8599573954136424,2.9464038343130987,-2.080374303636213,-2.08069023251573,-2.054823878734231,1.6311121934635926,0.44996827332361367,-1.7084103426436936,0.3769206768517792,0.8665133029541048,0.37136002557744163,0.9514567274657422,-4.108396236184229,-0.01637374498137678,0.1471170544816447,-0.12438282390497513,0.09662436909066408,1.0361926614277452,-0.1679699569951394,1.7384201511274129,1.3798762451654598,-2.4007052579408548,1.7636740757449787,0.4251858517960132,-0.117173187668838,2.436156188432327,-1.0739770937863202,1.8572120016669849,-4.005927580261117,-1.2622964769772578,1.4165722608504328,-0.13144132319185342,-1.2279757893696157,2.861502184769494
67,1.61234986080877,-2.123369992582764,-1.540115852496811,-1.0632781762495407,1.7910098616662569,1.682974513047205,0.04289203746169612,1.1050288142760465,0.7922534492533675,-7.590719938587691,0.3174516329172006,0.4472758871129443,-0.0559515407659088,-0.17556316839597397,2.856162873831137,0.7004251027821082,-0.20378757183624874,0.5383257745413568,1.598778647912221,1.6348086133433162,1.0997531764882549,-1.4868059711033128,-0.24180742170507497,-4.80272233642693,1.3131163282496052,-0.8699334621645525,1.6229353570817069,0.3170336922379038,1.353454363368913,-0.5974155605951799,-2.558341624455033,1.290031077557193,1.907068998805205,2.144166891567476,-4.182391493787005,1.5225687943974453,-1.7210340861758606,3.1842288319534133,-2.878764507987113,1.2315942563614657,0.8686342590529978,-5.608957941479725,1.4606942990969856,2.072916961590652,-0.11386835560579822,-0.7097623264047064,1.1284442548659732,2.3239245822242305,-0.22231871075437404,-1.2133931542934508
68,1.663250402118933,-0.3551078215593533,-3.468331963308448,-1.0041716387818154,1.909361154751903,-0.6797017802127714,2.4346892374893283,0.8204312144466801,1.8707628249905435,-0.45482768613412006,-2.2365086766372224,-0.27642648237361733,-1.7998673520518826,1.5814448332744635,1.4870463034273467,1.9379502941726825,1.4454256164508372,0.23453328975197074,-0.280054594075164,-0.05690521562262951,0.46065407061403096,-3.2832739881782045,-4.138435950379287,2.812977119008647,1.8639083130278915,-0.04891393863649096,1.812433809460928,2.802811856227573,-1.012427155031438,0.8662704845898404,1.5040884969483757,1.452148447097628,-4.940610279371964,-1.628563415211599,-7.064161290379109,-0.3371950339168288,0.4837900924789249,1.3512085482938487,0.7138966233232722,0.4592429717749775,1.7016795293127114,2.397982671424111,-0.4103220772375904,2.7454324745917895,-7.539768867735545,2.5250554975756834,2.6016215894563346,-2.2420589718280715,-0.05281623221935661,-0.6296473551988058
69,-1.270434988440977,1.4620658922152234,-6.264159420458654,0.38145974108921976,0.8150239004013375,-1.3320579276363533,-1.6340701678557386,1.7127758357727858,0.3382280964989475,1.5161795602685353,2.5139958497456485,-0.03568399678629497,2.35563797683229,0.03210610648926693,2.165234721357035,-3.53715107732714,0.22006514398033516,-0.652403218275313,-3.978732491270682,0.12779475143538122,2.1098272704303342,1.800729015692795,0.560512552692435,-1.4070463131147237,-0.1492228550941439,0.8419163635026923,-2.67259636049661,1.3089176781733314,1.9164736064937462,0.4094150535732375,0.17031212683033825,0.14396202965584948,1.268959952395873,-0.28835802276194045,-2.9324503306494085,-1.4254687317642611,0.19138281287901915,1.3153395226486184,-1.504751884502225,1.9106079336806636,1.5816676015279345,-1.3308593354591594,-0.4640471638866055,-0.6982647431995863,0.4518226230604796,1.6075663763397863,1.1294309505737115,0.8548302371520133,-2.995635897539594,1.3591536431306208
70,-1.294627959146709,-0.933471219545658,-0.20795499405354612,1.7110536479913532,1.36007595659528,2.285706710727926,-6.265930512318041,0.36926240563677215,0.31463620516406543,0.4090891969800543,0.9507899370072792,1.5181061357649743,2.108267782842661,-0.15019659718157286,-1.1968393480529231,2.0685527772580365,-3.53757358243751,1.5810775035240323,1.1034371219114756,-0.6854858148304226,-0.7311653808378429,2.085832270314589,2.0707271641910614,1.4785442239302,-2.1269162226357885,-2.168362681235064,0.8540885194707464,-1.9189199085266901,1.986136244863998,2.189731681798592,-3.5798035831952237,0.6775384728831702,0.53780896467297,-2.151523657705276,0.024368661785425516,-1.160157755215752,2.3117367549716996,-1.1703218391951369,0.9014648098731568,-1.4936503729223682,2.579074705402821,1.3092874420358345,-0.235673494191583,-1.1337709779093714,-5.582161295386465,-0.2984010034969984,0.5991451534453489,2.718234509288068,2.3773645892756945,-2.4582313495873755
71,1.4221990159499849,0.009506471963315555,1.9766633597674188,-0.553491820520561,1.4359342980255527,-3.148103872850924,0.35790855029626556,1.1971940329543798,0.5165438626867944,-3.5250386916848617,-1.8178976152197963,-3.1595812999655335,-0.5406287364059592,2.2969469393616815,-2.976661466947027,1.2315924845320612,0.8792760384736495,0.23057115687244512,1.0753997701215599,0.9671377865572128,-0.23998952109260063,1.415106128475827,-3.622140116634017,0.8576268296733356,0.5465772323095299,-1.5030438911293738,0.5888512542437638,0.4091629307747624,2.062062881863391,0.8068112058601962,-0.6091236476193682,0.22016331334428862,2.4679065693788,0.304735831260996,-2.8749334097556405,2.112075643579822,-3.2987013330099844,-0.5868779221537075,2.1037334422903933,0.9038103852891339,1.4807654920578246,-2.7713592671638603,-1.280152004918893,0.20797706575415909,-0.8051484836782157,-1.6693864253031707,0.4723853169297314,1.5274348899975103,1.3008372868568872,1.5973620585507744
72,2.6071019891026674,2.3792023595713125,1.0702053048594102,1.4022086044512219,1.8401819755165234,-0.7388574059553807,-0.612116209740786,1.456715943567461,1.6143215090483691,-2.857963490647447,0.45193997429748745,-4.332532247925118,-2.7800864241589958,-0.18510154108720478,1.473230422938368,-0.21652564103034955,2.2346747865677457,0.6624147206847129,0.7713846747922286,2.4390373139512187,1.2596321170789562,-3.11524018176591,-3.0114709332178835,-3.243052198892749,-4.258476719324224,1.5812405425199958,2.1224244039001627,-1.2646275946477301,1.237409588769407,1.5037865123236327,0.5476991968292815,1.4942584693075935,-1.5433519291507105,1.188169834567216,-2.9436734683626975,0.499987565235382,0.7120971919111607,-0.9530778790919827,1.318260264550346,-2.2878869157932025,0.6076232707982694,-5.716217340544419,2.04998741516357,1.1588149716198783,-1.8227132645895336,-0.9390954396347828,-0.2949869769889135,1.0351848467958984,1.983072636123771,2.414785395706869
73,2.087980301288466,1.7904884729999777,1.2181328472398447,2.4324852980302873,-1.7200059082910668,-0.23607549843439113,-1.7620675115209146,0.893002023820844,1.1392431383044004,1.386053254486391,-0.10188918410574566,1.604572317474711,1.746783482614048,1.4913058778277195,1.993178322033736,1.8957558924455822,-0.8994912686027758,1.5136962115824453,-2.799214989710615,-0.8170766400551175,1.5243989411494474,-1.1510663805100272,-3.701764301935338,-0.6824308113454771,-1.739548203525695,2.107480793565741,-3.4824848676604034,-0.8186228574283394,-0.7069433261766571,-2.2681330991034736,1.0536461658976606,0.6212552114582284,1.0382076971403822,-0.813257450027459,-2.3342057225176944,1.271337833253853,-0.4032541561446532,0.7598085054182926,1.5508749192639777,-2.524139341570698,2.470582994333074,0.44136140754890896,-2.335072942391193,1.5659635699547039,-7.182758293752903,-0.43669266369617254,1.2942975809866777,1.4593566346897306,-0.09996301663465701,0.6649087403323382
74,-1.4177791789738148,-2.5712125603630334,0.5582445597275383,0.18681349551241233,1.2056359405506063,-0.1930128432270397,-2.1813801715073033,0.2955531411166943,0.4016126448372397,0.31509427710358295,0.9923279563460401,-0.6900044141741422,1.6849048427843183,1.416737502878124,-1.932877210038333,-3.6357283047650126,2.188607811418838,1.2866215927066613,-0.8109714270437864,0.08377608237113865,1.4599853200019335,1.1975521535248674,1.152799206052237,1.756008860103445,0.14605989405828712,-2.141531676155738,2.298189624637734,1.191543556397093,0.7732661550515036,1.413277206166291,0.8213611039999984,1.0775148117321782,-0.04068109668455033,-0.6936080317331648,1.1398149661181511,2.1955950046775707,0.5896204975838231,-3.1844270096493643,-2.080189883465594,2.655409852212781,-0.7970316604067857,1.7857117238849312,-1.5454824982516095,-2.4701565595304205,-0.4630154390474832,0.2175824050256816,-2.7271224638051743,1.5846734923496033,-5.639469988360161,1.1437867362511405
75,1.6130249144209245,-6.95921291591008,2.7659868887016565,-2.013088134785505,2.590403889563333,-0.42919720482595114,-2.8453177349399974,1.350695381902331,0.5713683751060357,0.2288651488145792,-3.3611434238167517,1.1424012915473396,-2.2064130558516606,2.949337378891611,2.1565075971455028,1.123608634605306,1.189949348315258,-2.027338025431998,2.378345150477707,-2.2556602551415335,1.2392126469094595,0.8313445643728317,1.8334159937635177,-2.1959469990572957,2.6212947006725704,2.7960807568074486,-2.8254161992281697,-1.223699535077838,0.17434241993835986,1.5650880659583435,1.6742164064961291,1.907596439095796,1.3513969541233068,0.37289364592694074,-1.8483279460884692,2.637195533310088,-0.2430956338141801,2.1918785861233667,0.37241829272322935,-0.09188219723951008,-1.262847760900482,1.8055320761321823,-5.432352036103571,-0.07088776076526493,-6.7571897768729885,3.4101904085495858,-4.794283685314025,0.3846359780559645,0.24411535010023133,1.369957462614237
76,-0.25845788763416166,-0.33134450806313787,-2.304990191663932,-0.5828717561920946,2.039950067797419,0.040243526209768454,0.6668487139452237,1.4926302545670969,1.518531761819844,1.0115647525852327,0.2774089099988011,1.4010944878558242,-0.44382118168744356,-0.46842512150817406,0.8327204620578348,0.878481477737993,0.8098780409214879,0.3014699261850824,2.5067432485195225,1.401335003945373,-0.9038650367375611,0.7241373687698198,-2.1119282350309856,-0.1422960406807201,0.8204166963681416,-0.6204577137673253,-0.4912359884809785,-2.8148388967348748,1.4897055495855,0.6405990169150577,-1.6813974928585385,-2.71649899956895,1.31770280013939,-0.5570430490777261,0.0635668681323116,-4.091358107092434,2.0714525059802495,-3.883269316993198,-0.13572659612169158,-3.5905904237881234,-1.5527882005476963,0.8839763305794861,1.6836931363430137,-2.364742076798904,1.4326882557616356,-1.1059265651031112,3.29810674188183,0.8845018412785697,1.3729076749394542,1.2915179653107676
77,-0.7518716973157087,2.0572368101679492,0.9078075356457296,0.7816246069540744,-0.724774895949766,0.767112975613081,-1.6664321872874925,1.480765832161369,2.153972577536683,1.3344765195064596,-0.26392709036921147,1.865076261296859,-2.9294899002953283,-3.795591748492474,-0.20660277792921722,-1.1783465847726289,2.330687337460616,0.48962678116949476,0.7989976952289695,-2.6891709388377407,-1.7489335037554792,-1.350804720392679,-5.48781580477037,1.910811070427736,-1.5092481989473345,-2.9387287278483516,1.0257814840477733,-0.1034553196500223,1.5388806181746193,-4.923873021453674,0.41738289119486094,0.16760950085618465,2.7938181030691123,1.8589046692032571,0.9340953893673261,-0.505226581904985,2.108841812917581,1.6584976871256183,-0.13411341616411754,-0.5443882291316076,-2.195797168677494,2.3679911343091025,-0.07881122493875736,-2.2321129948591034,0.05080376119640029,0.7349748441202859,1.6403135714942518,1.3697830393995578,0.615860127970989,1.797782096127532
78,-3.634181333737616,-2.4135941888016204,-2.0341336740833516,-0.6281357676395904,-0.3268831780867014,1.0338262434836047,2.4923564710360484,2.5199426403479506,1.2050172761066231,-0.8755797317441782,-0.5068206833302193,0.4903880839624888,-0.33238965628543227,1.0967218290749332,0.8214585041342994,1.192609208638396,-1.8092620988531198,0.3874826780522591,-0.1255249279046149,0.8023962798244098,0.6090986380011012,-3.9360637708997563,-0.36111410519014253,-0.0864965917593219,1.911754477927774,2.378538237215919,1.8306872022947038,1.3666094798708692,-5.481654182533844,2.363215136239614,-4.487717544190137,2.2420997734172667,0.6232129230619314,0.48985375301035816,0.3861837078341184,-1.9422783430582493,-2.8153318499426447,1.4898282393144608,-1.0964000428205383,1.9830667543702285,1.818783876340738,0.5592501342336833,-5.186854051106127,0.5234956242082847,-0.11213597003917464,1.464340415623135,1.0086741185552985,1.9532844557902913,0.4414279767134861,0.7069475533220739
79,2.148969649351707,2.1837605484775597,0.8313088058785345,2.2780951688834827,2.389638298977553,1.2098517208420398,0.9125442338730982,-1.074599915421576,1.1110373828755948,1.7768552055219429,-0.9573823588336179,-1.1672319177504447,-0.29059062633834465,1.6117562195377282,0.10531501872163496,2.17627459243842,-5.420023387172728,-0.4480128359849358,0.9758089628904845,2.102497465750592,0.6756969740327401,-0.2859622725047313,-0.8895960776454164,-5.928366396076976,1.7726689453421192,1.9933083762537307,-4.7672548131831025,-1.0834291975200223,-2.5711964316865963,1.3414405213136926,0.9400816339089646,1.3555407211412676,0.9712429810076904,-0.9834932699738124,-2.0531916719007155,1.8549762227579247,1.2729470018585092,0.1222263365346592,0.28830999552039316,0.7183563950254941,-0.9956445328998189,1.0123963036490378,-7.255934631462015,0.36136291832785616,0.25958192865843444,2.2029028379489723,-1.665446272481181,0.00827677264603821,-2.11920633103069,0.991532799918815
80,0.7917416294760198,1.1657637492850998,1.420381369282261,-2.8265680868529603,-1.0830822381640814,0.07386474971931367,-3.9123310873043877,1.0467907221158725,-3.4749008610992558,-1.9653245851896575,-2.4744440160099765,1.2722480656332493,3.2521111313229554,1.6184751389528538,-3.751931752217306,-2.2508654402488073,-0.940853590384056,0.7845433752270798,1.8770360503240413,1.0354975237669821,2.24610077629166,-1.9435076713325374,1.1490776356456367,2.4459159174448013,2.0583730939427545,0.44309349258969544,1.32123324580798,0.013969981591979597,0.03880179913939852,-1.6720576099633062,1.9511386578447976,-0.2667682119856858,0.9842497560091372,-8.566676943738655,-1.9208717510176143,-0.15552782839425738,2.202741116098309,1.7779483140001493,2.6854801026394624,1.862795093622153,-0.2578144980996049,1.2383676545096862,-0.11729330496044632,0.28245649662452266,2.1510349735957304,-1.2041049746459471,0.4453876083509263,-5.580841065775353,2.2454913099167064,2.4836549866127315
81,2.418803178394506,1.2828928708158625,1.5268468876519785,3.1140250788264723,2.7050116192242326,2.6732907159155803,-4.405044505318008,-0.5595698678248384,-0.11572681557736342,2.2671729704297867,-6.020438596873902,0.6810994645219388,1.8931766014632179,-3.2853447514481395,-0.1079379582056017,0.5823464982045365,-4.899661040951269,0.16767772396547098,0.8623855820304689,-0.4505877938176779,-0.734121959851092,2.399305643772592,-1.2130520225934198,-1.17909010979709,-2.487111922317733,2.011573128423285,-4.440769806935851,-1.8854135647687205,-2.498009434950122,2.2651693256037357,1.4865001852578983,0.22123404681862446,-1.9766620314095276,-0.9561120322057688,2.3632337681809705,3.4336289472418597,-0.2426662887785982,-0.2662607213056791,0.5926405350709238,-1.1872522453544985,1.6619931607938314,1.2496034734754708,1.457458222464079,-1.7368239951191153,-4.930021292743408,0.13066820797961043,-0.011140694208962465,2.0609281791762855,3.386344464881704,0.6938089717714719
82,1.1356221617907956,-3.6424473007129174,0.6776953174457141,1.1800609160975308,0.5038660874783476,2.1283498442825297,-0.3376012804984425,1.0248215772939462,1.688729550992886,2.514310787068857,-0.7046128449101845,-0.05820756516203929,2.1708516813621337,1.8950163372492703,-3.275687936285462,0.4388300358381594,-1.6397929164876928,0.6722530350437754,-0.2660811673144474,0.23547682132753245,2.238365750338898,0.5945554774974102,-0.1390104362704987,-0.1547468988874554,0.4804867528853274,2.976972887719866,-2.7680080495329573,-8.107311883692226,0.072565979039946,-1.3150276671061922,2.112469691888275,1.5931756165999293,0.017021746937520454,-1.1664362601972629,-0.0663007892286327,-0.13100848616630678,2.4940782034379616,1.2391018029711973,3.1614653410645497,-0.4860775751059325,1.780672588587953,-2.983446265142475,-2.0643493191512166,1.0067699112187176,1.3506100464416275,-0.910218698398964,-5.29823071590146,0.8286518569056058,-2.422535089102241,-0.275708661551187
83,0.1807979517366114,2.46370076893702,-4.15961522366696,-2.9622095470048686,1.3588166358675258,1.362498853576048,1.4530869596908507,2.06611963300409,0.1565253164075946,1.2576266742082587,-2.9009126492544928,0.520516031204374,1.1748184357550482,0.42661253404850985,1.3939822704718186,0.36350487823199984,-1.4768576774125934,-3.810787886822115,-2.721997453572297,1.7162209016532373,-4.938717967609921,-0.8565139819500383,-7.247839876440497,1.3928027458075247,1.9754413527016932,1.8106057392699029,2.2745429221508413,0.13563801328112035,1.4323274427078005,-0.8917332923352097,1.3143556068987254,-2.26224715711383,-4.453522301355606,-0.012825024341464264,0.6742942509728325,-1.3804786412097192,3.4454699468259595,-0.809286499940133,-0.8937837211177113,0.27761143003637656,1.4502314738492807,0.4776740180587389,1.98132930874893,-0.6477760621140742,2.243973692642391,1.1605822742877177,1.8156976898752837,2.496193736271196,1.317902509237339,-1.1443970351550954
84,-0.4979230744966294,2.60509119579809,2.1744528772578957,2.715205847808678,1.3165673290104505,-0.550098519638559,-0.9594865552627603,1.1773614402762895,1.5967692794248123,0.8951405040224323,-0.38031448450085215,1.8250135163961265,1.1309851115213885,-0.37248123563960966,-0.350670339377146,-3.0069081961826436,1.7483739660880913,0.7396404535804209,-2.0635660518464114,-0.1695949576579725,0.8910456578201451,-0.33839214367702386,-6.055265419361757,0.9119175807665325,2.6359660504854485,-0.37588796574463945,1.6444808457862727,0.024864950978384925,1.794348160867731,0.5552110622226554,0.7477102053382927,1.42752658198382,-1.7501370823481661,-0.14397008319623783,2.670432634426228,-1.9919341403606605,0.2954532110883692,-1.4974145327939121,-4.209222366778373,1.4077897514364848,0.5364272474136804,-0.8614856223491989,2.960939991256946,-3.325054780631203,1.1063562844169557,2.131505394030761,1.1739255399463837,-8.415598324505368,-3.7773462902429147,0.25224949514223116
85,-1.3530606164734333,2.4728789249875125,-4.464282654718968,1.7064610924175745,-0.18870808497581137,1.4246834243370285,0.516059189704249,1.5125829474530592,-2.6660514351032685,0.40307735108808007,1.0387070169917605,1.1145439404960227,1.6306426071027804,3.199528477767436,-0.09385257312996576,3.79845057716555,0.8873596666348824,0.6552885901037335,-3.9224337258398396,-7.328274623974611,-0.8288907926309967,-0.8045166440855063,-1.6994455588577644,0.9052282953430151,2.8015154065436256,1.5641705201274911,2.067959276121169,-7.9927528903803235,1.0378705630158391,-0.8337692477900971,-1.3687822708835622,-2.226840556656324,-4.235774327002224,1.4493349951774874,-0.4226348136783358,2.1005198510365886,2.6553780697927523,0.8553240081501903,2.3117303073036455,2.952992657470038,3.9219583041763517,1.382993503455392,0.4239438457828788,-0.9611456532883365,-0.2208150198661114,-5.511170434818284,-1.2254524458264164,1.148237545887036,2.0732224063334073,-1.6639889919864554
86,1.8986115390097438,2.0011346908823864,-0.6510656010275078,1.8341478672489115,0.09565042035703719,-6.593193571548529,0.9046307582542497,0.09895332150973069,1.958478030710456,0.3637359063947594,1.2602180442028543,-8.548008145785186,-0.4476499541423964,-1.313597739303792,1.7669264564380138,-3.0104955902741146,0.33958202585669994,0.9861994184579785,-2.3280479299594035,1.4446141172425948,-2.883451471625987,-0.37234321274210647,-0.08880579828765711,1.1386446740653309,2.217398438846484,-0.22380026567626565,-0.15981434632128355,0.8376329726033607,2.6491940797281077,1.1656100924074035,1.7861532330237848,0.5516753343628302,1.6948111006693987,-1.8136095027480055,-2.319405168547057,-0.5173590883262129,-6.050229948503029,3.250850738666557,2.120751684274135,2.0214557946351523,1.7173201706591308,-3.230024809740316,2.711964001807509,-0.35113546872520995,1.2103571784366691,-0.7666558129154826,1.009439788841414,-0.5523885656791929,0.2625788462390437,0.9223612660469964
87,0.21176503687141768,-0.16905124511181224,-7.624155651701817,2.490430142597402,1.4417564723982887,-1.9507070721065194,0.9567683844602595,1.376094938145545,2.306132610268738,-8.32946091516731,2.0127026916234945,1.1021801919052088,0.5049907599075221,0.9220095138500248,0.8670267520134551,2.330898086992674,1.0522477213345685,-3.5333650469698314,2.1113837066082706,-0.8135495872906118,2.2559016004308448,2.3034698909625138,2.1550160442605053,-2.792615157144801,-1.1354812430041754,0.7986941613238203,0.5415108464848171,-4.088177616370552,-1.298634640626033,0.4398117877783916,2.221018005784683,0.04764301717110442,0.15774777174622123,-1.775103029937008,0.8843309446592293,-2.904918163190774,0.4466046058183002,1.6603763028914127,-0.015489351786071026,-0.9599596947015101,-3.3989645829956663,1.3201606395310987,-2.271864004524925,2.2000090321354704,2.760203285291447,-2.2012959978428777,0.9692721744029633,1.2756898396278182,1.2078329714490117,1.9311130697458263
88,1.144695148187215,1.6702010091767683,-0.41689614641887207,-0.16527874984341562,1.8370683633908595,0.2907570691289969,-2.9007736146252237,1.8271034100957246,-0.6167686226195732,-0.19202376970034152,-1.491446409442708,-1.5691489410365058,0.6368831852856411,2.687569866024676,1.499619650543777,-2.9086622450853996,-1.0463475726113298,-6.433770155780553,1.4808605224960654,-0.364825990536783,0.4542238854027998,0.3642578381303494,2.278908700039271,2.229665146944592,-2.3513735256107298,-1.288612391172153,-0.06455098980394247,1.28661807234726,-1.1307122485764376,0.37092647840071447,0.7541028625592086,-0.04718825097267576,-2.818180296652298,0.7385510814694358,0.613673633742339,1.0702358209675635,-1.210656007124017,-0.7115716587402297,-0.8459234791729608,0.4733376821640327,0.5665182516639771,0.5579105560650408,1.8599573731628474,-1.2708670998330804,-2.5579161337423946,2.4085409237952824,1.4891487099759337,0.5815335891795401,0.9257139347233228,0.3049115340383546
89,2.8523961598820624,2.359494159572922,1.5316741269662004,0.06700225695003414,0.15781391571631787,0.5125020447352568,1.7962411335602675,0.22341373071714798,-1.0766472416436699,1.0640369894546238,-0.3401900042052288,2.6252218363221083,2.050704024236327,1.7618535274437317,-0.7279322686196688,0.4284474555571398,-1.3434997165062823,1.4944889920749396,0.8549068389545305,1.5927473932251708,-0.7541466818699787,-1.7202504719621023,0.1097813655176445,0.31034209535568813,2.1625684805982677,2.3520779291343143,-8.386092601959845,1.3134048341206772,-1.7171374446962906,-0.9327486487238703,0.19881685454640596,0.01093803812946259,0.015174360978861046,-0.3805792458723465,0.5643864550990703,-0.49998318603996506,-2.0527995867572475,-2.008841595397345,1.27248511555353,-0.3691847447925971,-1.4055356209084415,-1.524878512708896,1.4926207205366122,2.2445614101976594,-1.9002149532921573,-1.3366774583613168,0.3807106294978633,-5.629563373426813,0.8671023744754258,-0.5610118913662072
90,-0.3272600277559725,1.0762172630675866,1.7966577851232248,2.178248228832384,-1.7238189884034893,0.6194836407278617,0.37821529767439177,-1.0338838538653325,1.5378512255957895,-4.665801602430375,-0.0032345917247207367,0.09802798797813406,0.08137664606504025,0.991789064683342,-0.5322946558878803,-3.6647984405137892,-1.576412178301167,1.1457364532856822,2.3705215831622626,1.2496482865594998,1.319191676941323,0.6648047685320604,-8.477048553739284,-0.16579423208377442,1.8936114145054415,-0.4465911400551015,1.5539200669296935,0.6398853784144167,-5.0944832380112635,0.597377950997255,2.530872534536032,-1.8314050450833426,0.25298225462636736,1.745762614322477,0.2200489856098775,1.4925802132580102,1.1023288085561624,-0.3959690857948255,-0.6305840186998362,2.554490060005254,-2.1474871392219432,0.8027136869303462,2.17113777575139,-3.0845958197193886,2.609751655472585,0.079693294076014,-0.0704647701776322,-0.2473936685066649,-1.7012398876592068,2.06563433541506
91,2.2769447120857684,1.4702348130202565,0.8560656462202312,2.06697671193229,2.2081428100506266,0.22969347784139504,0.056054619311440845,-0.6855260276966417,2.8462311199131927,1.2815378713088714,-1.5671341028898658,2.171265902431806,-3.363100727037052,0.831540136270629,1.2349308457281793,1.9087406395898294,-4.522816176029856,0.4968013212952984,0.7536542448987378,1.1197769897276002,-0.7314451223672505,-1.0900015278008617,0.6624285487046899,-8.545283313986328,0.1713232544251051,2.141730397418867,2.155519069290385,2.2583411939423854,-0.14372691821316597,2.7327732162693823,-1.131655031645102,1.7248950527803708,1.7353249838137712,-5.56413578101397,1.7797201532714082,2.599777067121129,1.1567192722981083,-3.6948315408887833,-3.372819630105351,0.8449152189839388,-1.1526793008496057,1.6238106589368084,-2.0870121051133816,-2.62813386354504,-0.7468091272670216,1.85175934468989,-3.6151084529652024,-0.20246406045494325,-2.1798509755825988,1.7769044918795585
92,2.6364635389886626,-0.7372414804987573,1.9010064487322391,2.144999703148571,2.4409435352183326,-0.4291736405131603,-0.29306775732002954,-0.9738161057673143,0.856505633242568,1.209301350312344,-0.3827756990453741,-5.088246267927047,-3.4038073801917816,-0.6849213061168671,0.44143255038055607,1.0021548417033133,-0.9568893326541392,-4.093419436353185,0.7004887628934622,-0.2730024429499265,1.4049137353446501,-2.7112821218109158,1.0780303866475656,-0.21442734796432017,-0.4019992971561548,1.170687607474382,0.0756398859787124,1.3923469950866125,2.28104555000307,1.6003543742008848,-2.0789157848799906,-2.841019722323238,2.1098135154853646,1.249486128238393,-6.14368707270286,-0.349053120537258,-1.0461662993027083,1.7472902724004649,0.6850676634775956,0.8374402885727683,-1.296544573121718,0.790636534914305,-0.5473794669481231,-0.5633016358776484,0.966687821032679,1.2456127529535452,1.0308769002722369,2.2066715391992946,1.623477962006862,-1.3192389859469484
93,0.535921626934825,-1.8771894286476698,1.779547561447342,0.22478691911205484,1.6456262685414407,0.6947123412857881,0.21359569030433878,-1.9066817355123238,2.0272814792705773,1.995693056878674,1.2598098745845272,-0.04423731279871568,0.2477515806075754,-1.837160231096557,-0.6086524875198203,0.18740513126170555,-4.307558653949121,0.8065089564902248,3.0914781647671523,1.5422119776444125,1.1707863590907772,-2.219201166661006,-3.0083019854608413,0.8023318414776677,1.2902596411118097,-0.1262326882673115,-0.03920127327448952,2.4240166027293815,0.3303524534716935,-0.764333334026567,0.1145975253691498,0.25233662551528013,0.7965675154029288,-0.5106689574979333,-3.471413608966186,1.1642830350827884,1.8844851149331259,0.9471332116725875,-0.32128076488290525,0.6014623973143136,1.2631617985137549,0.4308216936437326,-1.1019738866241093,-1.5553362074383426,-1.9221261360176198,-4.964283413606607,-3.2418369887955745,0.8103108364018814,1.9809361618864734,1.3114968182957045
94,-4.445488453906442,0.009088427248124198,0.21993528673545715,1.2861904876598658,1.2979327564023557,1.3989149804089571,-4.182657683730165,1.1041246909676783,0.7658773977464328,-1.956266846737516,1.5312091505598846,0.5708747487627335,-0.2559220281987509,0.867594211676642,0.991738257498048,-3.063781242192265,0.9290872787485158,0.3863897824891174,-2.893041505389334,-0.02639942604150658,-2.192484161023117,1.8729216137954139,0.3754979272621739,0.5617853833145627,-1.2433731018509073,0.8380058727575896,-0.44842156029844293,-1.020319614673344,-2.2497526218402895,1.9311649351888631,-0.7977875786599613,2.296544568893511,0.6243758433157849,-2.2602185768990264,1.2861822460118586,2.5941626735245897,0.8849269230395427,-1.728995930302598,-2.1433807436947934,2.3156380633093248,1.350195282488209,-4.958065327128928,0.5269481135124616,0.2863844518652794,0.9644874697497237,0.9279450601208481,0.5427087794928358,3.1139178880217973,-0.4295740697016823,1.6431799197009385
95,2.8641919259448927,-0.48707693933634655,2.7833819643781115,1.4542701982344495,2.952885363462431,2.465407739887557,-1.5725558595576103,1.9085519986986377,-0.7324876374257983,-5.977787362690435,-4.964581482941917,1.5651094006014206,2.7422597456840183,0.8962224531369785,-0.14754146072473784,-3.6073910426376816,1.7459588755074318,-3.025997208939934,-2.1244419206607255,2.3277904952352,-3.133814714476854,-0.11393257471942686,-0.8367442751333654,3.4848011119478066,1.2928705554955053,-6.047237575792611,-0.18783348252312138,2.681469771759447,-1.6715657203008893,0.4834395102031497,1.7123002834917096,-0.22031552305385027,-7.404957527895238,-2.7660477430505885,0.9045060939836684,2.3930429922082275,1.8000644902629723,-4.02855347527572,2.3913585564969666,1.4119088710607723,0.35855880220876823,0.683939588905961,1.8721915608174409,-2.1648992829378564,1.4181497365408164,1.5993696158564168,0.6064450300436368,2.9360141132381363,2.139822649252924,-2.660520684470626
96,1.3543593077623202,-0.2673573352804448,-0.010123057421385973,1.0837285566653518,0.30832953918900774,3.0586370172201307,0.8629522979318285,0.18526529930541447,0.9048440851451582,1.0970728120212403,0.08135756704423613,0.6341194044625604,0.6287951826948008,0.40673396125176264,1.8480967005678623,0.20187025493707722,-3.4907295291269635,-4.658315652117509,1.6189509015424655,-1.153273204518661,-0.14400644998445689,-1.2978995727270144,3.0675510282351945,0.3122928310938953,2.0094998341442207,-0.1392555026035387,0.6220364187861245,3.0250368934531884,0.428400419841684,0.749632797714793,1.8726363771311214,-5.85443454349156,1.9633315934941757,2.1318955168135645,1.7043895680027736,0.711037689281663,2.1039895735974494,-0.5393074459730727,2.1514980340125223,0.3531163916555169,-3.328355188660944,-7.384255452483166,1.6269049729232936,-3.7091383414217285,-3.605082788582874,-1.7719104435024198,-1.3373171024799602,-2.525382188221273,0.12807533877882005,1.97970563189573
97,0.4062965583781226,0.16088926128692993,0.6507746207472502,1.3292002323771492,2.850781070809339,-3.541005233576948,1.372877050924839,-5.570352948016673,1.0434295447142974,-3.050575194532586,0.20445614950852153,-0.365271800982061,0.6971723174657356,1.6914542829762307,-1.0094314264506226,3.301263276200758,0.33635304260449583,-2.1169698309859966,-0.6261046904029497,-2.318785318436202,0.6987854187271987,0.6072594420760256,-8.05527230629044,1.0445957575628926,0.4038531245899666,2.11135534900392,0.4118113323409105,0.2422756836608011,1.3595801379027845,-0.24576426756515612,-1.8177099074307952,0.857590946262274,2.1992253246756515,-4.820685306467643,2.383265734843712,-1.2228932535628916,-2.638474390294891,1.0489886400289326,0.4349976719733428,2.585763238159699,0.907908048442926,-0.8978568522418842,1.3435408131507112,0.24233159563953333,2.808028334611447,1.2869317395168536,-0.9745243938111647,2.1954891716861913,0.048878141835014155,0.004274066364419404
98,1.6254129761507796,1.1622303208572484,2.377496521902641,1.773186067774104,2.0243801243908996,1.2484396027182445,1.3739586863975468,1.859542670973949,0.9420508893227906,1.639353604017606,0.1090045230409169,0.26754450302705557,2.016830805675696,-0.4339683324272139,-0.8145251071627131,1.1093893768116998,-3.2793756458221752,-1.014005034488453,-0.1973461777906671,-0.44043819616127156,2.1042997264387586,0.6242703560992027,-1.7172119485761081,-0.44715411459309706,1.6900130282611912,0.8795474836120416,-0.5304923070144687,-0.5270671860130305,1.7946371420860396,2.240736541921369,0.459323761452735,1.275263563858417,-1.3497820567296044,-0.17871439206559092,-2.4073743993720678,-0.5261512393101286,-0.5907133192107334,-6.64052208720359,0.003288104818643056,1.1758466859766332,0.9959810031069849,-0.0023295790158339713,-2.595427719058491,-4.930588915680906,0.11862048202968545,1.010194494011079,2.0671424483845064,-5.786691414245838,0.2880926692605952,-1.8461989924371478
99,1.4467877874175277,0.7581547546692597,0.9677135507248389,1.0086976842771715,-2.893553063353587,2.048322019951982,-0.29138543227261593,1.258604506981079,1.9668798750485053,2.5990869470219646,1.4682827783471217,1.1787882942263908,0.6227312455820933,2.8495993612947688,0.8317741144301545,-0.2097743384595967,-0.5727171029134812,2.019969447575629,2.079423570080483,0.2716794402694598,1.6682706051500387,-8.65173130265661,-0.7286006539686847,2.8346130781595025,-2.2878892173635768,1.4658401012819517,1.301888521853721,-0.5572347713848549,-3.169006458773123,-1.0026585038844926,-1.5782359866714213,-2.2111410950115173,-2.1359254499125893,1.3795442952571118,0.7872318403985386,0.9026314763939718,-3.125926779913649,2.177645253830314,1.1580577254667923,0.7172144715408049,-0.38386353662122197,-0.5979562690850493,2.147894976613509,0.6357828458438002,-0.03456035178232053,-6.3151809367073115,0.4641832081426509,-1.1892076884475618,-0.4601479123375265,-2.6205969263103253
100,2.251941072990788,0.8445617332733657,0.398192084312436,1.0111001896103495,0.8855059720632998,-1.775896274828341,-0.5803256285928162,-0.279491737087433,1.454272377696523,-2.274588634755821,1.4088593790489412,1.6069770638814793,-0.5392262776740884,0.44574701840773123,-0.6311866644311435,-0.8906160725993004,-0.5478854640140565,1.0113405196761924,1.8854331753144042,0.27981216579506807,0.3208204931815617,1.4244367449193818,-0.9408979636709933,0.9296956891404333,1.5786472467363741,0.6330153291934337,1.0680384491780859,-0.9698605774369167,-4.934429400664316,-1.943271866116702,-3.013909545364749,1.415131996569623,-0.6360324397598998,-1.1440233297705777,-1.9856482380825433,-0.6807985189865136,-0.7011244106004506,0.3572195555176094,1.091675881945037,1.0003817597228535,-1.008454807479029,-3.377766971894294,2.1980100511162233,-0.37874788973476736,1.1017712685916239,0.7385885634370704,0.07161756081140869,1.437056013855714,1.2814522661787233,-0.897118908621044
101,2.703933040869572,-1.2089824157076983,2.673535784236353,-3.8895525256091625,-2.278236634750801,2.0319302392133562,1.7350997668849373,0.2905197679936711,-6.3443989882355245,1.7597556823121483,2.396928860400091,2.871275481378926,1.7646465540769989,-2.1878067243281647,-0.00029420766008403376,2.219157438529085,2.193679180635428,0.9597059377454995,0.4497199351286998,1.787546669890964,-0.9821024379718288,1.8225725865145224,-0.6224870959325894,2.122419481723835,-1.821767173462681,-0.4189885524635093,0.7344467029252435,-1.9503914468781218,-2.1165708788903617,-5.799165207623589,-4.650053834222741,-1.8190170978780973,-0.20776398279714314,1.1440472938541522,2.6753292457378715,3.365685731920451,0.9064743616985131,-0.08434788168363738,0.9186321124020012,1.7152132427549782,1.8558707833959613,-1.0935203498239616,-0.7117332371704057,1.7898455221047818,-3.2687660590149106,1.6368449498162976,0.03901155020008673,-3.2047906656104717,-2.94091157430531,1.0378210676763642
102,2.790976788457186,0.9911307707692387,1.969160668508267,0.9912566919686396,2.2722119157278207,0.5815997730262472,-0.7084586066263476,0.730531722064458,1.8600331135302084,-0.4089919829474873,-0.12349099435287947,0.2493081650812048,0.8446961201115588,1.6173533622952285,-0.7738701732580449,-0.5889528840916132,-5.566366657093186,-1.4345429769839617,-0.45950370258151896,-0.7499251036214751,-0.937310433082442,0.5030431830220641,0.1163723381000743,-0.2918070262167678,1.6935326972988167,1.38374077237467,-0.8904930111959715,1.2980395832012617,0.8712741406165225,-0.5630324390665402,2.4556436981268424,0.9690333436782916,0.2693331323043049,2.4945771356652076,0.5512124140482388,2.2348951699629653,-5.103983335542699,1.603580239110292,-4.8982590811969775,-5.653390326707326,1.8096994704146723,-1.1741059109760972,-4.503188839803212,0.42660117370285544,0.6629078818647116,1.1577202864741003,1.2946303151660663,-3.5360968321818103,1.7204096914697806,-0.048735440615438996
103,2.79992142307654,3.1058780818981564,-0.37505383252734426,1.7187559756002293,2.0272383127655567,3.098273108873999,0.0023695478259551095,-0.444424903020761,1.5995445166044289,0.2777673617325833,1.1356540420405952,0.8850227588873381,1.7099588906391374,1.4713904679758367,1.899693678906972,-2.0065254411790834,-1.6466035506740244,0.4506889740369582,-1.870788868574845,-2.3022765783990398,-1.9565597211737025,0.42447794504661474,-3.521259547234231,-1.568913601239922,-3.232124718500166,1.5232703914157906,-1.5132191127500683,0.27669742299028144,0.03083477636181886,-0.5394881486193359,-5.177155198318485,-0.13377734039209788,1.5170243871227793,0.15501421928105152,2.5859014434126606,0.9112581972602438,-0.9639236732573986,0.8204565007689784,-1.5246140121637621,0.299739333698966,0.5354131405878251,0.9700363389566418,0.8050191615825488,-3.418125763193342,1.6691988641949096,-0.6453565961563754,-4.120562835528763,1.4767393610437618,-1.144336321842112,1.9218511401556602
104,1.2884891982318827,-0.028845935174708792,-3.555092009296631,0.44976737601034333,-0.5043403063064948,2.7928943840517615,0.5405012700306022,-2.2423304726239657,0.17639821694047164,0.41191709721424274,-1.2478739352464112,1.9783796653236516,-0.5508680220383653,1.9117380602182283,-3.7842474490837823,3.539405891762545,0.8385839478014674,3.1240014235724196,-0.6524363202402164,-1.1171386890641601,1.7977694062259082,2.002900763618175,-0.9697515668728371,-1.6939177044195954,1.685581715758325,2.5472878953377487,0.7619821557851179,-4.138042256647104,0.12305276418073241,-0.6117604883671612,0.6834399665395186,-3.2473342153561138,-1.088672210114674,-1.5199863753604728,-0.5372203008229715,3.355563584741125,-0.8211726781723003,-3.903991083963767,-0.38527119619648964,-0.5793280346672747,3.859847631446925,2.433818863923104,1.1214489534681356,-4.2515269276587695,1.7757894478450855,0.9611301022598084,1.3161870473430328,0.6535997782737564,-0.5048168977405396,-4.195511532469226
105,-0.09681186282632392,0.5885373266302949,2.2253925299307284,2.2251460260637526,2.6335023105588626,3.5251426785422044,0.46765429999600894,-7.755778783449438,0.03382984325725502,-1.4306175294604007,1.8163787348092133,-0.4057851631778995,-4.54303839390545,1.2383932328662874,0.38844312637443235,3.3416218220456453,-2.111715391828337,2.0034152301962753,-0.32077178545845353,2.1296597741022536,-2.221288882725341,1.038477599962957,1.7547756535744372,2.6412689942907304,1.0734107607983745,1.8772738043003505,1.5908148178111978,1.5455606770476966,-5.335112623904276,-0.877246394559628,2.840781451152217,-0.24367087234148155,0.751415760994746,1.9029929556588425,-3.1982129392812446,2.5165528595344333,-1.8143228337934136,-0.6999695455189459,0.402486258912937,-3.305738934544763,0.2762160729108887,-6.201136688141297,-8.117681756119786,0.9077058230385147,-1.2405181453923744,-0.8172216414741529,0.31770005904323284,2.2568710974389625,2.1566606592367745,2.268557926822531
106,0.9391380835583902,-1.960394536099189,0.4274882069755721,-0.06021670886954844,1.8552337955867966,2.204940992245268,1.9837388966681702,2.1313292560804595,-0.9354917722878957,-0.6497243768220127,-5.374155192038305,1.9925523595657983,0.460238402359912,3.081674848758024,2.38963145370839,-1.8166911655440332,-2.0445257685722584,2.4620182366984267,2.272662413551427,1.2468345652412474,-0.6624453268964166,-1.1947219954025474,1.3893029681763185,2.133483376455992,-1.2864938634628924,0.22804428608399707,2.226873044186734,-8.37129091578022,1.132313972935039,1.43145217005068,1.9348964881637984,-4.1243074349471645,-0.1917072284740664,1.4161491252567648,-2.365216608364536,1.9492858879983443,-4.105165515246762,1.1636282934181335,0.2905564024912666,2.0488489435298853,-8.30860751631098,1.1560387626188113,-4.1166428498925765,2.0531331067233345,-1.2597748583814425,3.077830098948319,0.7476899310684466,-1.4597187674062706,1.45983842726644,1.000445604429033
107,-1.0166030498232246,2.5818934172911066,-0.0795333118309367,-0.07666170647776216,0.5644645294685242,0.4978730782607146,1.9996110610910223,2.1456830075504767,-0.5853844084061022,1.4923720653235675,-2.9267372345108935,1.6102921908128747,-8.170325728936804,-6.500890265504987,0.750344566435774,0.10433991134035292,0.41423468762378945,2.085170698944729,-0.10287618767745155,1.9216254326789541,-3.0668557210307537,1.644321945787187,0.6393142425863276,-0.8673736852430896,0.8943928047510203,0.9396049082618676,2.575366585730933,0.05634202820382317,-0.24985834258608985,-2.415232061609605,0.9629766290753485,1.5491899810098193,-2.6476661071825385,1.0544879497487845,-3.948784193622661,0.390255275152783,2.249264166667815,2.49013194540064,0.7282872324260712,-3.4600996793928065,0.44977684928141315,-0.48995513610931773,0.23062363762467708,0.45633621057344875,3.7589726113091286,-1.3894660164952004,0.6120969286798976,0.1113872622523111,1.0163559573063212,-0.9830869622112139
108,2.3742018917320693,2.087586850466855,2.3683780005828488,-0.9821482030094115,1.8287900294477923,0.5378842438233571,-3.0823533367020994,0.8427913140919872,2.2027333910528673,-0.6989746327392536,1.269625154030141,1.0494755339881774,-0.5125901590455886,1.557099902057387,-5.20740084081537,-1.0598328040476739,1.4378620312157646,-1.1486427261831151,0.7697766914142727,1.9533967364559444,-0.2542529133468898,1.9881418047102488,2.284155644283555,-5.748998537855598,-0.7241823942297927,0.27202491344022395,1.6964987996237553,-7.008672061894376,2.8674587360986643,0.6733086773871877,-2.5453231917856955,-0.6433123765832658,-0.8427186075536781,1.9422960975996393,1.0184374029083223,-1.3346233488834747,0.8946775122169646,-1.6839312945848208,-0.002952561041862367,0.4168228468405504,1.797332018211919,0.19952417703332515,-0.3499387899284816,1.4710905114691477,-1.6073487333950602,1.7025620850785743,-6.148570139390666,2.1183280449591817,1.541783765662092,-1.5772771548666222
109,1.2987844266200113,1.4438075166139246,2.1938110578453167,1.2848802269408255,2.274267431505824,0.48217789398941147,0.4511901534985743,-1.9649743368993873,-1.8401699521381572,-0.03962404100469552,-2.3987583391389604,-0.22725083328622642,-0.17287157639231587,-0.8812648505653362,-1.4632517844512511,-2.133827122620005,-0.8218365289604561,0.9165138487534308,0.11749370031947759,0.921291561670297,0.23539907846398922,0.3666693843523836,1.2176241291547476,1.3239433867469965,-2.645851000259472,-2.014538308703642,-0.1662031948373448,-0.9607561320695517,1.8847220730171945,-1.5739669834427792,-0.8261028782713833,1.3975095817611596,-1.4172723894603392,-0.30434727879182244,-3.0556108541496974,-0.14458026171455884,1.2615995475298152,1.732610340902378,0.09483240851461172,-0.7484302606018112,2.0192548654473015,-0.8303345423897062,0.834825029486264,-0.8102396255804196,-1.1040736631148134,1.1480574748077856,0.2927131773410441,1.7295592442073717,-0.6758915642622734,2.298490763616315
110,1.6965707417079399,2.486824126207794,2.4722518521532133,2.4074034358809993,1.5136455866966791,0.7475732548485041,-0.14769070031568265,0.5623065271607732,-1.234961176518329,0.357445772295371,2.010950431984077,1.0447854242186803,-1.6464330840462207,0.9586008947638227,0.11346752925972581,1.3116956826684643,1.478864776329531,-1.8084112899852869,-0.8547163251792327,1.540794287847608,1.5188774090847783,-1.3566281257043444,1.0179623136394174,1.7476373329075963,-2.0698249284795383,0.461311437866871,-2.9510798823560505,1.440325779126744,0.7038158861703865,-5.113174537637032,1.126511378920021,1.3370047829510474,-4.395402937594384,2.143199143309379,-0.2152368741171209,-2.1422751337066384,0.5522498652711878,-0.26253995054567447,-1.0539765413802762,-2.064658027962203,-0.05291622289802689,2.129138261258377,0.2496469594654318,1.7754570356344255,-4.4405244959405765,-0.8780604950240605,-0.23308550853328303,1.2895467575354185,-6.590909282801346,1.3166408535610876
111,-0.4216799890940637,1.8863553724231847,2.680453582041335,2.5994395631580844,1.9080952699298908,-0.13136340634099053,-1.1396044168581065,1.6251246088812654,-1.229948651530914,-0.2429610743041115,-0.6156108673593241,1.240848690110346,2.298633295804131,-4.357879257931261,-0.37469601544578257,1.6821428087663954,0.18572839764391524,-1.052309985533637,-0.4671952236079928,-0.3473369599832674,2.095840784931235,2.1957914720872043,2.0247488524510913,1.6465399317592646,-1.3314676351560166,-0.1495519515097623,0.5638633410997498,-0.3258543692090097,1.3998724453016167,-0.4354706222563891,0.9836718382272829,-1.8733849053887246,-1.421878873303875,-0.46213698716203666,-2.323728201650016,-1.2532439054815603,-1.7025912324085049,-1.0465989141402332,-0.3448803668831477,0.1177843140943029,-0.8542908277952028,-1.3556149429271427,1.3713641840875201,0.2077684059112146,-3.6785036240243443,-1.172348666707144,-0.45160044191811544,0.24517031025136404,1.362867978212912,0.24162686873732753
112,2.1356598273210974,1.755526532344558,1.186348178213989,2.4866116662505875,1.589793935331433,1.2894728691000465,1.6354559444283594,0.3990184256914002,-3.168055953573223,1.307588912538792,1.1960697390414552,2.5972593986177177,-0.9052689118131436,-0.5293849938255972,2.468661839759248,0.9894643295776984,-0.5860087444734488,0.00442383410753866,-0.2920299448989052,-8.05283259937202,0.7729897965541133,0.2548214617286009,1.1880941710231263,-1.2315054236883345,-0.38104703704886855,1.6174829434141351,0.5968137864008929,-2.238984383849843,1.0135181541318272,1.8042260715056364,1.1707689642495351,-2.103081977503832,-5.440401814064511,-0.8642069679408424,0.2886860553729367,0.13273118672364426,-3.4356318782388335,-0.950010476743933,0.4797633858589663,-5.398409560977077,0.19038363231476563,1.3144170737787872,1.3255741291014576,0.4064957882948459,1.1533056415147778,0.04111540716242157,-1.1709649114972862,1.986678174652042,1.3553812698304641,-1.3867769464272621
113,3.320677782383261,-0.7528195312315296,3.0265941727095687,2.0260020449320013,2.722622077082503,2.7851014716489213,2.1125730483543985,-1.1325197439805228,1.0764872295654202,0.06271124951676121,-1.7768620696869606,1.0004835169991413,-0.13668765824256024,1.5137870055354976,0.4118983031550192,-3.6614434079680507,2.1453529726388,2.2328203506201545,0.3923568148580756,0.011416627509082566,0.07615541053283614,-1.3401964747010053,0.9028381495895728,-2.066006233967533,0.9070671452272512,0.3915582834634881,0.28546319889269256,1.6709877865523834,-0.7125883423383259,-0.02774099184383161,-1.0766895017388052,-2.73664664463983,2.3414413772377407,-2.053869242368167,-4.170385789201854,1.0693497897690714,0.7142279782271039,-3.0588359974493997,0.6522060364165654,-0.26811447001595745,1.8829469065544449,2.634465878935859,1.0044726981993737,-0.6981843187730217,-5.5289733301556865,0.6330715624428453,-3.670102065708871,-7.9013361510874525,2.5540580240057307,0.2088070715438599
114,2.5426129980493557,1.1629797701440916,1.1063987853143171,3.502245628125689,-0.23410311325786815,-3.189410488450571,-1.834256275221482,-1.5211464453636685,0.44398529545919097,0.8290016790823511,0.24815828334896217,-0.35773014535584746,0.46502660134498974,-0.018774176717469615,-0.05215907079647408,-0.8201881287820543,0.7172857691255645,-4.996518236918897,1.7147826210275898,1.033432890362287,-1.9222145679962166,-2.062845062081535,0.690966296468825,0.08132904270801777,-0.6600626274733692,-0.31253550932363794,-0.6414102774248249,0.8854880036973336,0.6114642661333711,0.7765661273948332,-0.29291624063745747,1.7648487171716796,0.2597769725253025,0.1755458594592625,1.0689862184266055,0.565854432834433,-1.3783119525509013,-1.4745491518863627,1.4320191343688844,-1.020616625351109,-3.4935784874926004,1.681881432656045,1.0341589670588736,-2.4276629382560735,2.818501882666022,2.232853408050164,0.7751933435699243,-0.505258089432572,0.9185049118556821,-2.3236017276586924
115,0.7795832176427471,-0.002209680060251351,-1.052027097412612,-0.703254528029273,-1.1946742816795926,-1.7924270483650737,-0.9448445669053509,-0.845223459651427,-0.8189328818129882,1.3593616625986575,-0.4425705366484678,-0.9782474280698281,2.23869083157261,-4.120889873757179,-1.30407235019708,-2.861656422207834,-0.028334024498785304,0.160172490292684,-0.2731557102920643,-3.128418979039794,1.467982909239999,-1.8689763237366215,-0.9025013010467227,0.09949072823507255,-2.0314372395893816,1.0132017851180826,-0.531401424404935,2.9513386049198416,2.2905780744727293,1.8386852530426077,1.2873748312489912,0.2816808304202798,1.1390733174293532,-0.2832548953212086,0.6022176994223347,-0.2140212915679296,1.610677295532906,0.5696001657153849,-1.2353483668922243,1.9686539270912862,0.7959156434446109,-0.3845309474813545,-0.978508565154506,2.103684141894482,0.4864966443532328,-0.6313113835665014,1.2138853775323355,1.7697180313807714,0.6899811030507426,0.83418604173717
116,3.0430249078871587,1.2428948872627426,1.6838332735444874,0.13787903865780216,2.6950010673445957,-0.3786826236783156,1.0616466407332288,-0.13616695301223203,-1.9162647586314456,-6.067247069835035,2.398093386000796,-0.7167793349675886,-4.929422325611086,0.4337034469772778,1.0080447078540633,-2.05472570272972,1.4409691743869413,1.0865711481159113,0.017762091558188864,0.4603140362742826,-0.3973938073101593,1.3414712066916787,0.13730521140681784,0.7636545525135086,0.8895574095275389,1.4470811962125385,1.819601033091026,-1.300819633377313,1.0528176217545075,-3.018659423640343,1.292967294669987,1.6109149972366468,0.6124841758375839,-0.2426462923550199,0.17342764392328913,0.5696448997404415,-1.2293374108682693,1.2751795150668341,-5.207123338916078,0.7848431552399902,1.7302607470375984,0.5021929307401596,-5.442188671172803,-4.120680639478047,1.8096016106117596,1.2180125370918167,0.5416998892586706,0.47186145533680346,-1.3166100476185578,1.7204311436153938
117,0.6615061984589419,1.3734211519245463,-0.19981383774903883,0.2775166946372538,1.0729024219501548,-1.7676537219305173,0.5184164741010227,0.17204098736920326,2.014317312822174,-1.734046892917779,-0.4105554301125851,0.9468909192574828,-2.429903370126177,-2.2838298031065234,-3.322903935302544,-4.665412515495334,0.7585383584875567,-0.17485553295957512,-1.7371106858130654,0.17433152583634914,0.2707566393161036,0.11860073286746342,1.2166969917606418,1.8512311302124198,1.3513141100567405,-7.026814479675163,-0.8255976824288815,1.261378910286742,-0.611545888567596,0.6282307205379265,0.9772247834103034,-0.09958470451703683,2.311816916507783,-0.7230515639597579,1.3189677736506389,1.2896086620033116,2.330319437466459,1.8576416047981685,0.8295054516035636,1.9522026950103823,1.005814602946716,1.1978203765995734,-1.8654355191253167,1.8672012345041327,0.5991224974711242,-1.4134259721995592,2.6289807540412564,-3.1729678819913465,0.7583884305276136,-1.1281970824459187
118,-1.7011205195091677,2.242594567604888,-2.548501477761084,2.489341562201744,0.13916325147354858,0.30721377097726243,2.421411062475454,-0.2131565760723939,3.095361681882929,1.4555671435079605,2.0621423509233097,0.8474158999874071,0.9365304374414984,1.4365966741742513,-0.17541795157927886,-0.04472687341367099,1.8901220391635571,0.1930566941870815,1.6439883990786797,1.922774928485127,-1.7731314016956556,-1.3911092123489155,2.2501475620723848,-2.9119437669541908,-1.6582286643329933,1.5483998745403853,-0.8921469498747916,-3.4694920555822035,-2.296011916418676,-1.3345960836987754,1.3211797979915185,-1.5124440590026493,0.5431255400777415,0.2609490849642393,0.2879489821388175,0.9558856643775071,0.2768389894923473,-1.3781689996143687,-5.10310949599748,0.9453517093083947,2.0134241779173885,-0.1380309566441058,2.5271800064851293,1.7451552460416924,-5.008664587653242,0.9233013756780961,-4.30139262683343,-1.1720683015940194,0.7352089312313383,-0.39391492930063965
119,2.654184777487387,2.1968390080551,2.3678230883486857,3.1891860039642883,2.943767222779913,0.41412834127911236,1.4548697582875683,-2.323167290577338,-3.730719690288942,1.9886271399019395,-7.316361955219446,1.228414834074817,-1.0675907337733364,2.8298201682786357,-2.3107385130066147,0.27472979489141736,-2.9732064541940604,1.4417764323916735,0.28045612780328266,-0.4147138672353332,-3.2279592457521877,2.051894986852531,-1.4791985914037822,0.28203731399646603,1.5286848780856124,-0.728864649260581,-3.719846947027862,2.2763735353492165,-0.19131285878174964,1.3233769334937677,-0.7201598750180445,0.062282016563512066,-1.1778561622607624,-1.4977341587004709,1.5896263514264097,0.3352898365952548,1.4550739085537105,-2.1379892855775227,-0.09664046649754887,0.5233730287539817,1.9481405400335254,-0.14599815466449328,-1.8955749820139696,0.020637825257288966,1.7748186263044001,-0.6872316251918473,-3.1368688982773394,0.12145436025084955,1.7820285767953572,0.6400189888675056
120,-0.89549066070692,0.9265327405437729,0.22436959181864058,1.5368923225077142,-2.1978654304834713,0.09929621695579627,-4.1006694421165015,2.5360889207653217,1.443318342480742,0.9345854705667755,-0.791815506614082,-2.8534438843284367,-0.5253450891045226,-2.3005444060458995,0.6087437279438035,0.8636843405145562,1.7635919849969315,-1.1064360448688824,-0.7746197517635425,0.5713571407804858,0.8179607411557184,2.2461132334648677,1.1332640706547101,-1.8492153494324715,0.01235024327494827,-2.9490732458716327,0.48309154901302964,1.1861165460328413,1.4810127788934864,2.7841445552310926,0.3809841505110594,0.2570807028730817,-4.467038820096322,-2.8687053925317985,2.0152539999920185,2.023965724776644,0.5507282324052944,0.16733575948506196,2.620572533373478,-0.5941733611127846,-1.5429476785017666,1.024261553942185,0.019179639153674266,-0.6319779862353707,-0.9675377981312163,0.011004025021434494,-0.7042130466190244,2.2682673250001155,0.884650819399373,-1.754686088963985
121,1.0310172461156926,-1.30847104753245,-1.0190263353445985,-1.6619452597248632,-0.510284759308341,-0.2791801497182931,2.9924882562945276,-2.3199697617536374,1.5766117936717463,0.1591995849023924,-1.8137006015710986,-0.3371767672521342,0.3625027714879314,0.8183609399734184,-0.4740128867230169,1.7736108871586715,1.669474444448138,1.5276368759264285,1.601511228442107,1.6076097179886202,-4.008830521497819,-3.6613978775267757,0.07983242102229049,2.89927328915627,2.614390813481631,-3.581640588690119,1.2279698741178686,-2.102701170797186,0.7679220951861279,0.20315091756158488,-2.0960818367478256,0.9324264144905685,1.5080199952798852,0.09710562100965436,0.9672425706847125,-0.43280835384780936,-5.233938493881087,-0.5344622298392565,-0.5871053054528144,0.766059312893038,-0.8820824432455527,1.2864939557993713,0.0785764611106563,2.3769444932347716,2.7633063268941997,-3.525554239206878,1.6878565548760927,2.3470609293017515,-3.1893598602450854,1.836074697396497
122,-6.715558813223592,-5.567557311160555,1.5912330942021642,0.777537372345531,-3.5778745404874153,-1.0676923253977488,0.6987337802138489,-1.1512196155774728,1.4177687436555315,-0.2768530695480358,-2.7523718510305972,0.8512712315280027,1.223113369356811,0.33225328963660594,2.3313975259335904,1.4344512555387943,1.6367639978324569,0.1320112141882639,-3.694522026080336,0.17715440691541762,0.7949763615296845,1.9926758252832282,1.9131579067099858,0.3425026453273894,-2.0319706110054607,0.917453280447476,2.0198326160889883,-2.433780288307852,0.007915111103446115,2.7418431012649918,-0.5331662924595468,-8.599738865057958,1.027411411498436,-0.5573170081291954,-0.5318060940802178,1.3322102344015185,2.3973546281965743,0.660485475446559,2.1427170057424587,1.0887198977087875,2.629799657226997,0.8194041582928557,-1.6914506206571494,-0.29590164502573657,-2.3523884274732536,1.9677352607906236,2.5860059913149294,1.8514545579644714,2.014456047213544,-0.020631050197762235
123,-0.5864067887849327,1.7992393542801874,-1.2833171145546824,-1.7325007585967356,1.9236544649193914,-3.1645104258851653,0.8045445559689695,0.5923325078043389,2.22848486538463,1.579928933543001,0.04852123447690726,1.0584113594374172,-2.4093622583509147,1.647551954303243,3.6788075831209945,-1.705991500955668,-1.2173607114699374,0.7074284110308433,-4.676626096922309,2.8576667437740895,0.49798992386045615,-5.949097071745523,0.5615882947772697,0.41584898698880846,1.4009295386505656,0.06923569660375684,2.335795784159654,1.4714313155574916,-3.207632829153214,0.2704289268454332,0.6747569570690226,-2.710465234778627,-0.8477149367659012,-0.4933127205766752,0.1341061108660231,-0.8476536760172522,-1.4725249554997193,-1.898740789290689,0.6978037434819102,3.3115750640470187,0.5911689315003557,2.28061306657184,-2.3420550824732,-1.1711261968488413,0.7686200782341208,0.5342711785358665,-0.2952535789563768,1.1414472866893943,1.8739313739521286,0.0535385011911691
124,1.4386891708632517,-0.09587175233309697,-0.37661150141161936,1.0107930257674136,-3.753989384402325,-2.4305754620339384,0.03141796784988493,1.4244769686660148,2.328712253002216,1.1940533778190456,-1.1323342575372637,1.9976955859538252,-1.723240270952572,1.3711266744464439,1.1720063158606062,0.9101858190442016,0.9273511063083495,0.6700382450523108,1.574699866479111,1.997627364688614,1.429001871654243,-0.22009437483033967,-0.683452835883041,0.16913487857386578,-0.578808008630693,-0.7803498142425749,0.8441376825550475,2.6185827159880883,0.5655691748792124,0.6512539234568475,-1.7460261543697104,0.20682254235019126,-0.7138802199338752,0.8607976289315937,0.8058672612299862,-5.764207958292148,-0.2695805397870954,1.6053342210869475,1.947958719439256,-0.3378173005386502,2.021724584875551,-3.328260034563624,-1.9753592172021328,-0.4681197656743734,-0.5098296445514165,-0.745041048314298,-1.7692593304401365,-0.15650928461751068,0.9806117165641441,-3.196452502843786
125,2.384586529307048,1.0899289587542897,-0.8223627134798894,2.7599916944281935,2.3823120707135073,-0.8046551622335585,0.8550238159076962,-2.2410693473517584,1.1523995354068908,0.39482118443297054,-0.4463281372674146,1.3328434865062917,1.3472542811707808,0.5723166862116695,-0.07948655836338503,0.6944436178479165,-4.083945741610733,1.1535483081403548,-3.009695652811623,-0.20596765676372275,-7.373041499209498,1.3016692056313097,1.4799613173420099,1.9697735244348733,2.1616944951556962,1.6310502551143067,-1.5798155386841266,2.9438340712880464,-0.8951177150678902,-0.9632551784683931,2.5477562676029413,-0.24388764603157043,2.2508149965521937,-0.48086829413268006,2.8876846722741885,0.26009608078956337,-5.010247346398766,1.2103334424520047,0.6653847677383302,0.07305151490355044,-1.9878242005283555,0.15678399941215204,-0.3016167555756155,0.8449099859113938,-1.6138763281958415,-3.7373487672248222,-1.4979438837173635,1.1966703219235084,-1.8200226127281391,-0.5025623515084936
126,2.689326750506573,2.1982357133239865,2.7660681698092606,1.960090192351466,3.650861145192526,0.3476928337604761,1.930823001470979,1.074730745864791,1.1623897647498938,-0.8892580302925763,0.5575056469369812,2.0963317472877536,1.3718879696451438,1.1540073860677253,1.4227415494030007,1.95859614472361,3.2853063246915237,2.0074277152236824,-2.0092415507087544,0.19003150191629103,1.0105012132514828,-0.21366488150995888,-4.175464443277993,-1.1460599864556933,-8.341629006952846,0.5855159742186418,-0.45955683161724536,0.23884274506346426,-0.39822876815441965,1.8195991439116552,0.833635863392665,0.5108089808601619,1.6597621579665507,-1.5333809663677789,0.9335360290003161,-5.144672424348628,-0.04263453364163983,-4.892952007083028,-6.747233882675501,-3.268400498987197,2.1284282509647334,2.080320123830143,0.7274695823446455,-0.90494675882473,-6.747298651422477,0.9166198583948049,0.17978270203578184,2.577505854576797,-1.074740358233143,-0.03701920218394861
127,1.2352751255009693,2.3680386897354437,1.0176178907730913,2.2201471266358332,3.3106802078294075,3.43930378946578,2.1218810826270627,2.0925093172618974,2.3531494116122773,2.706859623914863,1.391953954652612,1.8513508187659915,-4.831778684190584,-5.633680175472214,1.9535396433893162,1.9673556177746034,-1.561834654525085,0.5035408189443427,0.10946188054487394,0.51040778803947,0.42186791579997873,-2.9304325757430663,0.16449411886076692,1.1212151267104487,-4.859855390148106,1.9007452935163447,0.3026380571497489,0.7405702746297695,1.6620431710473635,-3.2932327624194064,0.9322940463903295,2.642402428845294,-0.9130110816001604,0.15279663338054839,-4.161719552408038,-1.9249498258779543,0.050605764122725994,0.20073192602228218,1.5272939576237916,-3.924493522414763,-1.1088377189939136,-3.8413761303739618,-1.91683987479008,-0.39911341714790005,0.5192564213142985,-0.38218086014295327,-1.9321876135635394,0.0436364492898722,-0.13724592457380336,0.2171053922141315
128,2.611744424793429,2.528990212607637,0.34912927235428004,0.013286181250935947,1.4700463030785182,0.34867624392393815,1.4939669343573247,-1.388699821937296,1.677773427575329,-1.5399502384071218,0.3013883738632739,-1.2806195868821346,-2.31506754391701,-0.8251721840786654,1.9322680561653396,-1.7198451745879302,-5.784149705039085,-0.007929829624433893,1.2003859875743652,-2.9349446619493085,-0.6739810633325414,-0.6103684168550556,2.090994213731779,0.6726427568334046,-3.6370422245909184,-0.47053732831285977,-3.7533908569314347,-2.061205755212838,-0.033379677061319946,-0.5778030311109976,1.6148361035433632,0.1370601313344455,0.5840518868662663,1.5382710517495624,0.5714097570301915,3.333418439512869,0.6574390504478069,0.3459096067345202,0.1270125781790057,-1.343268621767442,1.6874381110201093,0.30826549681017035,1.810554049490873,0.828070563720769,1.8935593921127793,-2.831155043463565,-0.860946817127294,1.2154581285702686,0.839907821218528,0.4655030257381414
129,0.734115273051354,0.26425039059796784,0.21052788672830225,-2.3021382657492753,2.0528888125027795,1.6385766494742109,0.09703335246412159,1.356642201982687,1.0519287296773396,1.356231234746446,2.1146873396223445,1.7946570151489736,2.053264925062461,0.030439390456927562,-1.8620313615136137,-2.1970478836524254,1.1072342760550526,-2.0628699558210144,0.0870242781456021,1.7581467999370317,-1.9534052741683219,-1.0169463558299103,2.0526666004916665,0.9250454062709617,1.9513503938316474,-5.8644675226855085,-1.5754528309515283,1.6807545256563485,1.5118814813430226,1.068533848413359,2.046900771723092,1.659265235652994,0.6835180980082187,-2.1723588903309876,-0.11136639385103919,-3.4074142465597763,-0.26229209463712255,0.4886662022023831,1.1473087914164055,-1.3962395304749302,-1.5795270715067158,1.6215056871904832,-0.6278549721558644,-3.5503553017271,-5.2138646212710995,0.9556014453191617,0.2057563461227696,0.5296282381396518,0.09948580549125818,0.8201151399592632
130,1.5788181008217768,0.1926562277158288,2.8234712853410535,0.3348882341672761,1.4097052007029927,1.3347826425212328,0.959018106947978,-1.2057859515621008,-1.502504006954334,-3.058865676682582,1.6692005997081614,-0.4018964806497083,-1.6308079714246375,-1.0050415178311152,-0.7322487533256314,-1.8105728398031031,0.9136519040433217,0.03924988875719748,2.5545994830158074,0.27447544948346625,-3.054462915278946,2.18719675640838,1.692806835236679,-1.0160464880702307,0.05742450368380858,-0.09393758580299938,2.3933103712959247,-0.2293808011927938,2.037549845872085,-7.619913321137235,1.4538671892224175,1.294128083094126,-2.581613924820595,-2.746403236249579,0.8785962441657746,-1.0843859848286783,2.6766134430318282,1.905629105459306,0.5663346134484257,-0.7725765367533661,0.7016276214272894,-0.5005291583893587,-0.9763104795678839,-0.009536557226528686,-0.22501811744374312,2.064256363385206,1.2217917933248295,-4.345501973307516,3.421558081272748,-2.033867695252251
131,1.3793809240924904,-1.1758787836541984,1.4855591681723284,1.9736924391815989,1.4135959198215753,2.234081304898399,2.5948847971665114,-5.296315834521613,-2.5484766093372553,-1.5113205019475329,1.1749014397924027,0.9701947232645267,2.3288104516505594,0.4725414790491236,0.48781954465444244,2.3664704812352677,-2.3628560718830274,2.910819382049543,1.7064022181473661,-0.16634808474076657,-5.808907013104163,-0.3183097469242666,1.495554275808943,-0.2486212469011555,1.8345133808521656,0.9693083471220785,-2.7046208229920046,-2.5706538436877056,1.2393339262421876,-0.7680608739118906,1.827497709133905,0.8039868403817527,1.7957265385578833,1.8910549979735558,1.1537881125175047,-0.9410992282158599,-0.9189258756339136,0.3371683494659381,-4.704603475356013,1.5564101840988598,-0.2926344892221939,-2.530031032230588,-1.8287173778620058,1.5451564035887793,1.3806159875042612,-2.573102000054524,-2.141882331350213,-0.893142772111311,0.8073796554176615,0.16785903380053124
132,1.0832456774353538,2.165066697141804,-1.438997729260194,1.4104795820687976,0.6448669046891968,-1.2608471340985252,2.5565145202960986,1.8007849212308344,1.9763621796716966,2.0783858964812056,-0.9707996070908838,-0.8492127384060257,1.6718023236249042,0.8027184696323824,-2.4274229930599986,1.377901534829797,0.026783821954131426,-1.1999718360062461,0.9488554266206992,0.4189815208536434,0.7716372229830686,-5.2326043382775715,-1.106151989844606,-0.2631198500157259,0.6398470789278763,-1.3192497669115886,1.1842065000148008,1.1080876393784918,2.094058303641878,-1.0797471969779702,0.48960670143230445,-1.7017274286980957,0.42723175587391626,-0.7711703493639126,-3.96084378048657,-2.2670127910794884,-1.3839112656793011,2.2497059470050074,-4.373284507294148,-0.3561643292718797,-0.754142097246497,-1.2420482820949736,1.2940730041175397,1.1709018172288976,2.444685291607251,-0.641640983792974,0.377698010291045,0.8628056186952184,0.7451724369591188,-0.22239580972976292
133,2.3451091124024805,1.9725927373341392,2.165065906559446,2.0097456561252236,2.797073807929253,-0.3615113658267104,2.122492520167416,-4.9955169458811195,1.2211645212148317,-0.5882332687038874,1.7660639547673016,-1.318752025328684,2.133164076582939,-2.0018799106055196,-0.6644980636334488,-1.4159331245784355,-1.400665597381777,-0.11852104024730536,1.0944893586245503,-0.4334396981811768,-0.9559713842924751,-0.09750254636796551,0.31587542415681824,-3.4333224889057856,-2.8898681674048756,-2.4587671267080546,2.7083805504242644,1.5735763816324795,-0.1423444168878243,2.199573536553088,0.30943898194044994,-1.6006501420683659,1.367489163853317,-1.537657618986401,1.183193500243826,-2.3148502022030737,-0.04851687246198555,-1.71188037381551,0.14190343282599294,0.3970905119725421,-0.9782275801295937,-0.45972713801671805,0.4071886306671786,-0.017034720794936398,1.8609316843661046,-0.8419169310378445,-0.9489304285421758,2.07780872673629,1.7974840217030725,-2.230777019791354
134,-4.177805251639256,0.09021519450263504,-1.3070899029417964,-2.7040550130537886,0.7931987554215141,1.7329338519573319,1.3907979989955823,2.8033582415581977,1.3036280428251277,-2.993372174164291,1.795463658086399,-1.5054144418561979,1.2470692383995527,-1.7073617145280133,2.1853565400398103,0.5028010486111176,-0.7389226944901974,2.9302994840229477,1.1123143586931903,-2.3176479740070803,1.0804662232830822,-0.31127351141493254,1.7808834918464047,0.17320130813625934,2.2169394926921826,0.3755899170181891,2.326956784306162,1.6916669292896187,1.412280431766607,-4.160615256818879,1.0876211203444206,-3.7166659394010324,-0.5388156091060203,-1.9781523284644758,-0.6297534126466147,-4.153353330587956,0.2906911376679302,-3.7819525673437173,0.9996019436399264,2.344963141785373,1.7179156340697137,-0.3999167624710429,-1.1859547418432461,0.5608124488659714,-1.9957507299920456,0.5934814351481217,1.5043126902011004,1.8037672510613918,1.3066573126436691,-0.8513717501088838
135,-1.3209190027950468,0.29205560906768113,-0.36062500659942476,2.0159625364325646,0.39567833390036,2.0024594544439482,2.802065309947787,-2.4467502294392,1.3342267326178106,-2.2809508474774374,1.2722914097327953,1.0030604554214033,-0.2749910977012995,-0.2089131950139249,-6.563484369121233,2.352386239265956,1.7543283682817616,-0.9479661289327446,0.8226646796121297,-0.051571608746367126,1.3453008051816329,2.39912362701602,-1.2349391590549343,2.187911182825006,0.335708303919108,-1.5773208701669006,1.7557327463992776,-5.618886934283586,-5.910883700052449,0.5677609133709529,-2.71611824349473,1.2264726014801184,0.8365398123871239,0.49568599601940644,1.0005555146895908,-2.601066266900334,-3.3312415817859167,0.7868876250970498,0.5948274208638873,-1.5190166241607272,2.408220247751236,0.7244613000919395,1.8323139270341038,1.2098067245347424,1.1405614998365419,0.8872841674004341,1.9526160890394721,-0.920606803311796,0.8769040001014838,-0.7256019647252101
136,1.6953429036107242,1.3522363242067015,2.4650208516248386,2.4649728456632163,0.728671382076346,-5.6080514674206,1.3829065501229771,0.1541685466918601,-4.319923148288359,-1.058486724980507,-0.9971601284298917,-0.19969985393080059,-1.0245039533151514,2.122085713729007,-0.8629480176309432,2.4584641785627492,1.1373013210194807,1.218362276603259,0.8999378096068336,0.9120307191067454,1.4344785845642,1.9655813504877955,-0.8258271405430095,-2.5070060458355803,-2.174389954245301,-0.296838616975708,1.6398834397131976,1.5511878508761887,0.055583730175542634,-0.9090521737505473,-0.13026560068359316,0.07341318521073337,-2.4880713469073656,1.5155667305258191,0.00403535566702562,2.1249046205027136,-2.2676743411444447,1.1098007728426253,2.648958081318108,-0.7344958019172081,-1.4875107014170643,1.3332894897548075,1.496065928850609,0.9548055127120545,2.941188911387704,1.599027095886378,0.7795219166560354,-1.8131318555743716,-7.39385730171051,-5.1198998050553115
137,2.0409465663054926,3.3164005171766315,3.1084493472423493,3.322576578153964,-0.7592657493329469,0.30645306373915115,1.2271935716661195,-4.916386644174358,-1.6890691196539391,2.516685114059791,-1.514779983883086,-1.3745420079620274,1.56322449039626,0.9796956727559252,0.5767570696707551,1.3518013479881006,-0.42524587801635416,3.092099263257046,0.9097544004364932,0.9949977829108043,-6.030123924418252,1.6502123830186615,2.016513188793456,-1.345891694930109,0.3054166330156898,1.881500731557776,1.113134538092356,-0.4121404436456677,-2.3246855622350866,-6.542242246928037,2.2718751406504483,-2.3153914511006892,1.6992377064155564,0.7168821835663941,-2.744351741888927,-0.7579113976567857,2.199775075796742,1.1015677110147397,2.1766928791317985,0.3265352123939742,0.5266627817974268,-1.8981911990187514,-5.963318076558513,0.511259685185486,-0.040779488788524,-0.6544007507180973,0.6064997883314014,1.9491787704210615,-0.5604208529855557,-4.090840981046144
138,1.9738875248640788,-3.372134576421069,0.20205531776329533,0.06618513538457904,0.44210624594302583,1.0905245884264523,-1.3259959368302532,0.9065216344785947,1.315002088006417,1.2023176460005236,-2.1070795031558864,0.5491015618832025,2.8172134585083133,1.3825568252467133,-1.0846937309200246,1.2767382581794626,-3.4437048423584686,1.824684147076658,0.254110751100332,2.791815686977864,-3.449882774314669,-5.045292313314397,-3.24413664343638,0.6162738707226865,-2.814655490789173,1.5198948916157864,2.446925164539954,0.7347707862799364,0.17690953876458604,-2.268241775280652,-0.3065056865041056,-0.4433996570119074,0.1097076303235136,0.364253953313864,-0.7277687663353793,-2.3578046797355867,0.4387251166997963,0.21185665457513725,0.6807798196119696,1.3508774239776016,-4.955767062909312,2.956679981970378,1.1054187457265554,0.9217755337131148,1.6462526457796733,-2.769283116030099,1.3233551932343248,1.827283978711736,0.9237360815245674,2.266048674422642
139,0.10034294922564158,0.6179520599756927,1.5173403775147163,-2.5334196438766385,2.3342320950868647,-8.351772703847452,3.2888642530893017,1.97960379012898,-1.7374455878427435,-1.717917465782575,-1.5782098134775238,1.662835020483152,-0.8850361393287001,-4.666515354555571,0.9611164074295004,2.854641821733688,-2.032628631284429,0.553647258234264,2.428439572547057,-0.19088605196503217,1.3260462323853135,-0.6901798657878357,-1.0662007531955293,1.5523089045231546,-1.0194624127907153,2.2468730186007755,-0.4776206467421549,-1.3816620849353418,0.7826737876257415,-1.7928239470689533,2.6220533739874146,-0.09104337290201503,0.8607374592700241,0.6526860952923901,-2.3709149360800295,-4.2289412557792705,0.09298360546655271,0.6285525832724037,1.8975506060626293,-3.689404147354651,2.747798846889402,1.5814214215570859,-3.0635445077991488,-0.4676728230051639,0.3047531863759705,0.5910164232996848,1.7066666382664333,2.2779891627520015,2.0174244990621033,1.84475069526356
140,-1.1399266480624552,2.325543780148512,2.121859475712794,0.36934255897220947,-1.595984932637717,0.7519053073677116,1.8644726411100097,2.9001630913898846,0.22080849585262197,-3.606388642762708,-1.189845019004732,3.315988488088165,2.6201814638356717,-2.0051825222652004,2.2418652670977677,-0.6696997028024647,-1.5948115548101596,1.712741948930919,-0.8375976782227923,-1.9382569685013618,-0.7968864237265363,2.1708492698232473,-1.3923566781200334,-0.5265661227297374,0.9619565923352624,-4.649491967690416,1.6707374126746548,0.22058876434014607,-0.08583755731352571,1.4076881983832363,2.7764520869385683,-1.1467975099888141,0.7363179762339733,2.583116005130088,-8.031698979580579,-0.6877426482037006,1.0840655519656908,-1.570010681467953,2.278393889663198,0.6537675454646603,0.8812053566073912,-3.5589395454933026,-0.41102873331933143,-4.578315561871127,-3.350077242645492,1.1408350629358166,1.8193931802907168,2.2154184273423905,0.27778736499023626,2.03999811759458
141,0.025357775712103958,-0.33099091771222167,1.316172516706561,1.7567701435341778,-0.08725652321729971,2.3613164409684835,2.8169280459517827,2.2803499108699676,-3.63691681089729,1.613667405081613,2.921933363702478,-1.5456956985730592,-1.5833139919985815,1.6687927639163336,-1.1054197041153007,0.4110977778514133,-8.137381464677867,2.3474125907157273,1.4422787000262614,-1.8325796591274557,2.600521693105738,1.4468497462758374,1.6047591833642856,0.5777227615485456,-0.7855515940084743,0.788435822445936,0.041245157880264394,1.7856445297392844,-0.5052749415862481,-0.3787336066461169,1.728454514200735,0.32161602727836414,-0.4065427456654893,-0.9424958950763509,2.5150708436687084,-0.15277379500498967,-0.12171431902118357,-1.3885216174612767,1.7824018577407164,-3.2362849156637967,0.6165035508642802,-4.507067331173992,-6.773508046908065,-0.25120705093152296,0.4492704518369077,2.0104260598709365,0.28207318094773726,-0.33700050541967297,0.7220498398458224,-2.188891520764672
142,-1.127101934492753,1.1912540084287642,0.8222408309472771,1.7919549237744246,0.42306203382142193,3.0382150751033605,2.1245908142920578,2.6186627310254202,0.5972102727011697,2.398650098881097,-5.383708295659968,1.975411208319937,2.7808745109079136,0.6773125139756067,-3.843569499473933,-0.7036370999452615,1.8527915060945879,-6.262523349878801,0.7548800491078147,1.1007176377028127,-1.8822116952501338,-0.5536410534814546,2.6177474986520988,1.2245593139971254,-1.358659221127267,-1.313512172396675,1.8375698571259376,0.5360838096331051,2.6217190446069307,2.014559269515359,-0.0622806949891741,2.6999040425805156,1.6455675934776228,-0.2224526693865947,-1.9811621879284695,1.742181147215946,-7.676869460676333,0.2896457273131121,1.2850918304868433,-0.2908787000334794,1.1654231801031179,-1.5191520613540863,1.791871250748823,1.3916607613405203,-1.958249579463427,-1.3763939051411969,-3.5370592971674135,0.6478487961104102,-8.169101662878944,1.562903202734149
143,3.3167165858275496,2.126187998241365,3.478519652864322,3.2711430114282014,2.4250807653234507,1.530037893609176,0.7976064480084739,-1.465800513356406,-4.6073088361228685,-0.35956936492939207,1.3357181533689282,2.890729202611277,1.3479375776595548,2.188520324673559,-1.6964638240703183,-6.244780258115462,1.251655266103258,3.1871577791703136,-1.1312907140570063,2.2835827594421123,-0.6857680934905304,-1.8178929242043207,-0.6393055126440919,-0.7105650397546466,-0.09180897613825678,-6.889540619089249,-0.018081553078618917,-1.0644208254488765,-0.8497040871552759,-3.395404606830761,-0.9524626308505288,-0.9281050139195948,1.2666810447422536,1.0248354889544924,0.04946478068730453,-1.0019863642623354,-4.476683559462966,0.8912602343052178,0.9825462162925227,2.88680331802991,-0.1994787978028123,-0.3357239734637725,-5.095770297070096,2.8532933746258347,-0.22724702009866782,1.87011343206479,1.0169604618648753,1.7237838267808323,-1.159510112832935,0.048337921570149156
144,2.1689918507608,2.7523901257586783,-1.6140223188393694,2.2938167018960542,2.1612499296149683,1.894533709202098,-1.9322825891312405,-0.5431317205520054,0.7970334471023683,-0.3168512739060283,-0.5611107417906105,-0.3995987484881214,0.10111686421495669,2.031392714451564,1.5803169897366383,-0.44437995650235873,1.4048545101738745,0.43479527846844057,1.6796341034118,2.477218933557874,-1.339465643936835,-5.012858561977382,0.03644270853223919,-0.16192899517872128,0.9634326720158337,0.3502159793901276,-3.1922437619002357,-0.6506386082748827,-1.968841953388118,0.6183875465516575,-0.523014213000943,-2.360203365982967,-0.32416007988922946,0.935435020601254,-0.35459439943946247,-0.8701887922821872,0.060653724384682306,2.025013296359443,0.8656156658289849,0.8047827896791793,0.3412205047886525,1.130364609580731,-0.6210821473294859,-1.6355172177650834,-1.1358895584329414,-1.176853485056621,-1.2310434045680232,1.9265160964613117,-2.9712662672550954,-0.49425796765628593
145,1.8018978802967713,3.2939539005664473,2.6372244165237944,2.3609600949703418,1.267858566141923,2.3276003759745603,1.072840059065646,2.2756719815152384,-1.98792242964846,1.1028969840726122,-1.958526551745524,1.707023513806869,-2.341664491486174,-5.501804798803827,0.6306726119469772,0.7330505149019775,1.4359402956206848,-5.393527581232867,2.4779041618022815,2.7771375025764855,1.4877573223541884,1.1675984832819788,-0.4531285677635166,1.3879611509706242,-0.3710564257628448,-0.6135171758934188,-3.4757571931981985,-2.3776811275347365,2.5113377026926367,2.0009725441485795,1.1811299246732316,1.5957233609869914,-0.7676753183886547,-2.129320306362767,-1.1015482922968554,0.38084485345935537,-0.5537149657668898,-1.6755073979035142,-3.060099151351439,0.650174336451883,0.3412936285221786,-0.7377604513114733,-4.684799706603497,1.3667195347115433,-0.40267443426191996,0.7402553436890527,0.049723636907013535,1.8590195597281731,-0.6316093894123975,-4.403848485631094
146,2.944688210188611,0.9942280688859682,2.5254846797207997,-0.15080119299371386,2.5316772718318097,-1.0744166238486157,-1.3052331374964243,1.7364080672352489,-0.07044750447944637,1.6902696160021016,0.0187357735287339,1.6364239471781494,2.4139170306974616,1.7016961383478533,-3.1189454846723477,0.6032134175217951,-0.9676862313610526,-2.255900492333393,1.421655961972566,-0.7177445286589927,2.3290268616027454,-0.8909639511692209,-0.6114134450129658,-2.3117549947166394,-1.0654184184017979,-1.5089721903050437,-1.1668282737324764,0.6523905385072872,-1.292452562169025,1.287497303811088,-3.7815113210331743,1.0941051126353245,-1.708322802375715,-0.9680408895534764,0.256001943749407,0.15786289090677919,-2.9229453027325123,0.33947818613040415,-0.7502756329252769,1.592327010560307,-0.40527422356167797,0.9130284232705375,-0.37010062973951197,0.6828933711893912,-1.8319200802267188,-4.515690592210608,1.5087113081014807,2.0938301114261124,1.1059311021399583,1.531578158567879
147,2.8274353476938265,2.0749090689743266,3.0153186830092835,-1.6064121179020567,1.5348461706038363,0.6031499435321486,2.5237965949882577,-2.192405279968942,1.0657244228990468,-0.41292536643803235,-0.2557332876358016,0.6338619832668799,-0.3355319912589243,-0.3371436025265888,2.135557932444824,1.1509430684972033,0.20245024933194866,-1.7700213274189327,1.3446692243623324,-2.111404711671243,2.225640060882042,0.7410892785717769,-0.261901087427149,0.27631678112160074,0.398281429884741,2.039214066645816,0.5954984130989649,-2.257461447200435,-0.6964130329094189,1.9372433740329473,1.9469510150579978,-3.89480776766354,2.512525472309435,0.502910260441543,-0.8122691811940541,-7.339234320880795,-1.1058329183526059,0.41002919723891296,2.58684121113889,1.529445401857167,-1.3036345360263555,-1.960871156748575,0.32531105855893827,1.9781900634538991,-4.491496125332008,2.2236538430717245,0.12258070633401363,-1.0741605496927162,-5.902577448278139,-1.3421470667780762
148,1.0168464854940469,3.2653144827323235,-0.2859490473304058,-2.266933362722435,-0.5161740860742707,0.6275060573322166,-2.2907723618092417,-1.0997936008008695,-0.9454183257857869,-0.18432666182019997,-0.2561423747080438,0.906349942955301,1.0790668378874653,-0.2940786292800244,2.757719824676008,1.6814113276927283,1.2575964831040332,-0.15826424647548532,1.4106450684871876,0.9022342778691197,-0.6899891884071732,1.0571128339048679,1.7387508431369931,-0.5859359954201242,-1.2219478498331764,2.3634362576538472,-0.12359217984548287,-2.5524022338626056,-0.15649693066087877,-1.2255308086004089,0.9460439605556239,-1.824357684438275,2.159503218357514,-5.283922820165561,1.41871366809562,0.5288994219758916,-1.359572159441579,2.064370946698285,-1.3893757190760292,0.6057530010564669,0.742371244022733,0.7248464609075373,-3.5551590064188883,-1.6144204580491426,0.792317415880782,2.5246035334381234,0.8343048511460598,-0.7648495037897778,-0.02136718381884517,-2.738946026426098
149,-1.9673481836180988,-0.5296404308309404,2.3549013162979335,1.6290711382542629,1.301134091103981,-0.059074491867685985,-1.5962178865194003,0.35672186876951884,2.23735373595826,1.0848625802336058,2.3632622929211986,-4.360645044888192,-2.130135181156323,1.347394868695448,0.8741668608048307,-0.46898316753702485,-1.2068108503020625,2.6984008279819225,1.1497195058281648,-2.4359835736157933,0.6653542579089375,0.3841505596561481,2.3190678721541356,-2.0033449598000406,-1.0267408107478433,1.461104958049265,-1.0546568398882448,0.6925336532280877,2.1496620701893354,2.290973600574067,-2.420824101602494,0.708174500021248,0.6382451658083701,-1.046479967325129,1.2077720722248526,-3.56669512684807,1.481712608625089,-1.4156435151890356,1.2612536026070544,1.9336200152815675,0.8539569269759131,-8.628170691157653,0.4409050866196855,2.318323727139586,2.2632061950717413,-1.739986032864124,-0.5424985633667561,-1.7223268742875026,0.557788217345653,-1.1025878829174829
150,-0.11990132024392963,0.17168054675930744,-2.0189770272159366,-0.037721052164119584,1.9417722409728686,0.9681439627153905,0.6753960798022334,-0.5449065792686527,-0.10139021608424859,2.798736681226597,0.605389703436173,0.34423065982504664,2.1312427297872962,-3.7120147023201095,-0.35195398596227623,-0.15821481897551148,-0.409453083036766,1.8184425584919675,-0.5168475785255735,0.8595949631062298,-0.7290037606207536,1.0638207128802053,2.1677086669340446,-3.373687040476913,-0.748211670388045,-1.0057872515246045,-2.2635402373164952,1.3038242526595418,-1.4941876161496008,-0.4636594031298342,-1.0986976005472897,2.6798715641858113,0.3888396113412371,0.4888536830280552,-1.094739354981531,-2.1582254588199135,0.8907346856882068,0.025238804889307076,2.39865582747546,3.2386849032586857,0.15983274403305447,0.966393871326158,-0.3376201900369775,0.6235790863800439,-0.18605809468677936,-3.3667933813536344,1.224570936066863,-1.0214571409108997,-2.5407197913535553,-0.08147112017588398
151,1.6897470301944022,1.726160524794698,2.577108303502125,2.300811901147341,3.5661808353119406,-8.292877766635346,-1.9187286133990273,0.25306896702296644,1.8555000689242336,-0.17698184126860195,-0.21461600280079374,1.0928906565138767,-2.804400816469948,-4.658701246065772,1.482337426687796,1.2360998489699062,1.9825953355151373,1.6008535438673985,0.4893179288233158,0.06565960999289011,-4.8420049712649424,2.477800121698478,2.3164096114248847,-0.8224976282305301,0.43701904565203264,-0.8529459717208576,0.806249387629947,-1.7710494474221727,-0.4422391911722494,0.7129509145223345,-3.3038579949694595,0.760956261532602,0.5469891834575114,1.9045450706605056,1.567219404893399,1.2855670182959824,0.6129347683547888,-2.5397811301726536,0.353799042741195,1.2667701950405368,-2.056922825287625,-2.510889244025887,1.1033985651619602,1.3645742200823068,2.273282158381295,-0.6313830210218851,0.04348894906979517,0.9778208592359459,-2.878327281402485,-2.011901765773227
152,0.23123155896647596,2.4293544520730426,1.4892594842425289,3.311646964887167,1.535032824791812,1.1822782920876178,-3.7788154615245126,0.6613364150854331,2.058310085166221,-2.3546586620304737,0.9007069137778689,1.7194093070125445,-1.1037569155700302,-0.8519637106798745,-3.7702315754149947,-0.7816488892620681,3.510820184759928,0.7212491703685089,-0.7817811731226625,-0.8823836611358677,1.0864217228693471,1.7494933494602152,-0.08834813164540112,-2.020872284646102,2.150335808045643,1.3037327957680787,-0.7663072082638251,-0.05437307475355624,-2.9673048664175496,1.5810743327374959,-0.08203796759161275,0.4797689422802982,-1.5229435808187493,1.2524979096607205,0.9007359587506372,-0.26936315675582456,-3.800132853111789,-2.107709968917007,0.5902995839454857,0.8042284323671947,-1.1790407489128318,1.132734207006922,-5.40494775998544,1.750367294827826,0.7321789740873985,1.754987997718664,-0.951644460821834,-1.4498973031670808,-1.743565998863387,1.6942364506674115
153,-2.0595163748769254,-4.269895463831703,-2.1673446546522444,1.6458497359398874,-0.2952898606713914,-2.7535230875405787,1.267517209722829,0.32886224717825296,-1.2357778486308844,-1.8836203569687875,1.2893766209536826,2.341815426943912,2.810123980751889,1.5410942686170341,0.7148664056203584,0.0364654449937607,1.8658823519953605,1.4971302558441604,1.1457281559953314,0.4137542372496581,0.7582577558029193,0.6042635247091539,0.7268220629714435,-0.539454283310997,-0.7631931606085995,-0.14878085687760567,0.9147467577647967,-6.631234568693528,-0.037065344607027484,-2.217482349933383,1.3272281496547214,2.611060225745813,2.2733146926230265,-2.3389170747196033,-0.7594715670468934,0.7517140477274262,-2.9712372368222093,-0.8718083777595584,2.271640059681514,-4.6094628762211025,-0.07000361028067381,1.1429570306525423,2.150871277230898,0.0369825035892406,2.0502095960501006,1.5484631069188763,-0.02345625470453072,1.1938597154650892,2.0471237541209053,-2.661445393756324
154,-1.5616376574967425,-2.1212433858916127,-3.188365109197516,1.3636686859579505,1.0207350174053653,1.0696793790809362,-0.3204262325116236,-1.0713946505258205,1.6890456313787863,-0.08097418659447442,-1.2886693033509937,1.303738108976206,-0.2519919398851789,0.7835188871529484,2.554298156691347,-2.9647111511928887,2.097474916649421,0.46814363839250195,1.151235144899494,2.345718938538559,1.6882409069686504,2.8732736257603473,0.9765230329680303,0.9606950383707966,-5.723473928534858,2.9234705279805917,-0.6208829130735758,-0.11491700044307418,3.0605981200450643,0.9206843623887044,2.6401106819632147,-0.3559721534803044,0.6647861853708594,0.5464588605700644,-5.34197967806749,-5.568710308282915,-6.2366949049188225,2.5821159091903727,0.3166735912312415,0.300620845246069,-7.742255944697648,2.4604816989526297,2.768434890361135,1.7471063597579612,-4.201578940079852,0.6987145953444651,-1.1249423799716745,3.022025643381012,0.7862356660954894,2.0963147211268884
155,-0.385993550462155,2.2155686914593344,1.4953851289889397,1.343351262469664,-0.32001992435554083,1.0640559774792848,1.4109249488378413,0.9789032616032607,1.0827300192195857,0.40789755976719366,2.424133175061969,-3.773613057812349,1.7350523414979206,-2.850543441150106,-0.4793535904856112,-3.601505952993514,-2.5917481987661874,0.13075886472908405,1.3266217956239164,-0.7919564744601848,2.7677218812083817,2.249724366142107,2.2534878575191803,1.6370524381357314,0.4186420193315943,2.9480255901803645,-5.691065575138322,0.21657325207134281,-4.353540025581382,-7.930843393397727,-0.2379510404371219,3.433905887576051,-0.4791070334434373,-0.15906575896832909,0.6019694434203329,2.087645682013864,1.1001090473686288,2.2271907858749143,-0.6018365583194036,1.3900007438259259,-1.847551874093826,-0.9494631047591708,0.5759989878068641,-6.448015641811124,1.9154205934649613,-3.562451666144944,0.593409550061101,1.1805958208028633,3.38825455019721,0.45451433884111037
156,-2.8486134776152046,0.8945004352120893,-2.2372985188863517,2.6502592956871083,-0.49898732586949546,1.9390245006471396,2.3137268819507244,1.874236094654064,0.15734026856753935,-2.5848301627506194,0.025087146352847256,0.6124682426189185,-2.994864862915014,-0.0023337524555344658,0.8335534542526162,0.30996594992410564,1.8259546902233055,0.9571227472146786,-3.599116818545413,-1.1965210711291752,1.2015090256973693,-2.2623158289442795,2.777202912555442,1.1724030512416732,-2.826975415716926,-3.575972901314932,-1.8426945455987465,1.5700942371777313,1.0924234689205177,0.2722469145717952,1.533589686268694,0.754146505634381,1.5200455783006808,-1.3020997262735685,1.1480002014468575,-3.433504057581535,1.8084834672750518,-3.706134854963535,0.8649132159115309,0.5621688963013751,2.859967168209069,-0.09253394002571103,-1.3985133136947079,-0.3809247840104,1.2094493955854353,-2.0011040859324645,0.5141899528569871,1.0964057889216647,0.4960805319157604,1.938779738126498
157,-1.269388363053781,1.5529581487739046,-3.3515440001074426,1.8534942803694103,-1.968096454192052,-2.6914794014521854,-1.2261577774547758,2.54844460141585,2.4828037995038796,-3.404918012655716,0.41086914491988846,1.1039939156770195,-2.7081217594676223,0.757835118246927,0.3328298161997205,-0.18942177365531965,1.0278186561271916,1.1327763665312833,0.6047130898585866,0.9153455528004368,2.447796161456005,1.5727987483049124,-0.6922437665954533,-2.217327817676309,2.6528526252474727,0.7948865331489445,-3.512889033241076,-0.05054231271144172,1.033718649425869,0.37179995752925166,-0.6452564248140567,1.8027212002865842,0.2015898363481181,-0.00068168389929113,1.3255227350625454,-6.190184206949303,1.6208528264989939,2.1283228266825014,-1.8705555124250504,2.2941974308613577,3.411924423297244,-1.4648915106276021,-2.956203540767924,2.58786728370436,-4.3280407581690925,-2.4529539371228077,1.8675533028585956,1.9666075434543524,0.14656349361755616,0.23943997882950718
158,0.8150824961829151,0.060908979396315566,0.2219292091499412,1.9975208696233744,0.6953957584311397,-1.8869993554964193,1.0221781749803291,0.7727773082447507,1.0174118182839726,-2.6159201825079137,-1.6949969340145117,1.0511579272785148,-0.17762315579502364,0.48285379911181003,-3.9771636167485678,0.2507420421520603,-0.7598427631863505,1.0581131881845134,0.8661507955336725,0.07046989594853326,0.9770594036735996,0.5021032819624214,-0.2621202419001385,0.8542720739688181,-0.3209163913777946,-0.020991316789636727,1.4645354527853445,-0.6986445600209166,-7.947769703691888,0.5303586666725995,1.0147582693377353,-2.041497269174373,1.5379134717339138,0.015325165270708041,0.7794052911722398,2.043158704785847,1.53252944818411,0.7520097633515856,-2.427312783379655,0.5055593591488066,0.028298424582071213,0.9887841449983754,-1.16950253007598,-0.6133980387428943,1.1905705462075158,-1.69964998420369,1.3318135365862078,0.9635503882835166,1.054842070349006,-0.13519089845056254
159,1.7604242209427312,0.21888484389435714,1.9806194082472914,1.642425824386351,1.0107498490572988,2.103817742546569,-0.8780816581833646,-3.270909594524965,-1.1199297320115154,-0.27210085607040924,-0.3469652271928787,0.3903848270885977,1.7237202392079425,1.0567842307929167,1.8688102939949092,-1.1026825295885132,2.0020135407426634,-5.977060253289923,1.8276433757150627,-1.5082440357541502,0.24971001157547867,1.8513914718437974,-2.5911475582177363,-0.6868338850721072,-7.870697035296655,1.2735003754343737,1.626769913536045,-1.0138443818413316,-2.590024818982844,2.715690819918047,0.559992158378467,0.7990788668160267,1.7011754482575894,1.2739302852317262,2.3395682699728084,-4.4500796900923545,0.23772544879295499,1.191584978878196,2.1289073641168543,0.8571797711668632,1.5494691631528443,-4.853817602316663,0.7747034134977637,1.235672820726919,-1.7968268891173667,-2.8286007529873167,2.0097955280442106,-0.5948618255364533,1.6155561822883517,0.17502763783058928
160,0.6844510575986238,2.778893296884602,1.2549835178157362,1.9014449049788413,1.0638898130335104,0.13408410042103114,0.9100773482052782,1.0150925714954093,-1.3490032917707397,1.4189599586587267,-5.677088262125174,-1.5201614965801626,-2.2966562734250022,1.0485436299074977,-0.16902737110662525,-1.9809336601101082,2.3079236630779696,-2.1220849036955487,1.9927668781180454,-2.7438487902259805,1.435111705946544,2.5510620540684585,-0.7962459700856117,-0.011664150983114574,-2.2895128364152546,-4.826202401616884,1.575943222929836,-0.46756144352895923,0.21506843158675615,0.6669871363705608,-3.105216657628625,1.2583472821682573,0.7117742423792253,0.43944090336961317,1.412260106932083,-0.4777079132902111,-1.371979828144788,0.7796416713143239,1.7714820462489822,2.167214373992455,-0.6787277530834173,0.881961487465202,-0.7557250193000931,-0.3532321206213611,0.4339222277957848,-1.666455574773809,0.07446738950183907,1.2398446002073369,-0.4402771325835033,0.9736732286224714
161,-5.90917605507571,-1.0501381986295275,-1.8114231721418488,-0.7788837640574275,2.2306530146476704,-2.733930045421001,0.2489555800712333,2.2834669875464946,0.03655784736411505,1.015660297991463,-1.8309394625784208,1.6746360916271668,0.8646993025086918,2.0447311366470493,1.639308154527999,1.2114417496718826,1.9647275428435762,0.34105217560608203,-3.770859312485028,2.890193262778784,0.628749242742904,-3.786254360691034,-1.2543399743765784,4.741383042273532,0.6932280257453884,0.15143460548869037,2.4649116925798067,0.056241097428888054,1.23712803077394,-4.325125135796927,3.1768417581887114,-0.1474660485707453,-0.9868529338492706,2.9782246203997618,-0.6530703300040637,0.1700133664504122,3.5754723168357803,-0.07792475456218018,2.5691442617911213,0.16148360441907172,-4.771356715096362,0.18044940903385243,1.4625383421611051,-0.8891584848322607,-7.725529734304242,0.5445543323166833,2.0662470444872185,1.4708934673761531,-2.5618110996289456,-1.7107818222236348
162,2.5853424363608077,0.9257239156259542,0.9783974933792514,-1.6265001621589512,2.4934751716773373,-5.953016029464543,1.8144994150114453,2.996779140147068,-6.1353027581371435,1.4349099586627743,-3.71491210473177,-0.7095463794696899,-2.3191425282563927,2.876334549524543,2.374193432300037,-3.3393307878348217,2.164250959106053,1.5930818038916028,2.1292486092727017,2.3635758053923324,-0.38903148452201286,2.37381565248419,-2.601242535590492,-5.404221776960933,-0.046419563789818596,-0.8962121036064277,0.8381343439872593,0.5011459480584382,1.3117315997096766,-1.0471428259777804,-2.4000441103927574,0.9827088276727869,1.0455874453922824,-1.2195530591734904,1.261696335456171,0.7778925169878175,-2.8837359708451746,-3.8722680312168514,-1.5465820697730273,4.163629418901681,-3.7758589564742575,2.077119015904618,0.8211094105627117,1.7751547078526517,2.3735903466246238,2.4299285186002146,-3.669629193124262,1.3295194570271835,1.4884587386314418,1.2686574572948324
163,1.874374392960545,-1.2110403206387632,0.24054723459268246,0.32154196630417786,2.996474501523315,-0.779717843672417,2.1056091844199827,-0.5328421830278129,-1.3346779114706946,2.17486268789957,0.6629092331668494,-0.0039864510074671955,1.7097625688387739,1.6584392800190533,0.09841815494393469,-8.546140904413633,2.7447469833100655,2.4078503866286276,1.0567879226189332,1.3743024257304537,-1.074239559955025,1.4274737112663116,-0.08369218982449134,-8.181425913145247,1.0227017264974467,1.103275606350512,1.2259705257303044,2.0505498447534505,-1.6599467684881528,1.5186764322749555,-4.341017936036296,1.8838952773359794,0.35057394207007153,1.354034404109941,0.39503570118144715,-1.541363469415363,0.5313976185313667,0.10393414177016247,0.8458308783802888,-0.8834378748732474,0.8482279077686421,-1.1483070682177603,-0.4431528358122865,1.40309393421788,1.8678121817897813,1.2500649893375257,-1.9304867471788851,1.1397987408780828,-7.394607165256616,-0.6588913447669444
164,3.35179400524566,2.2288554811529795,2.1335222602010835,1.342120798384422,0.6498713251029127,1.1097268987600257,1.2074680122751502,0.5494403063639117,-2.1551636176121542,-4.349005023668329,2.537988753464768,-0.2890229471015058,-1.0194940764003704,1.9691414805459608,1.4981988957212748,-2.2249907738465504,2.2482145410754324,-0.5717350701224273,0.2220653047736736,-2.0845341703487836,0.11277174759272324,1.0321022844002607,-2.0124794045861902,-3.87575343846133,-3.1059386407228837,1.618024991895573,-3.3628917230008293,0.797573530618922,0.7160753245071101,2.6379263929259062,2.555417981599667,2.3377559838176376,2.1558766044751283,-4.542488619214306,1.2012537965667782,1.358128424976805,2.008296532442261,2.0331630348783643,-3.47789299567775,-1.0680677466361308,1.586506577392178,-0.4496619663975654,0.7767940007727177,2.0298866538240383,-1.2618738270115042,-0.9135638836561721,-1.28949936834693,1.4632036677873779,-1.0650148910806116,-8.350093409648363
165,0.2821169875326275,-0.6213749185886135,0.891137018675078,0.3191161876800255,0.8845770142247158,-0.7178203907665459,2.292080518023722,0.07473080381087094,2.6731548121063327,-0.4008508093553589,0.9022726619852919,-0.47076992035094634,1.3080073154537852,-0.30499522697081716,-1.7571272860087,1.9917895773827063,2.1131522604743185,-4.693351356781331,-3.136315727668034,0.8829108189812391,-2.827100407299385,1.3855419469299286,2.2589740087450316,1.0745620525932922,-2.753275527316286,1.3199968118094993,0.5385340274796251,0.32468359472639463,-0.08064732997148116,0.7918880073380681,-2.917407228944059,1.4157179018161932,1.257707821113054,-3.276090031510881,-0.7742703039473398,-2.111768608477375,0.7741715744248685,2.740704848313064,-3.4014250441948484,0.5415209793268483,0.7888826745472928,0.4150849415155511,0.7812552759880393,1.7572739789431178,-0.0054110730536383045,-1.1201429057991694,-0.538275872476091,1.5165523381236805,-1.9784213560707915,-0.4112574345125717
166,1.7247290713453012,-0.4943774237838534,0.10435299717700186,1.9668438431792414,1.1619022282294402,-0.060639849581606065,0.7231452721605143,2.7541048661178698,2.625084850446174,-1.8384002882391712,-1.5769963154038438,-0.36794891847060995,-0.3352153012363708,2.2647463541256214,-8.79872749466045,-1.1651856074311224,-0.7366812455106881,1.5847879963812508,-1.8717539603215192,-1.4357769732232795,0.7011849891865216,-0.4180875821756427,1.8217617870225955,0.826999522049034,1.3628267272630201,-1.7121600938296417,-0.6252947876767605,2.578364228269628,1.7301734464486334,0.3931465162133829,0.9795213692266307,0.3852372206136305,0.5348834844592822,0.3377536926452489,1.1141568905502064,-2.4106650955342115,-1.7107034375793164,1.2365741852196828,-1.9502398276587316,-2.1052736750296424,-0.8191942314391545,-1.805429955109803,1.1370583633777787,1.0610407878995316,0.19283732976440326,1.240298328462198,2.7088540673232786,-0.17642414083132785,-4.5010006666826445,1.6638064562522907
167,-1.2210159609309281,0.9914900654234966,-0.3061381763339046,2.4108134627100983,1.2109610911529876,2.366966923729637,2.597972551978699,1.3853517506071058,0.17702933373784102,0.2729235586527823,2.0918231406843444,1.6084609843664692,1.1345879246686739,-5.110830340123996,2.974664014540486,2.5101421887073623,1.6553085142605641,0.4673256573723794,-2.922266317001072,-0.05417112559755122,-2.1965737214843957,-2.9926777700071954,0.5097026822737831,2.1919572891987413,-1.081749362701812,2.6899893697583273,-6.065512295235197,1.4737119661524174,2.8319395891928614,2.4968650403633648,-1.6404074710302652,0.3318252172184364,1.5149447869262134,2.4978886416049595,-0.05850105845621911,-3.0247937010723023,-1.795535616895017,-3.9755140642761626,1.6170035455526244,-1.5755139918823966,0.97360291312045,1.6800942086546353,-0.19040338406164192,-1.2590302224725054,-1.9071557595364697,-2.2125996466343016,0.0734963695230837,-1.6247607315806043,-4.975277230287731,1.4515851654688192
168,1.7937218501452206,1.2140943166555886,2.357708344580787,1.7535552497536409,2.0104889252052156,-0.7688904907877436,-3.3092425252481155,-3.9430081785853277,1.5897017609691626,1.0989436102866024,0.36690672020933146,-2.1095761639427844,-3.4249748440541383,1.4375184265353695,0.506439803414235,1.0689624262194912,0.6452587954183251,-1.2916145266636843,-0.04155993655037182,-0.23794419339388906,-1.9340142969576108,-0.0832500927469777,2.260521724312288,-0.8490942199903255,0.19828374307012453,2.407566361594724,-0.32935168031885365,-2.1664256280106446,2.516979013888322,-1.8772354378560925,0.1403180262803252,-1.6244922149656924,0.6958757052519484,-1.3190185688815461,2.738365174672776,2.5913179933154,-4.3761797815712375,-0.5314235811898405,0.1498886584892185,1.5654310609888866,-0.556538919149224,-1.5774702038325765,-0.9048295672786963,1.751453979050169,-0.9141908801314145,-1.878165076750503,0.8159040898388508,-1.2875726728037176,1.2113780077837584,2.4494799137313
169,-1.2559126311510012,0.37863538852061307,1.1725294601708347,2.244263383975409,1.1602553516839071,-1.881644520578332,-1.3488514652073507,0.2630641586619138,-0.753650051768556,-0.09759068678141603,0.3004800025348269,1.9537570169183227,0.9303452839368607,1.6554912104138646,-1.197544350407604,0.7049410170835033,-2.1016352207051696,-0.6315048108837873,-1.8285587018824128,1.328994246788509,0.2370719547915705,-1.2872830770262818,-0.7843697622059063,0.430935387980079,0.8667950452789799,1.5661388625308517,2.0286477526818256,-3.1604411984000187,-0.31788396004266417,0.9882075001735098,-4.670483786251671,2.05887303975175,0.469351302227091,0.0313693087669078,-1.327999983956241,-2.0184979726535994,0.7868609578183836,0.385477804962858,1.6964935653887738,-2.6057426876806424,-0.8972674467534452,-1.142502190976101,1.6188416014491382,1.6930052932968893,2.184016809939667,0.6604413290696343,-3.4270640433264585,0.9799825932976431,2.5075857943432323,-0.5464238757986815
170,-2.0528246326932553,-6.7703725400014685,1.2741747088277737,-0.9186762011142671,0.5226315743570948,1.4987190208510368,0.2684473533444436,0.7034923490757414,-0.1923160253069689,-5.801490705333351,0.848435269499304,0.7087870012215252,1.7171344682191747,0.7175657253900933,-1.621124455054125,2.3395777978296706,1.5724365341360484,0.770175403269989,0.3581303056957674,-0.40956115614814426,1.719686020877448,1.0777103866386621,1.533356479857522,1.3310291462609358,1.287458273568999,0.49395062613212737,-0.6049574224080407,-1.228036631694441,-2.1226678936817382,2.0511974852434354,-1.959425524080058,1.6174302538787901,2.064616882533998,-0.6677542889816497,0.3976744220680404,1.2257084683093122,0.7737066549040428,2.4622247037409215,-3.7528714065384277,1.2618100972645423,1.059730211044227,-7.449467669678248,-1.869359300887047,2.0833402956079974,2.15927991494974,1.2414297572509767,-1.269828108432292,-0.05442543057922222,0.9283987823629509,-1.3242869815996832
171,-0.30813598735444003,2.3148896336263802,1.5010458234008857,0.5292845983505607,1.269342446313725,-0.3658987180106559,-0.9093298067741395,-0.23158573804841343,-3.4497167053810545,1.2040145022602013,2.2161250652838493,1.519375672794828,2.148973315687118,0.5470149110915603,1.6752278121346427,-0.9884897772657801,0.9541234172868691,-0.1368087251301393,1.7081501365328333,1.976850034472303,-0.4227428743066586,-2.2170966098182685,-0.2236325240607595,2.009834622616553,0.8081003602650592,1.9848940357693938,-1.3981127216343614,-1.2583199938961114,1.2027654319188432,-2.9688835857348685,-8.809564520643871,2.3679187080483564,-0.09488404352070123,1.2817822179844094,-0.09893488111137128,1.1120368844680368,-3.714234140764238,-0.07795396490182949,1.894577859849548,-1.2639449448967754,1.293522142692837,-2.6786054345466868,0.8879227445430269,0.3981975014384309,0.5411092271076656,0.6872082091147345,-2.0193823292097095,1.7012539494262122,-5.765259231246342,1.6659759937782552
172,2.0832392154033914,1.5872095027092477,2.9200685067428163,0.07566750772315967,-1.3865372170159667,-4.423832954229191,1.6386854873325407,0.6632428607020655,1.7588783122635294,-0.15419634805160154,1.5621492689903573,-0.5090772007362361,1.2982310374819166,0.4446858537022038,-4.846608250040735,0.9233571866922388,1.1359209154773051,-1.5005690491012595,1.8475489030039585,0.9322542451561349,-0.7880040506392492,0.25889410808337576,-0.547725322021333,-5.008789202300337,-1.2128394353630565,1.7934748261801237,-1.014187543422712,0.24285471213459697,0.16496511369778233,-8.185560673456052,1.6692722973237912,-0.016014692150938536,0.9726356659102589,1.3918466363161563,1.8680865487469243,1.6437711337607634,-2.6794628791761124,-0.4350576663051182,0.32040912516037334,0.6542040331199974,1.5555766869382701,-1.9672615191031833,-1.6266108503006373,3.0408892719153253,-5.113839061990019,2.5309564617911744,1.1429659528637144,2.0861656483680466,1.1146592610657957,0.0934076286463954
173,0.3395645016842588,3.0789882527866506,0.4969467501561642,1.3893583907647131,-2.191742228067316,2.5179977862001564,0.769341551561812,1.5985126592253,2.7560636558868574,1.7498543904633301,2.002620746636818,-1.1120067846160957,-3.0293607673489182,0.11247984440615699,2.1684113235799183,-0.3353666555278281,-0.8171757416459657,-0.7122564363070474,-4.290901280529362,2.2448214658453995,0.5107063765448085,-3.0495188439951226,-2.538607456661552,-3.0472224898411,-4.20402685537126,1.284837435836761,-6.913926642640832,1.582986192867526,-2.3385055165814705,0.7284188061366459,1.50586763439494,-1.1028451495861944,2.0782086758396994,-0.4776631943521723,-2.0374305415643814,2.1166298367413106,-3.4210086259203267,3.3247331259989896,-0.2661940110451795,2.1314675314920986,-2.090439137454535,-1.4720224063728926,0.8127890805471152,1.6051456700574795,1.3130678628562737,0.5227636841061081,1.8879078576481363,1.7451626922042758,-0.9105341094331498,1.9831010923929733
174,2.2288357915566746,1.4312010968084956,2.0377714161728786,0.71716504029538,1.778209918212783,1.5099789334849252,1.023811920987748,0.8002727075310272,1.1423565465354892,1.4775856979383146,-0.07392625704379441,-6.406689690521156,-2.1597474295283456,1.7084415379973716,0.6986529318701367,1.1073513306322895,1.5663093833839916,-2.1653506304677226,0.496929161899196,-0.9489388782741255,-0.2647338983018006,-1.0997957203453144,-2.1552925226469117,1.1192039104578662,-0.810517771116058,1.324839697805726,-0.2177243861510254,-2.9666853690327777,0.6463492556974595,0.1475426186424249,1.0209360488475818,2.5592607051688185,-0.7204595573257828,-8.849960187106255,-0.5517655691379835,2.0245970548335332,-0.314833941687537,0.23497477526710586,-5.9583269145902085,2.366720450360402,1.7304145574312,1.0079613191827308,-0.3409431582149516,1.036787537347609,-3.9747416631195867,0.9948730122909257,0.5424073875069837,1.1742534251261323,0.3610246131271797,1.963413760210842
175,1.2806856811473653,2.0867835573205293,1.5312459483367067,1.8960771153511988,2.5317371414393266,-6.84825336138992,0.9106315706725079,1.1038261762530501,1.5181504197079683,1.1966015361800508,-1.0653799888102267,1.430144979496474,1.368298040011286,-1.8263749874520618,1.0553347304580205,-0.011038847074027913,-2.721579635932164,0.1336604249839759,-2.3166067604629506,-0.6386636071593275,1.6465389822764678,-0.19043223469818482,2.369438388142059,-4.206745840585082,1.2619961534125768,1.1421764002324606,2.8344718129566644,-2.2948520182021515,0.17968984528684295,2.5504867793925983,0.8306447375508901,-4.201248402276198,1.4939722453011224,-0.48893539955034626,-1.2602563512753617,-1.1643154606130857,2.619412684604308,-1.339828632205199,2.477211913679431,-1.7544411263522646,-1.2984743171199442,-1.7780242466767602,-3.1493295733414204,-6.5330424496712585,1.2252580380621385,-2.2258051895625828,3.1599204414545645,1.6607999176856851,1.8949236544888217,1.9235091145254142
176,1.989018541042106,2.0505600071151124,1.3953224088033847,2.912620603077994,3.071051912807151,-2.054689608888209,1.0340384215406733,-2.4309319436556995,3.063150349062127,1.379766604684483,-1.2811367540752094,0.9382691371735925,-1.6807011854939011,-1.7276526027471668,1.6758496573604456,1.48692654858967,1.9705366331852874,2.012428580760501,0.41639436721339873,-4.79262979325424,-1.7516368416591979,-3.1016763068388125,0.6772740180892942,-2.1887140545928947,-0.2532420331638363,-1.214847522989225,-2.1300872380826146,1.6920893640902501,-0.8041838968747959,0.2000707507030599,1.5336779355410317,1.8888984827248207,1.2435835960502457,-8.453575918298775,-1.4118205773747157,-2.890028862009129,-2.357484586523296,-0.2174383471561514,-3.3902812800693907,0.8715605470865571,1.2084092188598898,1.7722671726499186,2.8719778897447044,2.4016324819013146,0.4514543794379211,-1.130688498197748,-2.8988064808316443,2.5335208006892893,2.468628792363982,0.9512751304283915
177,-0.13299114621920527,-2.8114017659147468,1.405096350797559,0.08058560951364946,1.0643349974046146,1.5178555389072441,2.0990491431569596,2.845591721178039,1.8792277046691246,-0.6331522249196739,-0.8328437770321067,1.4463295698308691,-0.381757779393328,-2.008703997413522,0.0842720410066029,0.3465683192734694,0.2984093259689784,-6.906871478614759,-1.1796843919349005,0.030294430674555173,1.4820075791806433,1.1424585555525058,3.0551097785385504,-0.39119826984758355,-0.2658799481628167,1.3846278368119056,-1.7816495134651271,-1.739109035786889,-1.966955067794296,0.5053469122644296,1.138500671264512,-0.8341090598020253,2.0681378203849605,-3.3969867764145665,3.2405623076732546,-0.07530891511537252,-0.736704415311153,-4.151869519788692,-0.48595717011011796,0.8104747689713703,-3.2336308496815107,1.7888878322685575,2.3210354922685115,1.3314857696956142,-3.871690163894584,2.9785008866265463,-3.816263133270379,1.204864813493563,1.499111409970078,2.585991212540734
178,1.130723707965299,3.2079971299125805,1.8159343281996279,2.422869118636967,1.5964020002435988,1.2105142347362023,-0.9539579579476296,-6.522285602891318,-0.1036456608655909,0.6009385571957075,-0.8922376726336854,-0.17967015696998612,-0.2860929277787081,0.483789158322268,-2.0357333707412133,0.8311219801696046,-0.19689197296205485,1.3179820386757877,-1.5171141998118562,1.8166676386096565,0.6322901576798694,1.0007274443582483,0.8951457407281387,1.7546792791211274,1.0848319756785512,-0.29038122379341047,1.2608972947455395,-1.9858945433297164,-3.5639903380446016,-0.45309124885277186,-1.073021357311819,0.0745906039726929,0.7172689830539563,-3.9734572955076635,-0.12691697365250754,2.2234149393038507,-0.7988347186889975,2.6899122283160315,0.4952357346224421,-0.47682036755030754,-0.44186948802603077,0.9178374652962704,-8.29028951549493,1.7347745890296573,0.9923197760127929,0.060103017139653936,2.110387810494185,-3.2222939614705615,0.48394451258425253,1.8211891095208275
179,1.5743533014579176,0.909180303081818,0.6048231882766553,0.6177057726663886,1.544857838995934,0.13110496227943003,-1.183449084672061,-0.7180394909437515,-0.4560380697601705,-1.0015129998563044,0.7887958660193926,-3.793618268064349,0.2271278152417997,1.3917716636415811,0.08857230931869076,1.3707521536021106,1.807039697241883,1.3508121411772036,1.7452905536140833,0.7887018980780578,0.2968094987626717,-1.9341484424134503,1.2848719217264315,1.0665897659241934,-2.054204082060955,2.6223186268124272,0.6615795563905049,-3.1332760375368736,2.795735055936039,-2.7557655518994846,1.2437475942619818,-1.960651685734354,1.5354921664778183,0.6918622171880502,0.06978206196238279,-3.041538252038759,0.22546294868488115,-0.46157358337668786,-8.27279924239371,0.5337409209904109,0.9189816959923887,0.7568630547717765,1.4721616040506889,0.7426123656554937,1.5165883724484952,-0.3738646098688445,0.37956295713339117,-1.5857112567370644,-0.4291695761332317,-0.6002916163729548
180,3.1944600163855426,3.3661961445801083,2.694837616885034,2.4810321761662952,2.285459988880231,3.032446802361907,1.9529511841966252,-5.337627064568287,1.96092017684669,-1.5336413008266394,0.2046221965141477,0.8184550441377043,0.3086277054639437,0.16402123407698088,-3.9226242891909235,-0.66303592692244,-1.655855423655912,-0.6826969094336608,1.458417082610774,-0.5335433309197404,-5.120014035562348,1.1788350173914255,0.4590072125111275,-0.2895994157908701,2.32122224080083,0.34023785320816646,2.447390644439079,0.7940399785955865,2.384511152492319,1.0649957855311065,1.0009876819789447,-3.5375340259173607,0.7420441959252697,-0.47822428256772653,1.1900486168082374,0.6364243781397123,1.285190355636292,-2.0780803551981775,1.5751123200082762,-0.8830699133819717,-6.218075227188195,-2.7893176781368743,-3.980089335959005,-3.8068655228676596,-1.1737888625756296,-0.38688256517207087,0.657610896094373,2.416796152582694,-0.03700851193658394,0.6906721265226254
181,0.3414680888313084,0.3130102220718074,0.5582151030005491,2.287308517739707,1.361298387263692,2.7337734097415285,1.9766270055329254,-1.027990515881843,1.8834951934594941,-0.9840484578803848,0.007031084287852707,-1.5887591331989634,-5.669140175086584,2.4580817129782697,1.15787877418239,-0.23002326660563188,-0.5505554651855675,1.240535998927374,1.4832476475673735,-0.9182509272386188,-0.7391106783686059,0.2624766952421753,0.9780389530865281,0.7114908910172195,2.5792053569055624,0.7009753858960863,-0.09366001765837773,2.3450203776824234,-3.301491875223922,-4.270970411204818,1.2679787536488014,-1.111637642097076,0.15517426873570184,-0.26621620067318563,-0.008514764812200148,0.5613043749997608,-1.8944802578338003,1.1715569010181102,0.21014437233652572,1.503926207722662,-2.9839079784738427,1.8247477509903791,-2.0583843176413215,-0.06530486575589389,-1.5080496923923876,-2.093534622066131,-1.0944889096911332,-1.1437768665178902,0.21301734172700826,1.3152682648949772
182,-1.8968204230866936,0.5583865352721746,-1.993313931005014,1.125648399468659,1.7209496086064955,-1.5582356062469662,1.3073170126099187,-1.238532641158403,-2.036974721204145,1.6425002675105915,0.7306487772295318,-1.3848278291796756,-0.22575133209133202,0.3958506112835387,0.8192526930652857,1.0989051164515877,1.3469800801945264,0.11511201420308392,0.3880756653022184,-5.711606660359548,0.054149787058834775,-0.11428811898361513,-4.058784936208356,1.0723165897252183,1.9585305919476061,1.5892916550138847,-0.996576746232166,0.07155094200890932,0.8624824106492301,3.5209875902418175,-1.6274164168825083,-0.6676273301352449,1.1400873748666531,-0.055737187386111664,2.250276381180236,1.2548907620834275,1.2988256619655134,1.7930553374748066,-0.7345915892923731,1.1547945132949566,-3.586566039270078,0.3483662626585273,-0.0010514143492752481,-1.688000981821193,0.8734549377602194,0.07967609842588974,-2.4663127285021025,0.7038188066714923,-1.0209681071158645,1.7878022562858478
183,2.47213547203425,0.2169128628261463,3.0625859456934315,1.1202851691176052,2.344941226534836,-3.0055986631043288,1.542735338448126,-1.036179554006103,0.4014496054371639,0.7034430165005485,1.8638663517186251,1.0580886587668843,0.16376635599692602,-1.7871838406996687,-1.4746448753327357,-2.782596125260752,-2.603472014820335,-2.5812888683102706,1.7416611961773913,2.5465078377572987,-0.8603824883767759,-1.398887529322253,0.9891625205854435,-1.5068709340513564,1.3113012328806892,1.160167701441658,0.9698071303600795,-0.05392355247412173,-8.445315063724546,1.4686792208898702,1.0516063906377742,-0.5987051326325545,1.3616313015620873,-0.725447375339229,3.3557452902045855,1.7993160558036725,-1.4576169102629732,-1.7869275426881837,3.010001036250348,-2.2413659581111913,1.7079399815250769,-1.2576884814777598,-1.719479459408829,1.0427024006137415,-5.265662076387172,-1.219595543375564,1.4620332394510522,1.237391188090709,0.5254173759049348,2.1175508859558207
184,-6.100248805386093,2.153539563750006,2.2420538042573397,-1.1319772386054492,0.959586997440331,-2.7517399632547708,-1.2240179299937006,1.677114217036463,-0.06102932072877465,1.593993067394337,1.8903690853590938,-7.931909535255571,0.0009814375460477365,-0.935968678854028,1.2216692850209547,0.29752781004695894,-0.020639284499140764,-0.6370276633086274,1.4994363541354465,3.020797804601399,2.582865769580993,-6.202638466626384,2.124533161483873,0.9987691814587079,0.10322513091240193,0.7466127726300762,-1.7404830411444472,2.1522669533647836,1.8441020684371177,-0.6001798652991877,1.53735737220138,-0.42268605883878685,-3.063131081154168,-1.0356273248591075,-3.5788438953312482,2.1802975739199124,0.6410675195785229,0.403029503743892,1.3734697484083478,2.1150438764424884,2.4765604072729848,0.4376071054714803,1.399358311943082,-5.630634409850263,0.2505215684766311,1.3186028523250064,1.9647330103829548,2.4436321094733295,-4.358642534625172,1.7766996735186469
185,2.1077757688632666,-0.2556623475521764,1.4772039989369423,2.624515722009922,1.6493687025397081,2.7125642574749618,1.8955651284354569,0.11422602415154426,-0.2870053362194964,0.3369316045601387,0.8324132587924655,-0.014966892864427095,2.306147480345853,-8.412881328022298,-0.9757375571671218,1.1723886294060182,1.6766219565724394,0.16096466219541838,-0.5173166497897155,-1.1691977675041265,0.46850687743699204,1.275815911109191,-1.160195973893706,-2.686572814671294,0.021487964041511987,-2.3492108213950713,-1.819573827380382,2.6791696370971536,-0.6351438848959807,-1.5666486591573028,-2.9407063276088854,0.9014812390770119,0.49614714638453616,-1.1540283415093677,-2.5211228660107237,2.4252952732865856,0.44295105518323297,1.9326158557090434,-4.455778801254525,-2.7693621831304043,-1.2620509535111442,-1.6044949504952069,-0.03896302809618568,1.624368632765799,-0.6188548864835282,0.53043070354608,1.8775049767354122,2.0918903451027675,1.9132735945094517,1.4678497923442775
186,2.4706682673770466,1.559369164631081,1.9097082956450437,1.4456022532287571,-0.9464846766091108,2.1798016175447303,-0.3011933559709048,1.80545049139341,0.539507596955902,1.034821765129128,-2.2283110760158067,2.6064247778905725,2.7572442579570704,1.2644958648888305,-2.350253191197389,-0.20154572313014985,2.482462187585195,1.475635186725698,-0.703916198785862,1.4271966696623513,-2.41175604871131,0.00846908297487392,-1.4481503049093947,-3.4479281853538852,-0.6003998711452665,0.386771117018994,-2.564219379870133,-8.156970127516967,-1.5733889132509713,2.2056803153782463,0.9582950101669212,0.5378825595588683,0.914841705582722,1.4220762114578962,1.199852718683732,1.5937207836387963,1.7826711091961456,2.372083636806129,-1.3199189144085706,-0.19120594146714165,-5.49893148681999,-2.3707221739810036,2.0825521469181463,1.6826517146817372,-8.331232706963306,0.6499389829947324,-2.9678599210433,1.9261797019891596,0.34742814168464164,2.5849048618039294
187,3.3350407944146374,1.5208307847082279,2.5073082087412497,1.6443925110986877,2.6334334189139628,-0.2620337727256219,-0.7157311826608881,-3.065166254853928,-1.004720020129711,0.3124333856243604,-1.1869118591278864,-3.8722611411536665,1.1260085200453287,1.7572684714350681,-2.322656111583937,-0.819354207918142,-0.046720402345832746,0.9605057093152802,0.9400257740804765,-1.9789773107300466,0.70246330086123,2.114807911203293,1.4699196054990367,-0.9751177461280625,1.4447679823477269,-0.504707317252949,1.8146089079504808,-1.682945158171366,-0.4045074788414329,-0.15203940901047286,1.5686409752359136,0.11860416706421262,-0.15848579759568615,0.1464594688676657,0.098812676398639,-0.861303805345508,0.20125865757105466,1.9764020605473105,0.3577328436974936,-0.44160974066097936,-0.4339575754935545,1.109115416505424,-2.1980613859909433,-1.435706463159482,-1.9152500278305222,0.792711393221861,1.0428472590618352,-3.3170104165736234,-1.9050849994677046,-0.036080619658475754
188,1.0884833435122276,-0.9791488256965026,2.927632107352509,0.06948895011236633,0.4395602107317149,-2.926093966885647,3.479203337034961,-7.392530844323019,-2.551510689900576,-3.152177704043323,-0.4006510222469224,0.2990076542704436,-1.8314403651102644,-0.9320635532669614,-0.6420903960194213,1.1063663919827968,-2.0750340236379055,-3.5770773231372637,-0.6574393686626676,0.9278641685876998,0.019111253953114193,-0.7755463271214715,0.9755714261119603,-2.726250688386294,0.6623733375466836,0.4792505484351377,-6.999023330629061,-3.226129368688559,-2.2595466681738605,2.2516878135276106,0.8856146625224852,2.5090624707209335,-0.27035244641272005,2.55826759751025,0.611853509841068,2.421590769952118,2.143476077403488,2.4226467375797704,1.7727920212283315,-0.002655968856552171,1.1076942437252226,-0.3765669027817564,2.0131649968633334,1.7530626622230754,0.0931778005979087,2.4378230300025714,2.071817953255846,0.1624291148809034,1.674156819383334,2.3890987731309075
189,1.9630819402699595,-0.16340326151980644,1.03055286961661,-0.679899386166686,0.12285122156488182,-0.8017743313373868,-4.377876547288165,0.04907067249007646,1.559946040710619,-0.7623770422217939,0.9899620110232012,2.771757246499947,-3.1622184702778453,2.102002154799415,-1.3111606774282043,-0.5498526771912431,-0.6140829467512026,2.5028811416444494,2.087378703693936,1.330930235931294,-2.269671191853136,1.0577390201850991,-4.534615356307747,-1.7486811799143664,1.0223607953177183,1.255665278348332,1.764622300296395,0.3683305848508267,2.577382747201523,2.2964940390226767,-0.48764227585773234,0.3693101444370903,0.1936040791196163,-1.681594520418459,1.6063421628979881,2.030374404045821,-0.21953706777443482,-0.039351188888873345,-0.02894945918566183,1.135782608728829,1.1436962355436204,1.4779242207302943,0.7894501477965497,-8.664270599128816,-0.32769189653952147,-1.1700652484239358,-0.4849874705835253,0.8734334376692452,-4.03068326362141,1.6374596142439146
190,2.5377535515554714,3.144676294789101,2.3042403487703123,1.0745101072976544,1.0140353345071258,0.8861963988809647,-3.1599741925138947,-1.1517726533915935,-0.01574404159876064,-1.9368843840864836,0.6064080155569407,1.3405577669554862,2.072607399132851,0.1270897931340036,-0.972232337345635,-2.920789674066505,-1.4381937353118408,1.3949405371857915,0.1457171236658148,0.7462333898376681,-2.9839603100235905,-1.8518460348618548,2.7174304820279125,0.9128500509319659,-0.6061212838183705,1.2046991859084573,1.993090767400898,0.7269042453402674,1.0214948816402742,-0.7369630763203014,0.19990395056459942,3.353909597643382,0.8638135237032492,-5.829988859812344,1.6864085265792963,-4.357920325095574,-4.792873838649239,-3.1140629721265025,1.2723120947990165,-0.7244586112769689,-1.65723417971311,1.8763707306150108,1.399647351145053,1.0663572190505386,-2.4583020188912217,0.23844444612143167,0.31342869307691945,0.38490409298163275,1.8593543376545973,0.2230322904501536
191,-0.37573098408388184,-1.2424259652978247,0.6408228784996384,2.9793671048808386,-1.5774128616616974,-0.5134126446008267,0.15308343788856327,0.709645594398447,-8.081189633319523,-1.4385305238632329,2.192127532582773,0.5692068756874651,-0.18275368130655245,0.9629842951840466,0.11877315110018394,-1.5156798037790233,2.363798829409198,1.2022866473862397,0.451750994785554,2.971830307211191,-7.023653410337916,3.029521271076581,-4.761280823703107,-1.3810830917805186,0.36867126179428045,0.7811522983302712,1.461321479690425,3.0908670404983103,0.25934550225935915,1.2678044238988964,2.2972370107522844,-2.470510503525256,0.06738539237528673,1.2714435845784395,0.8979560605309889,-2.2215902152596856,1.4342992847158627,2.0946768777697122,0.34508516438164083,1.3711282828859672,1.5060535714595744,0.4570477028246964,-0.008361754706577074,2.297442662667199,0.2885370495539812,-0.010136956585821366,-1.8481430894904953,0.9319994216531056,-2.984642118221295,-3.1981149311878116
192,2.1822079331806234,2.025793555514337,-5.2972180041865435,-1.3393932790085685,1.8611682076561564,-1.1644305565545654,-2.701396993175706,-1.5744527864949953,2.5910987248256654,-0.323429668975141,-5.892128776488054,1.8082579202763185,1.9042685451177892,2.1128310687681062,1.8459574643092775,-0.43839391012076945,-0.033565162696993056,1.382491487445054,1.2465361293351807,3.2060045690350343,1.1041493967313079,0.9779243235065449,1.291333305025307,2.0121506314645066,-1.0332566067043247,-5.939838447820389,0.5319350329873567,1.053259687483533,2.661222966369631,3.3567574393220734,-5.2060687901089935,2.6485064198836548,1.6590167146299404,0.7647364300539445,-4.1373029166844475,1.786017522411861,-5.800944451335946,-0.8938710587185659,-2.493230829948736,1.9267157707582645,1.2172695397980524,-0.75168205153226,1.4857111382079982,2.6650895372700987,-8.246278952325385,0.24228048299054183,-2.6527278365953713,1.0372099187213664,2.0829931826532855,3.2487160337430585
193,-1.1515017493625495,1.0707840375728224,2.2465203759613614,-2.24723789589289,1.0913487299342184,0.6340057566690307,-0.3970157671326877,1.6123064633305297,-0.2706011659046652,0.3750141626108441,0.31501231808390084,-0.36500431235701214,1.6804295242908878,-0.03341949664065691,1.0051030153950888,-0.7412871929502991,2.239892105663763,-1.4165445035278479,1.102988784781541,-1.238851135073892,0.6677528186198556,1.8392950966698645,0.7509577411995556,-0.14318333586456689,-0.4148831164773146,-1.001829282120025,1.1822666582718488,1.5429141934735968,1.2680970351835592,-3.819646373744053,-3.2327291554176227,-0.4238856004344056,-0.9976146156177972,3.04137637876483,0.8694305309303112,-4.079836260079944,-1.565874171039142,0.2553668039422128,-2.700820706774217,0.9816859187759248,0.27586541670116116,1.8049184471663264,-2.2242493992753465,0.8558829427528605,0.3853149034858312,-0.4790425052483336,1.0091135771784967,0.7554414654854753,-1.1167680452977313,-0.7972594166627394
194,-4.284684272471783,-0.07137474124599397,-0.22822693534707117,-1.5547037236729366,-0.47926253792019935,0.6902806995537825,-0.6274523304350268,1.7257523800673042,1.1138159301230948,-1.9241493653687822,2.0386809092848335,0.8342811629296243,1.282494181530594,0.9246082744990547,-1.4857987228830556,0.5665807600029051,-0.5952004308395811,1.7966090473002523,1.2202422299065097,2.5403212944581037,1.4573383994042328,0.03208340929278908,-2.0889732996614834,2.007044871096647,2.956855975570789,2.681567942913918,-0.18806658843847135,-0.994350380410558,-7.107031906538968,-1.6401315659911049,2.772526760895975,1.7887633085853065,0.3367143968372339,-2.885414099695393,2.1505641381410854,-3.832290411191482,1.3615952981373907,0.2160152186223101,0.9969858120223343,-5.559873054599566,-1.1934692561798128,1.179163327201354,0.19562000192843865,-1.435359956461789,1.1544535718507252,2.237444057588521,2.5043831753981425,3.1534510894408507,-0.9943562945257352,-4.7460677507052695
195,2.2452480890035744,2.1034962044630485,1.8589938800413885,3.0001638041755525,1.5619490788665136,-3.1779118434700564,0.22332750158513726,-1.0921021420730082,-3.2871858023442435,-0.24649871932008693,-1.8988484284496376,0.9462265085843953,1.686728634992233,-6.218879753124856,1.2314216701822964,-2.032611881876627,-1.2580956114781188,-2.050997787815545,1.6515776499317214,-4.512024302197977,1.7371744281250336,0.12665539424549088,1.5837804909759736,0.4459011321839528,-0.18018510362875695,0.45846714634886254,-1.3542493523279147,-1.4260639148085739,1.103463888817171,1.0243528562270812,-0.5861692036236361,2.0852945749347374,1.1420155000044927,-1.4792599232271453,0.018502873405375375,1.8229774124931546,-1.1750642930453798,2.730925829239584,1.1970062131975334,-1.5932510383403446,0.5629608083917548,-2.0587209980300054,-1.8128839452336738,0.7782524626300704,-0.02704514382452139,1.4030847266071471,0.5884701997119803,0.2644821861246047,0.23948243237593747,1.6456656103742784
196,2.493487403919349,2.003438844829324,-3.2595298473155703,-0.425265827965017,-3.14239558954593,0.48748121957726376,2.260784531587401,-2.170874179334424,-3.1251283541821246,0.721226766243495,-0.17830451887804344,-1.1635325183975729,1.4763002344686558,1.0683272710201432,-2.68298845005799,-0.36467462673682327,-0.5564634010928131,0.907170038746429,2.8260209590530243,-0.6593338714532342,-2.2585561602575304,1.3007428606397045,0.14671091504968015,-0.2640650111497651,-0.5552699852570333,-0.37740396357928585,-4.06548954585988,2.2320819420844273,1.7395001125700311,-0.02037049900007748,1.6366602583733947,-1.0987066503311587,2.2391632122146725,1.0184135444279843,2.6244731145305855,0.23999555163405972,1.4722879462988492,1.7973023513066235,-1.7333212891410117,-0.671686458088046,-0.7430389205413777,0.09760938436096467,-3.3295188347191553,0.8354142282900661,-0.544631156567501,1.875582946224927,2.1754119899471505,0.8628130584382516,-2.278890559602547,-0.8689604667825384
197,-2.860794352010344,2.634093526135539,2.1203420142414204,-2.274825445693355,-0.6111724083444985,1.110929271268084,0.6465898104141967,0.5875002599547381,-3.982367078712529,0.32154690568557953,2.229855074515885,0.21841952725135716,3.022394857164314,-0.08230586321028088,1.0166036595878811,-2.8919114052943575,2.3935181565787196,2.698819064134376,-1.7841423692028053,-2.3393527628152677,-3.099427379800299,0.7203795378452051,-8.45026262208544,0.5885098924625343,2.638035594974237,2.908713223468205,2.159038287854801,2.084395793540725,-1.4344460852056056,-0.5099482044104349,0.06437857820170834,1.151710703486656,0.0602435616224426,-4.03763656956323,1.6952562224141179,-1.0085270176203682,1.5169237323979075,-3.054034780901966,-0.7591191642502153,-2.392753663796829,2.5057845248994886,2.148630936511254,0.6515079811498063,0.8863653815605668,-0.2525405945545627,-1.4693674972350275,2.8552200058798984,1.0657844819837408,-2.0189377985689614,0.61238249609102
198,1.8646126716167504,2.4893192811891636,1.0866735787715593,2.086227841270283,1.2629138547163508,0.7037203892487742,-1.655331869020456,2.8195636879218138,1.6799698015202784,0.22539893621459584,2.0372336719710735,0.3982801869176589,-1.9162152531500967,-0.4111410375976394,-2.0125328654018375,0.5913971975004744,-7.032907437140875,-0.9813265945222236,0.5478294849760799,0.31135762112611776,1.6151210650413326,1.083694887937837,0.5733614091085588,-2.861662813505424,1.6749554847850647,1.3556437024102017,0.47900635479153664,1.8514154886226137,-5.727391126523691,0.5667507950742889,0.49408948733216285,0.5457958764928437,1.3298173140027911,0.8447247391399841,0.27989190031259437,-0.5756004282966591,-0.5900690874831005,2.3818662718384442,-3.73870538721643,-0.969688846953928,1.7579763152879275,0.7551621118178442,-3.323220431671177,-0.09026964451766872,0.6286777290437682,-2.3772966478850686,-4.121323927965478,1.748796102003642,-1.4503869861064773,1.7638251449538478
199,0.9731172895713858,2.0354300929684483,2.080296919494267,0.4559026520388718,2.747378870229612,-4.950128835330543,1.9574931465137984,-0.7374260662997818,2.295691417744731,2.0827094588247084,-2.0684746189872376,-0.771716742113699,3.465321139003793,-3.401449768848642,-0.7417656152716701,1.4359955809779859,-1.7137646268672944,-3.696057529406718,-1.1892780634189348,1.3095093752388438,-0.5402689535591385,-0.22419492596102586,1.0303440611973382,-0.2312247916440695,-3.3105627142909873,0.7715061681567992,-0.19472818900012712,1.2413275581383765,0.6996836849641266,-1.070926398972155,3.153983132960205,0.9223407191678001,0.650587845098797,-1.6183407992607366,-7.703195965864489,1.4707806796784957,-4.514878530439151,-2.3345783822040955,0.35451553153372384,1.9771444385461678,2.6507268296867004,-0.38735627739142675,0.715367884333153,2.428938855623491,0.22036444447372183,0.7634259575867981,0.16297598484915987,-1.9802555539067992,2.593711874252944,0.7340017561845773
200,-7.990000276020778,1.8531721943294075,2.808834289450433,2.0295320368404113,-1.1182384750717507,1.1292701238181042,-6.050120256163996,2.1127818386474004,1.1725047350933986,2.468164274417564,0.6976529353397085,0.25995978403320574,-2.55896416077921,0.685485875568431,3.030307651527661,-3.4789736303641234,2.921890449442289,0.8999636574160581,-0.42775369854878065,2.2093824334115366,-0.017921240093436985,-0.9402588218725638,1.612908584908689,2.21556006139553,-2.7880603416667977,-0.2690245661530968,-3.9265014928829096,1.1904487614292956,-5.628196744389507,1.7790751947222625,1.546642032384216,-0.8844955143613067,0.6369088288590854,2.9836912381322853,-0.005221673540428462,2.781903617703371,1.2469841821729188,-0.92841538856581,3.0509146744766493,0.5423790446047949,2.686972466584825,-4.2195154057776865,1.3144441314116726,0.5548380381688229,-8.302266401241875,-1.4727126493269127,0.8453687194676984,0.37209425752741776,0.6852160468549657,0.6813885766807193
201,2.3971407989769853,-2.5111888936568647,-1.6906684628906508,1.414109444327091,0.028690324008013413,-5.801392086469031,0.6127585114196554,-1.384665785408643,1.3397901124808165,-1.287228657798746,0.35822388173084896,1.2941008552826143,-1.8939822291305184,1.027056712325182,2.2493268733359706,1.4210985109197822,1.6000962571192137,1.0284720382614605,0.06449281999210132,-1.3056451896562455,-0.08762012354770121,-1.4314560158442102,-1.9495325441482647,-0.9035878687599119,1.6043198918015626,0.37221504467908684,1.188549945013587,1.1791340367161505,1.9187953841829017,0.38417028352442184,-2.632359481339524,-0.14621531182261638,-1.4964969454966432,0.7297054540436196,-0.010602151504636836,1.959594315932859,-1.8253333578455742,-1.163685902121263,0.9579280405963839,0.6523337433080023,-0.17255553789699896,1.2975018664305211,-0.42739398120761685,0.936685187055597,0.47284909790756213,1.3801412772318735,-1.597546623464524,1.402309106049795,-0.6988708722145773,-0.8535617924288825
202,-1.9445043446085952,-5.159390902562159,-0.4869198121068239,1.8169119922638366,0.06043467434600913,1.2411571398155834,0.6429377656386475,2.0360659600768702,-0.7387529387309799,-2.0407120435337864,-3.705554223625076,-2.324799201486437,-0.448625087402462,-0.05455070577758381,-2.1081149286099787,1.6155032299744243,1.4566229836617643,0.6018933044746433,2.0906076860972624,2.5996601437228937,0.5225284794310978,1.7252119299950612,0.5957780231750096,-6.116534154189968,-1.344776023295764,-0.5856728110033691,-3.96283496078462,-0.4963899389475568,2.134953895132438,1.2814136690768598,0.1746537518297746,-0.4018192452074496,1.8443096325766595,-0.38039150471387106,-1.238806888349413,0.17004540498404364,2.2584972455221712,2.605566631112807,0.406634159584506,-3.6208797931034438,-0.565707193024287,1.4004414618380912,0.563277461869176,0.5251621356437051,2.3142633595284745,-1.0140995438103166,0.648603165836029,2.7053145310944435,2.2910160315247228,0.4103703950469235
203,2.6534842067913598,-2.1866360909507376,1.3680768385639777,1.204547808798563,1.3497419631755596,0.44680800337304927,1.0737085637231587,-0.7777147965551121,1.427120920425763,1.6250419015458877,0.03419667328391007,1.7237368219896547,3.22336381861868,0.8358164575329354,-0.3665897690072679,1.5719627014650417,-0.7941303558403394,1.0660694901330006,-4.580768789349551,1.4971493305139485,2.741097690318856,1.8957109691830727,-2.9426888984613706,0.21943957510236256,-4.850021277577681,-0.8027604902816572,-0.8210893249954712,0.19384007275389337,2.788361762452656,1.4888663983947152,2.0794687292080005,0.9182786337332995,3.5749517174578767,0.34679959977756525,-1.197672919008383,-1.7202708361145227,-1.1400039833309208,1.801414097457163,1.9353916525521302,-8.0352655226339,-0.9264363582848434,-6.323310134729216,-2.5434459440066606,-3.606092507252753,-1.0588610673607288,2.806224678236443,-3.0774358257599213,0.6445794973577996,2.192128909248335,1.0238154083324282
204,-3.1026263036475115,2.7422950268914015,-1.452548822657783,-1.8653282135927078,-0.12670263851593777,2.801354899645336,-2.488143322621606,-1.139691468778543,-4.042959622231564,0.6754200016512177,2.4352396423351426,-0.3192316804076807,0.7739745040705834,1.1736219583839427,0.07137595360084337,-0.7430656444057693,-0.11750536241739962,1.0168071964157193,2.0133235560299148,0.4524425720502778,-5.430039180061236,-1.3243441931488666,-1.429843798301616,-0.23240643375150238,2.2412417771823208,1.0203734867422165,0.8244536429971729,0.8216983519999479,-3.1068714079855813,-4.153922764531853,-1.1029800467943964,-1.150532135114858,1.5616938234783961,-0.8602174796969857,2.7613453714445706,2.8234240632678125,0.6085625415689737,2.7582843844607194,0.9653101159179167,0.48667807082304737,-0.5593307121662203,-0.17218482953449854,1.8484578937532503,1.8843001356754563,0.19150124322883144,0.8336279910458595,2.4680117574419667,-0.15238081565768002,-3.95055591146434,0.7685928253833021
205,0.9327279436807285,0.10104168055494167,-0.027282371206861278,-0.8486592084351843,-3.714514278905546,0.5146157552743302,-0.565357505369759,1.5089866557826657,-2.0218622654098546,-0.5219932011018091,1.503140330460146,1.6827078768026178,-2.6510259758086816,-0.3727154860060482,1.7708834665528657,0.0969980731960911,0.3607932747137692,-1.0294787420764289,-5.245549064342913,-1.4295005202907785,0.9486640839947129,0.34695699512574407,1.5493966803482566,-2.8779316625695808,1.633985270614351,-2.3204888865533935,2.089253625862499,-1.1599242096204243,1.8312939718860215,1.4391781884579298,0.9718615866572171,2.0605932639351545,1.3355741801083152,1.698412394959191,1.7035101199084597,-0.02796545886193247,0.7823288861533086,-4.809463861838316,0.9218391147552532,-2.13332191713336,0.39294554652999647,-2.225397729293557,-0.1135765700613085,2.3663024852158028,1.455315845936067,-0.5925707674888194,1.451230323077803,-1.9750472110110628,1.3965157443451304,1.8165735284962596
206,2.0883339444082774,-0.7853547132347618,1.713882543444139,1.0133651692902106,-0.6151256369847378,0.6924493953930071,-0.17386924072319587,2.607353121758754,0.3887977452689064,1.054302494010737,-0.534653086010799,1.4119806656643057,-3.7393045152930746,-0.4624193924897835,2.6046763240697124,0.5399385509730541,0.7483026234975032,0.5107959267620528,2.2094366302912705,-4.660059915385643,1.6534509654664906,-7.091910460184861,0.5045655550837376,-1.1863844601319844,-0.19863239532209498,0.4842738342491799,1.6754517331759615,1.6730832686814185,-5.15440990419404,2.350236038910915,1.9004796504472292,0.4174786845365617,1.9925259936438575,0.2225774689769766,0.9061488886770688,-0.8482789406646516,0.17544400249463177,-2.2796138599986335,-1.8359278960254644,-3.3696241643551677,0.5491916655239546,2.548958194153398,1.2744302675309545,0.2509240593595985,-0.40619862383085703,1.8274056562037995,-5.218632529149323,-2.3539064225950694,2.708257427718479,0.21580766690803
207,1.5545256796282372,2.226208194959196,2.8828606824667515,-1.4102400441599787,-4.942886639328853,-3.3573360539487833,-0.39276939764182917,-1.2357668827888544,3.6807833052276626,1.3218958498661104,-7.381366793171708,-2.357351127887801,0.8073608887086303,1.0999102063714954,0.28474745093526277,0.8914550371738823,2.162226201989429,1.7181112462533665,0.2470214144813161,-2.3757478822767277,-1.3515269015183362,-0.973341590447494,0.6186435357196789,-1.6205647996101087,-0.6928099928968701,-0.36087151724982824,-2.1823779230323783,2.0534497835445906,3.428612131491093,2.3547429722160755,1.1399222513135756,0.30457195008572135,3.968831644326588,-1.4230553477148717,1.100884330833579,1.888962266087049,1.3254212027378758,-4.997650834385812,-1.000013277599571,-0.4005087871715496,-2.6358754911887345,-4.850367106268992,-0.6363265537920695,1.114557999634921,0.35883018028863667,1.233934160128073,1.9123792692290502,0.9412004062077655,1.2038524894747056,2.752852212700869
208,0.8869976521229548,2.41071554125208,3.0086280964177177,1.1340805804023586,0.43533766441394217,-1.389152922111892,1.1128179408981027,1.53626542583587,0.7301675288103144,-0.23013820985789035,-2.021671815201943,0.044335429688189265,1.160766646928597,0.5599228286932139,-4.427674058936978,1.0435862093049728,1.5245039479695803,1.7014513886423668,-1.2706569646091719,-0.9379523620664818,-3.5672114322029813,0.9574186547802968,-1.4566255383398161,1.238319448142975,-8.538612560721484,-2.58170995800692,0.28315696726004624,-1.4492550952247027,0.8393082400498661,0.44754578707644477,0.5855493123042814,0.668715825401482,0.8361968571875824,2.072623833811923,-0.14354908644695286,-0.1885597551699405,1.3031700720035193,-0.07664148264647341,1.7563138297831,-2.2725313339666275,-2.2406013362374395,-1.5330751603958461,2.5705127899479754,-2.453180112044657,0.11955736207287782,1.2294488088297624,1.3456357550004507,1.021239819933792,0.8084388268198603,1.406070112401816
209,1.922839574806484,0.0378812409172653,1.1455402031402238,1.5646005851762248,0.08081156067979567,1.5871927585904144,-0.02430142350942166,2.3637213015743415,-0.377565656329776,0.35633348322161407,-0.0728786146379008,-3.862241043305268,2.1911188594725193,-7.86046108391332,0.32706567571070533,2.3661799881791565,1.6521252608302062,0.6579942353726524,0.44998673264515343,-0.9149108529277434,-0.48389701928275564,0.5585866153507641,1.9759429113131755,-1.6568059657936463,0.4780323689550947,-1.3088920299403952,1.1743243954934242,0.34874570009716344,2.4348361692006395,-2.5570931465355287,-2.756877298991075,2.66383724448304,2.7251259911254753,1.0139450282348177,-0.20603194075279685,-1.6549946958454465,-0.4093302005394852,-2.025626335869897,2.550401321182648,0.17127517578651386,-0.15614486495001323,0.44959977059968015,1.535494925531255,1.423371949955062,-1.3402110640013252,-1.0215376679815895,-3.92852443716421,1.4833075290748186,0.16434620001128408,-5.236239414440041
210,1.7301131483253744,-1.2340858398103807,-2.6701737064979216,0.13385944189853038,0.9982926304405844,-1.9058178933286207,0.7858809242653404,1.9719195521988429,-0.14577101474259546,-1.7500361749114504,2.245562756611761,0.2939470469339325,-2.8252672599525903,-0.4055334549413976,0.8989892810707358,2.1739173590087444,1.092626772576888,0.9581177457596564,3.0548519310805484,2.5147986700157663,2.7793197835921326,-2.8753362285567388,-5.000184004965377,-1.319365545141772,1.5805713033508613,1.9959693768782527,-1.0507624886170621,-0.22774357431799874,-2.92555340235434,-1.521924948116073,0.87768745047486,-3.985264846090849,1.325839673511791,-2.3769318607693313,0.2615309670963768,1.4493130999742636,0.6301808241896678,2.0828151660728573,0.510065272277342,-0.9738304026339373,1.8694131051209602,-0.035023966644141424,-1.267097795480285,2.1460748314335936,0.5662513678279097,1.4684272051475236,-2.5686858588464174,-0.7828823572666144,1.3613609322427798,-1.9104249953920123
211,1.7307585616243846,2.599499580123868,2.6028730085934138,2.4996625640679815,1.801512633168831,-0.39825106538500776,1.831562056922888,-1.3624391347192342,-2.7203404019204367,0.5936840176918095,2.1299166368119407,0.7258884172416931,0.29474183280503397,-6.083565673562027,0.6991405186946755,-0.9714584030975582,1.895667760809033,-3.681863387043088,-0.7178677357822965,0.385909503104795,-0.9748907738287595,1.360849596608944,2.7773357956025007,-3.568144502944196,1.2109655949502125,-0.04712349548814565,-3.0782085939380055,-4.150229788994456,0.6532788628452613,2.9119587764100885,1.4089353435170398,1.9237738921417495,0.29176270725103937,1.0557961732634844,-1.6877795004785625,1.2024108323777352,0.39099224270069577,-1.0865976267599828,-0.11169787744506543,0.6802193685094533,-6.104147756363493,-0.5769546985945473,0.35175164927883795,0.030521911913419686,3.254856956334315,1.3724071479108884,0.48597797834319856,-0.04229315899336594,-2.0334289170116087,-1.7573294292693697
212,-1.552566612042547,-0.22769795131709625,1.8190409693169012,-0.12248764978229598,-0.4455002537693806,0.545024883177347,1.8337883596434819,1.6945041078610346,3.0986320511650205,1.5515680627940553,1.242141365740284,-1.3368718992938255,2.2024866475798817,-1.9984763915164843,-0.26082593095857565,0.8077410998257593,-3.449314823749198,0.40291312639597177,2.11152800718997,2.0158657872216454,0.5079740757914708,-3.5104416195336405,1.3918632777449198,0.3861912174213913,1.2642409764071743,1.2014018001180418,-5.345399113295276,0.4727605688511014,-0.5884156694203293,2.982338786782085,0.13861171397583139,-1.40452205861716,-1.9963140905057228,2.336994227024805,-0.7201834739943918,2.08592200920322,1.724699993362543,-1.025231073771712,-3.6388125639615954,2.117235236342587,-0.6200260929301988,1.202240689669945,-5.074678439946796,0.6538755571639294,-1.703429815299204,-2.3667562810621874,-6.401614006612222,1.9037746804420843,2.1469839297318973,1.9472226034354243
213,-0.9151145844680411,1.336124331406952,0.17540038533906888,-0.2088308875534537,-1.5776602589520747,-0.9676087448933268,1.454637269007045,1.763485165970625,-0.7876752653532986,0.37194635980864277,-0.09351722469323587,0.7860521325842784,-1.222743320705992,-0.8290779471507514,1.1439058259960326,-1.8732129369946158,-1.2170343788566482,0.018518503577394263,0.5123035728738143,0.7175224509656051,1.957970095022214,2.7647542426134284,-1.2418161501652767,2.0961045819526314,-1.1650654167749295,1.2379048294169137,0.3508413443371632,-1.0057667859261477,-1.4384434511366289,-3.590867418909478,1.281323027580417,-2.583391393087526,0.3594050681491048,-1.7400503122445503,1.3865012253707953,3.0876564553329233,-1.659320316698813,-0.3866766911129744,-3.048306447964607,1.517651916557139,1.2672873565165261,-0.26623344138074323,0.8056349626690054,1.1055924646973452,-0.9600121823915426,0.2639516238703017,2.9323060711028566,1.8817700843609502,-1.6062488453387198,-2.19187694432585
214,-0.11732503961328078,-2.8661269605276702,1.7796921575488147,1.902478019345212,0.7395604596345535,1.2321297995921388,-0.20522947847195638,-0.00039985303752487766,0.07439458506866625,2.3894175084492577,1.2944025246172077,1.1805366664559078,-0.7045463802018128,1.2779161910581367,-0.11948203627410248,-2.512338162166852,2.402380421733649,-2.2728231103749135,-0.7870048058063892,3.6033022204921714,0.632269463756824,0.979822989167145,-3.195709755259906,-0.9718328780930126,0.21634833286676525,-0.6070724989701084,0.5793714841442332,-1.6164104343191692,1.4909042693451098,0.16968324748062713,-2.0115735578833434,1.964518633088756,-2.0038893832630835,1.5109979207781739,1.672906884307233,-5.033981034561736,-0.42538475861227365,1.9446550925046848,-0.1555989027024971,3.0070300553220757,-0.38257899614042934,-2.1288172229998157,1.4388177274797944,0.60831604070101,-0.39482010533983214,0.03305889868536305,-4.628279133223264,-1.1211811347433676,0.6397360084876702,-0.5022419795248965
215,0.7176620345363096,2.48547850861753,-2.2489194662796885,-1.2108607772245916,-1.4414812636517302,2.088251024849864,1.629151259762076,2.2904013055304526,-1.8953241049701601,-2.0228914005674064,0.8533323224599734,1.098684666898884,0.8133836251338744,2.701152381828807,0.9883429201799254,0.4329203839052971,-5.798204660276056,2.5651857354424736,-1.3282075599184928,1.0476742678657844,1.9438764834506252,1.7203958733440978,0.13502312463224353,2.109388984865681,-3.7497807408681805,0.26992673327809946,2.4686778044850954,-0.8269928430976989,-0.896886151695333,1.6393414142764793,0.7489854128245428,-3.436160185395037,-0.5295702080717426,1.3497354354126445,-2.956090039296578,-1.5149821036133648,-1.316226576697356,1.2028792015258896,-5.004509626773983,1.524296303293513,-2.8624025107278097,-1.2433061264371892,-0.45226231047189014,1.16829892052216,1.9834602342237453,1.6695566768053465,-1.4786718921723665,0.5485131877010723,2.0225104543127093,-0.0027561337585488843
216,-1.9989150433629996,0.8233515586526492,-1.6262302782505893,1.7529857530219854,1.3638235503701592,2.0535140434750927,-1.893443721167193,-2.834152712018297,0.23523613231740015,1.5562909416688053,0.8995333321857286,2.028358522990482,1.5655474883126388,-1.4474587297853692,-0.45230120752158065,1.8781289137064143,-0.014663840670698036,2.007720311993982,2.178486868256539,0.5718671741610644,0.8040580575032044,0.7229681153467151,0.24564990450457813,-0.8105777210037166,-1.2862880547692344,-0.957377859352528,1.2957377119690334,1.8911865124930323,0.0554100727355884,0.6679205579806053,1.707490467942415,2.4687107492525744,-6.312111107838692,-0.9705385301263876,0.7910893389584661,-1.5379166504766442,-6.649242833680186,0.9087146211780697,-5.597721641621283,2.6661595929993736,-0.940740523357694,-1.9907188005540073,1.9534029778266926,1.0836775863962496,2.3787486682599894,-1.9397967005161512,1.4189574503188207,2.653845234156303,0.29639988107697857,-3.6647761359383724
217,2.479441327518085,-1.3910253202952152,0.5824954296712939,1.1899964928211442,1.2547025873676731,-2.1095919465799415,-0.6001885301433623,1.537704660290867,1.3980199458493243,1.2427500393605881,2.260416459262841,-2.10886181858016,0.4702986969100369,-1.8844753190373504,-0.9954488519810738,0.8960810492627909,2.463471561735803,-0.5049988050314766,0.18636561820415842,0.8564693428484311,0.8543080495346018,-0.6845682959673436,-3.2754777969280777,0.7779102399895068,2.42822588835588,0.29801828207574044,0.5309865378276735,-1.314975318956396,0.6901973559378085,-2.2344966896986733,2.883900718667658,2.087504858426268,-3.7343490833553687,-0.27524196121876443,2.5459071613178765,-1.0005253364905728,0.2992926646796912,2.1908663578864704,0.7988134650469076,1.736337718329446,1.7729692508335764,-7.096635939035574,1.6720174791005626,-0.5997686788587435,-0.9030459016176007,-0.5870045389351715,0.08859502927921525,-0.9723798429157657,-1.431687260839384,-4.769317031925965
218,2.1261025762433343,2.0054728321131585,2.4452030915787613,2.35336642759727,0.41480117579829745,-2.5327315685533183,2.8674330952231757,-0.7979552269772165,-0.15359087817805062,-0.7011210746669647,0.8150072585034538,-2.0734191648335285,1.5415659948383098,0.9688875387175058,-5.346114487603026,-2.5132651557987797,-2.7423379314385317,2.001582759501447,2.591372542693649,-2.023039144411256,2.7261639479743063,0.567769726818236,1.5937185299723762,-4.830678862287783,-0.5941821360304766,1.2859529786180834,-1.5281523858737298,0.9515003687599837,1.8380123519290184,-2.699278604157702,-2.552659907010023,1.5156053656656594,2.086496069939556,-0.8468414295822573,-0.13849992056838722,0.5108651719566861,0.9743124530540932,-2.702360392602438,1.4349116706753184,-0.726253959612869,0.42241169117914534,0.7150157608722436,1.406521715352898,1.0533318416152833,-2.168420385420977,-2.4119523109702197,-1.5906538279704625,0.531839654970172,1.8283999347629285,0.0998842276235683
219,1.746449253139895,2.359991207361973,-0.3176235938385652,2.4084496177772614,1.2580870183350723,2.6515739490312376,-1.96467405498215,-0.551422294762693,-0.8486173793148,1.77716314097681,0.34488948294162736,1.2646426734049845,1.3584324742334486,1.8108688676454627,-1.4699092179909528,1.4886732071908977,-1.20652055889932,0.6004992436320773,-2.225855184336072,0.2099401614902341,-1.488342488332167,-3.6746695978255888,-0.819995426432933,2.0480867171225867,-2.2427371476189117,-0.4078822637341979,2.2115086076644066,-0.29836705164326816,1.4937059592715891,1.8825451259285693,1.2397155997240898,-4.9118848207071535,0.8755301183515591,0.604369565306432,-1.5649028323838348,0.17417120630658012,1.3349602432687369,0.9127560491224136,0.21452122726065248,0.23188390603904185,0.46227693916499213,-2.3297256471835057,-1.6501720201616257,1.4268877512075924,-5.306891359259127,1.8975343808363632,-0.3868309200967843,-1.9953871034549788,-2.573581656495991,1.9458789257181128
220,1.12598199496796,1.432762974984744,-0.49311832414672097,2.556661285227233,1.7544258072483783,0.8564885859310598,0.4831162974279062,1.7990041868180846,1.0569374059676364,1.3364355765422231,-0.4235294253607167,0.567737131903912,1.4590084923490814,-3.2160235975388485,-0.1396288552598426,-0.1569031429059029,1.541269648473658,-0.2015271924659121,-4.942213180112493,1.9426725748637903,-6.0515402891261125,0.6802994796410227,-0.4536868518876025,1.2922160339100683,1.2335649746827877,0.8886061462846468,1.151446267351044,-0.9326561052996674,1.1765859423929173,0.9522149808948859,2.9512935513421317,-8.531175069012637,-1.3355146792528636,0.44942868664113433,-0.16271122919706382,0.9022546289927096,0.7415424517132143,-0.22915245406615092,1.5759669245664276,0.8932230344684147,1.7358787598094079,-1.9089457667916223,-1.447545090422981,-3.340494356147378,1.0629627473579482,0.9403619691284768,1.4328047336618304,-1.0284214469195092,-1.4517300085914986,-1.5266362110391762
221,-3.016912817958846,-7.917376924207649,2.2728959527149035,1.3096849664185863,0.5643635131794662,-4.477446667260071,-2.652240847680937,1.600063077917778,-1.8873241734089152,-2.120151815146686,-0.4431940498225009,1.4318400875620831,-0.2701018680793785,-0.7896793955268464,-6.283557491036055,0.3930648831138015,1.962499745519914,2.5856195389731247,-0.35392523981603397,-0.04054753967348024,2.177117885632682,-0.5958757591029453,1.2719218583181195,-2.377684375318479,1.742679447391363,0.12309560711878564,1.6859282325406681,0.898406100427092,0.5123697357119736,0.22314334217375542,-0.1284010358270269,0.29860406737262757,2.2230345413361006,-0.9967892440046446,1.0802485638745778,0.9059139184391665,1.2564233636199096,2.3052020295498252,-0.1718937378242824,-0.0834733172936355,0.44039902311179446,1.8404389171171776,1.7713466633866837,-0.21877756716578567,1.2151792619157233,-0.3012584774237652,0.7728658008611013,0.02173092172278679,0.08218690816757412,0.15834438838878118
222,1.517715356455477,2.862026607590946,-0.9600979466234225,0.9610731908094698,1.5360296943123983,-1.2542898652052834,0.3926850909984232,-5.297627062504872,0.29648491786100095,0.38342374703725657,-1.2590741296247394,-0.11895073712886983,-2.5418786994018348,-2.80554227163773,0.7925613042923878,1.0913415216881606,-0.05584826338774462,1.7109001976692215,1.8287060682071243,-2.3374175821642034,-0.02997412887539852,-2.098489404650352,-1.6882417187848473,-0.17104317831258697,1.5917102715500286,2.23047566352278,1.869932387319572,1.030557890895643,1.9890677655067748,-0.7686157310252897,0.8248740433963171,1.545137991951342,0.3752440203489291,-5.086617363150833,1.1159708449107537,-2.0972883110374303,0.34171644724638917,0.5851888208688258,2.662209132277591,1.0125407069837413,-2.3661222871993806,1.104098011699954,0.05663833230591386,2.1752356928941112,1.2370974012488758,-3.1020236819320806,1.0362945918616906,0.8238185697766811,-2.3231548920159524,-0.6184590288249128
223,-0.052527397147989596,1.2518041213269324,-0.3149957049402028,3.2240745261205683,-0.9690641765343431,0.7248502743327494,-1.5744957526798613,-1.842726664760244,1.7032601907436118,0.8627012956159801,-2.333581632506389,-2.4665173611445317,0.8434161553648991,-3.150297238983721,-0.0665007086838294,0.26362841443995855,2.3750504928143132,-3.247732901331127,-4.3784222302796225,0.3512925166922791,2.055593179411567,3.0917258703552855,1.224885850770828,-1.1919074628707422,0.11359892285537931,1.1799167352590993,1.8774765295570761,-0.06587296809890653,2.6354818304879513,-0.03458683680071051,1.632979585947269,-2.6652631786194467,-3.736941114794665,1.4158503295513563,0.7384748239930339,0.22480520109415192,-2.865310743343943,-0.48635640418536585,-7.282705286599335,1.3646401855385148,2.155382330508131,0.8370942675714312,1.577293892367818,0.00907671474095384,1.5169007762546638,2.909426993604834,0.14202610852301945,-1.3815180953886923,0.9819495880716271,0.8226661557784363
224,1.7851577418382263,-0.05755577550332269,1.094879473269569,-2.661805856274336,1.1314340692152998,-0.9880748991750172,2.1350156815787775,0.922577032404666,-6.5019866141880485,2.3849430337475153,1.6968891798361505,0.014819238595443096,-0.24250217433962273,0.04480453430568154,-2.4834527294211908,0.13005596884368398,-2.6929361574494273,1.1461851633070639,-0.6502645368419993,-7.312411850750845,-8.296289598075115,1.241882015785686,2.655469814398637,2.85839698675177,1.8523712595848743,2.4826453982736116,0.6049522576526734,3.189517229249124,-1.0390189115857034,0.02829791197818121,-0.0022082167791541707,1.2057468383171823,-0.6675263987268112,1.7474727727089419,-5.87762167553414,3.1531816143095686,2.115959117555679,0.5442133270734875,0.8726112030559312,1.2346825778727126,0.12595281985429363,1.2309355960534027,-4.094836238686199,0.34081636917031144,-3.4585822127578165,1.243764702080548,-0.7486653615119385,2.527280488961727,0.772071778686656,3.2607560112836502
225,2.5094101523742967,3.33899484440884,3.000163553125411,2.227114168492829,2.2112077288170666,1.9759649321812902,2.04377509063318,0.39672811138172825,-2.256513693042338,-0.09481499925311088,-0.05087998231160551,-0.20057720981191274,1.7550115320351667,2.1635047261226714,1.6364580283154266,0.3395732972069041,0.8138960381807223,1.49924111689216,-0.3288165381104404,-3.818792064555521,0.5494315398122946,-0.28213194170210265,-1.4026940288163727,-4.352924229601359,-0.27872788404393845,0.5599107928646916,-6.125805598712321,-0.13076829583926664,-1.6066846056301634,2.227616629641523,-7.949814907107048,-3.3263812378304527,1.7227579729561562,-0.04238596369761538,-5.117293318926538,2.2322533096779495,-0.06353508857455648,-1.6997828479800008,0.39613985252628314,-2.360883923189941,1.3307272286184597,2.4128406408690526,2.4221153959012263,1.9921796096909858,0.21491392824878908,1.5026457738498724,-3.6478125892995363,1.6017972010747692,-0.6598758989798821,0.721523651116228
226,3.412972039140144,1.594339671538795,1.8898784161401019,1.090128158532238,2.688641932538947,1.4654250956611943,0.26579355537807103,0.25398311110094696,-4.53726941734484,3.1222117827840203,2.3588381935615357,1.140080577876759,-3.257695306923482,-3.3801948213511395,-2.8570180015618956,-3.7086239385136164,2.3899488947531102,1.9703935548230413,2.932125215862535,-1.4901162813896907,1.7327366913020428,-0.36288592761887806,0.7940359192958351,1.0533840112495163,-7.881119632299095,2.731170553011263,1.8060617237652536,1.9354850131040138,1.7043559345963413,-0.5566493291122763,1.0722659155404282,2.687283697746734,1.3519654086677262,-0.8334446920574585,-0.585410867783339,2.9282359632751174,-2.6436805252393025,-6.752062749762043,-2.139397208509113,1.0972682288206563,0.7613231117124064,-3.873147956801576,0.7046550879264677,2.869182806498099,-0.8279624506676297,-1.5832213940183957,1.2588295310367164,-0.14002662608830452,-8.065557649878745,2.4124849796807912
227,-1.0365915120363365,1.7600499991532237,1.174480944563041,-7.506878174364558,1.0613758048258193,-3.5263121488767295,2.542972563692874,-2.156572342852045,-3.4807786504677116,0.28246565555689074,2.579555113331805,-0.7795187124318188,-0.1546948919708191,0.6598391950095799,-1.0344714679866218,-0.8612736771089446,1.531664994844908,0.22298051670184904,-3.127907967079852,1.4830442029344213,-0.5306235210553716,-3.010588916144896,2.4255131733918236,0.7266019599354214,0.5706217711746264,1.2489575972334874,3.117536548039223,-0.40244104652679624,-0.5636750715563705,1.2948884717170328,0.22877026226278208,1.6036369796240608,1.7673597123539833,-2.7635738900952873,-0.8031201277585547,2.704501673945972,-3.1565178886169862,2.278671231006247,1.9712110252508235,2.3715755485529972,0.3892613929737614,-1.0505808322041705,0.8187017539353603,0.4363560071398931,0.8211209218766369,1.11500555064078,0.1391965756584037,0.7222847404816264,-4.240473189909699,0.13639214123419485
228,-0.46466100457277104,1.8552259681390026,1.4664562760549975,-0.21568597915370002,1.806057483324953,0.5391188530481834,-0.2884437912761264,1.9653846777943147,-0.6443531316017497,1.8000432912624533,0.6184654127751701,-1.1198257461080523,1.4113900848394536,-0.3197680662464446,1.2169654790162525,-0.7477246894510685,-6.93361590069028,1.8283856046014608,0.6940400035315326,0.18088742533065272,-1.8685305074866898,-0.652758065777916,0.36527894850093734,-0.12609233136734854,0.4379642654810496,0.06403709311425754,0.6454233201510959,2.3185206018267284,0.37308633167310035,1.199295067297773,-4.830488934791345,1.4369108870439948,0.8124505761214573,0.2454341029920899,-0.5017373291785612,1.1508482002444933,1.8896298391260604,-1.2890097309979707,0.6176533810739642,-3.621819042913251,1.4083270277317799,0.48041571941385186,-2.571191980117721,2.2267151521689406,-3.1124058831594583,-1.66855923300868,0.9446573168777586,-0.3966346531913869,0.8354719085497999,-1.4612342980169784
229,0.06104026695520215,2.0442238913926696,2.529261861256156,1.2381668716806602,2.128567451745416,-0.8859450433704206,1.1644642798263818,0.28069494182653454,-2.3655747454414966,1.5650237500165307,-1.3929231141346712,0.24437113305465186,0.1812030458593652,2.4174474751844266,-3.4413379473803767,1.0516737288801168,-0.6410717718040395,-0.2571001886778319,-0.6174242215842085,2.2783523495671405,0.81157651493446,1.6791261621792386,-1.6963634650393766,-1.381811956140572,0.6577547757302478,-0.170563286424815,-0.2194450089218698,0.482335421571789,2.2869560478619078,-0.28784078632052523,-0.19698224917787766,1.6449643185202225,-1.470787938824082,2.289155148882436,1.6172375364678593,0.5756939831340331,-3.2936795817222793,1.3119455799421909,-0.6786947830738734,1.3498986519235543,2.1356838285635296,1.4547298624772438,0.25599042246040415,0.36785537661208156,0.7124836352289652,-6.044911831463712,-3.5534659611018045,-1.180494795567446,1.230934277988609,-8.272393915552797
230,2.23857052410444,-7.082580467606722,1.0491022881900776,0.6108942197407998,-0.5885271352501649,-3.2373491044453084,2.6452050025308793,-1.0412278976441334,-2.8890310635108873,1.7672953597943275,0.40690845703179157,1.266295880182005,-0.38879775394560223,0.17832714154771523,1.8007730883317308,1.9121935762132218,1.2883884715053884,0.4604910663797588,1.7051149777956485,-2.1401577656310637,-1.1525315128721303,-1.2009736377437479,-0.5470588124400253,1.0374438434631648,0.6937758939439513,-0.632490790097977,-2.2793775075036926,1.1348151544247331,0.23956445549510708,1.9636088310353923,-1.6948904046875493,1.5953073332069474,-5.372801006963978,2.774560637213209,0.8708949074141907,1.5124667833488288,0.9352744466021479,-2.674424764800899,0.5214257678886103,-0.8162638887636842,-1.7172716980780578,-1.6577939151949854,1.8716009603913366,1.205934610053509,-2.8889266824360655,-2.0704352097023984,1.7195441541033598,2.3706499587375034,1.064735177427547,3.231748051221663
231,1.5791845263636337,1.3652976459543336,0.056130050161302236,1.726738833211169,-0.4394273188712665,1.7568616355977502,2.1989102667031695,0.13998007878785135,1.786238409479414,0.089947640965514,-0.41941283848673816,2.3418184488172065,1.9215266794263388,-2.18130548219896,0.3989843615763302,-7.745556269899084,0.557405987014481,-2.6446136753101595,-1.1853240326094294,-6.0040057093609045,-1.4870097750629885,-8.528113886420261,0.49797219794225267,-2.658425667595666,0.36205124579815706,-1.2727658388712406,0.29875124060071023,0.8477161231049388,1.9920084898518384,-3.2307472488122455,0.32592481003420204,1.9890529001716182,0.6916462195424185,2.946661246875592,1.5525935284268608,2.786596872124965,1.4013854388001845,-1.1685516287190305,0.8099457613583168,-0.9770049329841051,2.3269729140846227,0.9782145551516512,2.239537711341951,1.837666203128495,2.280760825762284,-0.7034370241634784,-2.438335317571579,3.160803474578413,-1.5273659988146706,-0.6338836769861054
232,1.94422149512824,1.247928873546317,-1.2364446692266,1.9570907121054506,-3.823376648485098,0.8723594772372527,-0.45559459300954774,1.662677767763172,2.3583745180091826,1.6894443844296214,3.539335437223547,1.9803483083686455,-3.9910555107728136,-1.9422775102172398,-0.36402755413885934,-5.389736918531288,1.087503842675651,-2.2218885863689586,-2.25672897012993,0.6357963356936205,2.3599243178643365,0.8591081904710389,-4.718238477795866,1.2512684696771577,1.3163308331677435,2.051973269268405,2.0655939038628595,0.8692402995050896,0.8183903401724439,1.005062158755682,-0.2927040175388438,-0.8882605260602983,0.15902464413011774,-2.52779781264345,0.022197419686321496,1.6923779767893046,1.0220809425433375,-3.442643591767828,-2.1003577791667487,0.2899783842750576,2.867293856078623,-4.880831416662714,1.631060793095001,-0.40732314987454643,-2.629068987446244,1.1544241262234687,2.209609552271548,0.36215079453982035,1.3510616532280344,-0.7648763579491868
233,0.596442020391577,2.678103713524839,3.1008825937012805,1.364389804044352,2.0937921078306894,-2.421635160311781,2.5958931554188744,-3.3147770056075876,2.7979060404749334,1.231883075195869,-7.984623932624088,-2.2536406518188636,0.04789001700518547,1.4617023430460359,2.618334092741747,1.3068410044955963,1.0392361794474665,1.985270238463595,0.2774056770749951,-6.88910106552846,-0.6215941627994539,0.11898255194709684,0.013180314572406537,2.206657165196362,-5.180544486011647,0.3215208407101846,1.7910393825340227,1.6863097087850245,0.40126048810178006,0.1269046477329434,1.0401651259852063,0.5489056349373911,-3.0370669593207777,0.7972831448072171,3.513197361598253,2.0568590348294697,0.2846586038528045,-1.0588668490209416,1.2251907521905698,-5.320450066510918,3.372349850989175,-1.8815605760618395,1.5978838437864686,0.04387872283712735,0.8982206029977355,1.109563891010521,1.3648384722973486,-2.886174824936279,-6.8778698683435975,0.013083404340110683
234,1.7520888629559055,1.4066922895944938,1.8231177852886393,-0.26483786308976853,3.000605562708932,-0.8309080883469679,1.6709978625264044,2.9337274010814647,-0.5580574467824393,-1.7139100317519436,-6.010592470036874,-1.4398628066108055,0.5187783735995426,1.0351938888809622,1.1470847218971065,-1.0925286575683755,-3.090861857363551,1.407487702646971,-0.4956594405227799,-0.2818544241789507,1.1775841404111693,0.028366545324169934,-0.53539270133082,1.5447632746745947,-3.3923639679273485,-0.5067183461513052,2.5716184602317322,-1.5167058044393382,1.335353194301133,-0.970941702566269,0.3762652249970797,0.545661358157381,1.1038129614899255,2.05795359243284,-1.082999416388052,-1.209056330011931,2.5652835460380823,0.6684074545064069,-1.9909591581106687,0.9656522095889146,-0.4418395296293651,-4.415649783900971,0.07893217166397104,1.9835404828069576,0.191554204740914,1.402460473790983,0.765340735678274,0.06365482439444303,-6.521505315482726,2.241225835781748
235,1.5395366680580396,1.2822702700557373,0.45023928453731177,-3.6172281317723023,0.31600355531429525,0.00013369394241369292,-0.9356051604408249,0.6914857275315551,0.1920362697273008,1.3559769442688618,2.2762129403676847,1.0542335280289024,0.15522504793459824,0.8694021026716596,-0.05638922597801521,1.2232425577190988,1.7550937776973994,1.8015314190525293,2.4873691694152367,-0.5936965035883306,-0.9911725459273635,1.1013688372079087,-2.2157013594908825,1.160364931127516,0.04207388131492529,-0.040737280163361866,-0.6785507025444781,-0.9008017313424652,1.6812777104822265,-5.552430906628253,0.46069454565266277,-0.24157955733968262,-1.762178196692517,-1.3013458150448205,-4.153848432173385,1.8560486088778014,0.20606549208471403,1.5058133516185936,2.136790808184524,-0.3783563649969022,2.3953274737247523,-2.8425706810582447,1.083887960095177,-7.561411818778188,1.000425178589917,-3.9129406885609317,3.3202617908212564,0.6453795731552656,1.6495756664520722,0.04119633680911772
236,0.44581796114875516,1.4533596770161883,0.7569757215334048,-0.19224201734954782,2.3327438992459033,0.6191722839855247,-0.479865957355762,-0.8695379770388101,1.7122475399178616,0.07857157201856069,-3.2325188814944346,-0.6101623087828498,-0.17139698622037347,-0.584177787010379,0.15769935828905446,-0.43357580966096165,1.3327510633440487,-0.24599525007083223,-0.21769533668188235,1.4313929542081385,-1.5257282987907734,-0.9376318565989603,-0.6172429501066681,-0.20508242199058557,-0.5292750583464407,-0.9088057152691222,0.5978213213714363,0.10344342198066503,-0.15611593494689657,-0.772338602958043,0.1644767476031923,-0.6232747671442755,2.394896545770992,-0.12486079757586932,-0.662497301288381,-1.9383097799527569,1.3507006332161513,0.7600460388198007,1.959456413443088,1.0565192722598988,0.747457103627378,-0.7354788300814645,-2.6214153392257744,-1.0742722608510302,-0.8587323007516332,0.05994156561545694,1.690607436503333,-1.7487637497905473,1.0987173126109666,0.7721784338051814
237,2.73726318477382,2.693948889013099,0.8048376122736043,2.273119920064445,0.5485908297736142,1.9252442683873232,0.5006063991297296,1.3509379545093503,1.7297695276693803,-0.797736889734673,-0.25998715296327646,-0.2275809855517812,1.9003090673543497,1.6147313709032312,-0.8699053303160325,3.1052617767446145,-2.823098829264053,-0.019058849351335283,0.4395323230926742,-2.5147952767571926,-0.5865618168276843,1.4613386891940259,2.3680777250488947,1.8117863082389873,-4.126405540156403,1.1234422129233224,-0.7567434694620259,2.0137240475280804,0.665511273199539,0.7663348206302176,-4.377094956145559,-3.431178779284828,-1.6396450617945488,0.673721175859435,-3.897743057937209,1.2512688194936716,-3.4681933737189468,1.541431665254926,1.4398029262513776,0.8267153786565178,-2.3538939382209456,1.9569438225356812,0.7703042908809037,0.019564501298572345,-1.8184009141834183,1.6589722191824028,-3.430232082382396,0.8120924038126525,-6.807398153368556,1.4204690537424556
238,-0.028191029154644554,-0.16132099279377066,-2.9527453786500963,-2.0396560288926615,0.3139249722421651,1.9197062494786965,2.043011007126064,1.934890421210404,0.7731750029825788,1.157354498751448,0.4948195545027101,-2.022202318643945,-0.7705816769387441,-3.5555961454278897,1.1979680543192535,-0.04848894139028381,-1.418136810614791,-0.9720180706647303,1.7265404963886661,-0.7607397000328024,1.5466141218335316,-0.5361910853407199,-1.5415392236088437,1.7434728556521693,-3.259312368083089,-6.589267031260329,1.4663435305558195,-2.5359940864075154,1.275956563192409,-0.9285512714583604,2.949958125040479,0.4281204907033631,1.9841997305763628,0.7266587854282243,1.1723101069408783,-1.7251425614454394,2.262496941157284,1.2807717713184386,1.8191873418713387,-5.131364411093966,2.0640068612311215,2.702517388793729,2.954761113562307,-1.8737841424455999,2.178791270142997,0.19874969624854621,0.8075428067378425,-1.589019252923439,-1.9612104129081693,1.2772031821910796
239,-1.4082970782255027,0.42983055305612705,-3.8906895363270664,1.1881318446233209,2.086313623937116,-0.43996863102204564,2.662590282460744,-7.753270734544948,2.821589373727122,2.2353777413264115,3.2149095581815823,0.9707884071133925,-0.14350516712330919,0.8256419335209451,0.9925599675804708,0.16617216732265305,-3.059499890028281,1.0409389695469526,-0.2092557093138625,0.8679812000688436,-0.4616961597732878,2.5199309715938307,-0.04507859730179309,-1.4305396882089854,2.293601806526163,1.3874735910478657,-0.8973003757005129,1.995744686451236,1.2109129389645887,-4.217606258810305,-2.538322940253532,1.7608228290097792,-1.5853414703337476,1.5164130106744849,-0.3458930181110933,0.994338546263597,1.6037091371378716,-3.8794922790364748,-0.411938322539088,-2.796732373078303,-1.2187425153396303,1.2859916459540703,1.6045383127391992,-3.5905646881196507,1.822451581556817,0.07226980552218976,0.15377118011279123,-0.9419719201227243,-0.4384541336331038,1.9793658209271392
240,1.4176977431750144,3.5833664869180915,1.2904571175753254,0.22424273654776972,2.2359934405849984,-5.315204525172913,-1.2674270975224982,-0.9558788335977688,0.7466600806294794,-1.6913631722400613,2.6986208355755443,2.6092711381095883,1.3486702439807159,1.6448134786705593,0.6506619306469075,0.6286778675650266,-2.9643711097957084,0.5053442670909059,1.9052508825009205,1.5729688781814737,2.5298153927334353,0.424554629254712,1.5615510468338938,2.7840462987650265,-0.18931197863748217,-3.1513508111461075,-4.716024322624614,2.8134269923256303,-3.3342409616779793,3.0075323482959164,2.703204008232335,0.7538062255362163,1.7747247647555735,-5.744793430646995,-1.3713324620722966,3.7433847306885455,-0.23878767455421013,-0.4364505283345901,-2.6116584898892086,-1.3352894488654394,1.1703353305865631,-2.615247945306539,-3.0965994543245525,-0.7186247039154532,0.6932455420794739,0.3384612723883471,0.933626505140337,-1.8786006121635639,-5.869862225291929,1.2080075724115842
241,-0.03696907998946841,-0.27525434404241,-0.7947609020144188,2.457319956724979,1.4597400505376004,0.6167163518987895,1.8493480790750585,1.114270264706493,0.7621814666935638,-0.5650090740433917,2.8187497043328635,-2.332300278665782,-0.2586312580966261,-1.8812302648279111,1.7394556685988571,2.536074278077092,1.3627345973279748,0.6578991240002976,1.507689611807094,-1.472400494552911,-0.9294488774566343,-6.276831418787961,-5.4537438065896415,-2.1058237231919525,0.3951379771863355,0.1863977451323544,-0.2567678606367867,0.5362809817796004,0.5753947731153284,1.534346244554853,1.7464903543869883,-1.2946970094977495,1.3809321007429949,-0.08297613319643204,-1.082885687082876,-1.0115650399537808,-0.3612220757797804,1.8602341418710249,-3.600604394052742,-0.7375976173160765,0.6705798210651253,-0.8426483020629005,-0.8154770467597956,-1.1597469183151707,1.148363783177457,2.8385198230222084,0.43759206761793834,-0.9167061355709967,2.0690210012539003,0.2838277737974382
242,0.12700810243553917,2.0377183230799996,1.6149538839750512,1.3999700538043602,2.0278233021894443,1.482829542563457,2.054849326011272,0.5330218505100506,-0.14532693307415556,1.255379624156118,-4.260248129550071,1.3377832499790872,2.066778712730082,-2.329393317008198,1.1449712738037991,2.313643961578342,-1.6272242280746791,1.4270797017352068,-0.29577310558340386,1.4477836261496781,1.491501707062688,-6.721922169135267,-2.341044104144479,-5.1641356134591785,-0.8811690606079399,1.2157313683357995,1.4610205298978363,-0.8108081833862437,-1.0709474568944852,1.2384512837022714,-0.4449728222992926,-2.266669063696603,-0.7042153914988187,-7.455853748476883,1.3122935336928814,-1.3581500678030425,-0.14784826041343635,2.3966965376458713,-0.3559002454451061,0.24517424788476294,1.2869945176387247,-2.4062269897620583,-1.6792225769000169,3.3055708787687825,1.3048809937499204,-1.4890101132219336,2.71126846201292,1.8766024585267913,1.1636030644731346,0.6746774623414344
243,1.581975231916028,2.3279712837513933,0.3277408494058216,-2.031070951696673,-0.2160443640640759,0.9593906136205996,2.2649065066503473,0.2687260372048277,-0.11142120427875302,2.4008569699081472,-0.9329162311915997,0.8464354496550488,0.18776848790988332,-1.8850435857322525,-2.4324346955565073,2.8600883820036525,0.8350037669335331,1.1042734380062447,2.6145077704989825,0.837419424152209,-3.7060406767372056,-1.4130559273402463,3.348892650947851,0.6642045272350332,2.6337393694432545,-3.1490183043381004,3.0612379317229945,-1.3116512649861454,2.4219872120995025,-0.7236919185757129,-6.471113520833497,-4.419770778730359,2.307257783504804,-0.9484689036372442,0.8197743585704602,1.5393842785985035,2.3103898238725367,0.9825399681598617,-2.2610877720341946,-4.823492370528302,-1.4823851782815902,-1.2722230579082972,-2.182593725301248,-2.5872304104363124,1.4695989040490316,1.7150127060582605,0.5559256111858026,1.3244086064844094,1.912547620451058,-2.123210721811751
244,2.9020866420345035,-0.334217958207895,-0.0009079447863289403,-0.9207121468744992,-2.3006537645459293,0.22134324641427927,-1.6521716302330702,-3.9692553601654357,0.8336268651688545,-2.895389904002627,-1.8930416622300923,-0.8028351981418407,1.1522563192585222,-7.752895369631714,1.7541233432320626,2.639973594432554,1.5570516024476744,-0.7311743408453006,1.500345873534508,-0.11194949817079536,3.2440149267125675,-1.8790095274353362,3.492377735122873,3.3578810995139317,-1.948735933066625,2.461943759846492,-1.8684972186506972,0.9553626161596789,2.18351067843236,2.810003756053418,1.7052973828562585,-0.8579482973950299,0.2144611441600892,-2.397326204342219,-1.855838177803527,-4.343096976539265,0.5976542084984366,0.6445733919591543,0.06784709742142603,-1.3640785344656328,1.7162123103158082,3.169448437726591,3.3703235216761134,2.940105978351131,-0.7883521069401231,0.0322863460717544,-1.2268732731603862,-0.6162476108153188,-5.444643490619679,2.4317402516683724
245,2.534746183407249,2.635696990706095,2.2270279143246583,2.7976735758062117,2.4508369762052937,-4.601786367155574,1.1857761373890945,-0.8945433334780812,-0.5806426070884889,-3.6060233752466857,-0.5240483606668249,1.889506081396581,-1.6968319730642598,0.9060059329729624,-0.1306346167397887,-0.21611179624125576,3.5838515743689565,1.8455136910107628,-0.0752680517936044,-0.1468352913498796,-0.7482478000509962,0.6392709185193537,-0.799166639807753,-2.25083268110149,0.37295672494484045,-2.2223298290067346,1.8648627454794005,1.45055757917302,-2.2483114758803904,1.9019054191880387,1.6105033484035771,0.7883643528427813,-0.8293847169851425,0.23698681464619842,-0.2736410903048512,-4.286960808954426,1.8144763141100135,-0.28716472497602386,1.7190808631556287,-1.2765020845357444,0.533359385238156,1.4707550807252656,-1.2070952405968445,-3.731418258794454,-6.59635237690958,0.9359996025587503,1.6952473201309002,-2.276752063317466,2.863456446530524,-0.44753240918789317
246,2.5135640354802575,1.6115556017921437,2.519852043795544,-0.4630214407334696,-0.06354950002482962,0.7482355975188488,0.25635142222219187,2.776970929138448,-1.6772462984722143,0.5766710628271046,0.3237339749593726,-3.2695132705293677,-2.3692020237679356,-2.1309080622686425,1.403905026979006,-1.1287941557038383,-6.786270596871612,-0.3303936222891197,0.6035299480908138,-2.359551137383538,-0.276355691830072,0.02395560788670892,0.07710455466983479,0.6707626004009084,1.887969298488294,-0.6150930955800389,0.6450692843392254,0.9026573232330666,0.7070356909896285,0.47884379051896886,-1.8679737387179722,-0.4814630409675642,-1.000753425953345,1.2676264571327356,1.5690417060165736,-0.32049056262390874,0.848098948684088,-0.4193473858399557,0.5263662302791392,1.009136279577358,-2.129850887789927,0.2664339015235111,1.3166319618972406,-3.4344442063162806,2.530499887625112,2.1854850222464313,0.07001885668719421,1.9302051190643295,1.4376922509882468,-2.5607822713887014
247,1.4225752803211762,1.4499765328443548,0.24054145583920672,2.2795528405546084,0.9855756286226658,-0.7262261949196525,-0.21969097816494543,-1.9573338402975464,1.2685029215558399,-1.87972787877632,-0.4218835866172759,-0.5925191275650503,-1.4032748231847734,-0.6556341476072305,0.5409496754016891,-0.21068069488155494,-0.07519153854129623,0.2245095493871041,0.5328679451045857,1.011587619129989,1.227677999885461,1.1843183033695754,0.38137607964069353,-2.9080402589245216,1.1846491658440286,0.5505564996742693,-0.18676976893699937,0.3689642355870335,1.007333403598036,-2.65455734790312,0.3421009573653606,1.1531928042088482,-0.16804819022302642,0.5549583823320274,0.05283768332542316,-2.4081466679758625,1.3856172380193974,-0.6574998413957829,0.9845666170892793,1.2559550226983691,-2.4803537770391735,-0.45539594644680736,0.6913178934549644,-2.4456933197380133,1.848517952621605,-1.0429677830943902,-0.958617788692254,0.00783757219107084,0.1085396481319938,0.26129659312697573
248,0.78202316688221,0.02431108001501503,-6.738108122599394,3.6788095819847513,-2.817845308323486,-1.7468569204414628,-1.1193228794925636,0.8812522329276771,-0.1808537228175222,1.3359388214309647,1.039139188122837,-1.3026239961981876,2.3909630983282355,0.2932759446206461,-0.348145214593079,-0.972069443987106,-0.37054842935426446,-0.7692288243670946,0.7280483298805569,-0.9769105415759656,0.41312172405120595,1.7476565387575742,2.3879058888206584,0.26090564709193487,-3.056533263171014,0.7696763233106223,2.4771048014039123,1.3852032923714939,1.1391749505329622,-0.4007022331127965,2.998019354944575,-1.3308607025427772,0.04923257331927822,-4.63944483348787,1.5696708110590216,-8.4134209089772,1.0551304257487573,2.1412413039785827,1.746429656143829,-1.054312980250459,-1.6532725095621892,0.24713456886880714,0.988646071875042,-0.7838839759217642,-1.1359568510658988,1.2242723039159982,0.23857455716506237,2.3427581177101424,1.1911014949638963,2.284179811615812
249,-0.9648573867062646,2.862817650299209,1.2162161336733552,-0.4351781338532854,1.9677688508412685,-1.3444881146277634,-1.927820546401236,-4.539188657945991,2.7396431587045296,-3.0714110693338865,-2.385761064118567,1.2009034001728986,-2.587867333491819,-0.15792446368560675,-0.056127879000448466,0.06279802617193386,-4.869015576837151,1.4073273716374408,0.5529962442943974,0.008980055568250656,-5.641969831316238,0.1601031625665721,1.1957013667662064,0.31392072363706713,0.11511456162096945,2.0002205592762006,0.4030419380603396,-3.45615051937905,-1.3517630268508958,2.9817536178244786,0.301352141769077,1.0303749335859962,-1.7278557117542013,1.2565773344060176,0.4920936468097956,-1.2931787926292078,-3.380872189019102,0.8607586831520821,1.6678868722469304,2.3940159824692384,0.19542787710102072,-2.6348418924737933,3.658567656793693,1.4171919695178987,1.6104211973148659,2.3495184085702543,2.0744555962869793,-1.3993679423023817,2.6113068874422267,2.1163841231457656
250,2.77581579773955,0.15124085950697896,1.0702285807492355,0.7601518115572077,1.8661696113609936,0.9418822586718179,0.19124415285776575,1.7673932746389527,-2.6189803467644346,-0.06795813862142452,2.706919258594555,-0.22219108511611907,-2.2237720920241806,2.12264176807967,-0.6128737724141509,0.5519264622537152,-1.8506187169064816,-3.302774880796993,-1.39262242455478,-0.29033426146932406,-0.7367187996201086,0.6647960336308962,-0.351066904598234,-0.5182691410040885,1.0672092593894766,2.16642549083611,0.9232518705673209,0.1696106803038715,-1.8374116966345708,-2.3596378416974852,0.3107653715557719,-3.1856041064688876,-0.9704888098976721,0.47411416104939086,2.1088067674908872,-0.7799931236384916,-5.272659392807705,0.6169491203386386,-0.7313192977895291,-3.6214024476195315,1.3241296327112697,1.4000002063193198,0.182770020189591,2.3627531050877653,0.481497551557017,-2.586303429595765,1.7491261016020183,0.5205338945945304,2.93487375165126,1.169773855154295
251,1.5011561291762203,0.4712866161426206,2.302269241749881,0.7520511109241133,2.445977230853263,-0.8371321221159453,1.2361600624684543,0.6146730160707206,0.16828511179010874,-1.7586515326326504,-2.3287808727535335,0.15430133736135598,-1.7032676698062934,0.7616732613320876,-0.8126609797430193,1.0579771965422822,-0.8702076734297828,0.7295927437530301,-0.20365393344733285,-0.009055568933485247,-0.47732025531728883,-1.2649095299496382,1.631116446920088,0.37639815848022007,1.486324808003543,0.614709197272088,-4.171406721920441,-2.834465534183943,1.462425239947608,0.6737921470974317,-1.4366364179477467,-3.1226785540851942,2.0852655579271513,1.5495129434284238,0.7932386059889103,1.8913015882522064,1.0672111150497927,-5.772200154644093,1.0915399563705916,-4.684906976494121,-1.8409413190425505,2.051961158662734,-0.6239022912099754,2.0551884517312935,0.3818667870814725,1.223377847551426,0.22174123720740546,-2.662412161967958,2.3137004667380805,2.2491154977503607
252,-0.8987369730701724,-0.3786540532547198,0.466576585546318,0.17634654688370688,-3.242898673097165,-0.1245491465883033,3.0659405771194344,1.7239836953806167,0.9491079751172711,-2.9917307955909207,0.9583344839490362,2.9769937320860613,-0.34965431257229795,2.378927541581783,-2.3095010557293065,-2.357596545757552,-0.9648602003248739,-2.1551671720387118,1.7573132751412555,-1.7326238509850445,1.3104705860019914,0.36101129828324563,-1.1669679435544618,2.1002493321612605,0.19403238772477494,1.5927207815165652,-0.17820221393490865,1.4732069836483426,-0.6553489167946553,-1.7426073206746313,-0.4401829572375604,3.0080482458783315,-6.750505910598053,2.0444042605680224,2.390072984300476,0.7631922885541762,1.2543766735520538,-6.225671594441962,-1.7938040834024909,-5.233867748827067,1.339411415605542,1.4020446012686456,0.837016271631227,-2.6468777171454905,1.7115276912508617,-0.3508989023419753,3.442119731508794,1.2051645962203184,1.4375630327885012,2.3707505126937103
253,1.6505762860110758,2.846980622268069,-0.550073704231365,2.3340092206430763,3.1056910186507274,2.0296919820591772,-1.677310985795554,-0.8009000690507921,-1.3651580422396608,1.4326209438945434,3.100747616763898,-1.696013928095753,0.707568574879887,-6.149522764789642,0.36594620070922,3.670114175223185,0.13151405401919813,1.9253282507605207,-1.0655408399734956,-0.6047114647512695,2.1118037673673644,1.953099661048285,-0.16014362650107028,-2.7060077978720383,0.9244835333437482,-4.306022682553069,-0.030323147312319776,0.1771071961914128,0.7693966161393719,2.0382800599491966,-1.6933721779594961,-5.000734333434702,2.3420729155205886,-1.535057229899742,0.7050083957023761,-5.649138296321734,2.1003963878761787,1.3024501244678328,1.0377750668330243,-0.9563964714742106,-4.601323580895803,1.9615085883595627,0.3091305020689017,-1.0446307467446108,-0.21923021631554107,2.007612428325145,0.8321723659900426,-1.0826082309997274,-2.693983020412757,1.7151168025587706
254,1.2238956022787733,-4.278075381908287,1.8471059153821172,-1.8521208089794552,-1.807595275028465,1.7613949151491313,-3.7516540925684696,1.6219304743800733,0.2647963199853338,-0.9109141474179765,-0.43761670397985686,-1.4999550634504892,1.2074278578268958,-0.2102932244240998,1.0572008425583777,-1.9018411464533758,0.8259105517632994,1.3238152605632494,1.185259125811723,0.5304318602030618,1.5824010622176536,-2.637980458698534,0.741739009149117,-6.869594112804433,1.6723833348909647,-0.23137044186865108,1.324771645747564,1.5722898751586105,-0.4046776223045496,-2.796353559897722,0.9024116722716311,1.9096099510029085,-0.556541054555888,1.636137030979154,-2.1295235782588238,-7.4829333093272625,1.6070122666425055,0.12158951845869925,0.753504359133184,3.5089899410344536,2.8136636609559234,1.551539930033432,-4.426834451349367,-1.162098379340514,1.7212586798855627,2.9833057778133525,1.18483831764748,0.8205829998859748,2.7374026471836705,1.3533724066222894
255,-0.5585700989888274,0.2690736328808656,2.3334716604878594,-0.6270407229614445,-2.815731445700399,2.440898485155941,-3.252209183444956,2.764907084780808,2.8344718681012857,1.4629636388837648,2.790198935110518,-0.09612912308421517,0.2505605666102584,2.0728393100599822,-6.924715130103326,1.1113866019966583,0.7258116349354458,-0.798017550139285,-0.6659216726431838,3.117585304836273,1.9473104066712263,2.035791298937704,-0.4679387378901039,1.6217118254393026,2.100422880267868,-0.28630848575906764,-1.796683128435265,-0.7673795378971171,-7.463081252462475,0.8390634666940953,-1.574100411149625,-3.562849123780625,-2.4894300777603293,1.1269371160312236,2.4923775087007005,2.360198672219296,-1.9992246508324483,-3.4190170150016925,1.306094981056411,1.2487598209430333,-2.7708884187826843,-1.168991160389493,-2.6322343979854423,1.4760720477608458,3.2679148754214813,1.9077638085411066,0.6380270397122034,-1.3835820332361823,-0.3750905112082661,1.3525193974002976
256,-3.39697905784819,-3.871688944103431,-1.4683660321008851,-4.41763424543884,0.10164768562966042,1.2002856371927466,1.4769779542974875,2.021067538169955,-3.6898576027758505,-0.13422001937913652,0.3166878169882166,3.1882549478774296,-1.6040243709600235,0.3258346189288126,-0.7367010316652518,-0.4132390048848471,0.6608518780065245,1.2673022094116635,1.3079946390796011,-2.6622972449756652,2.3887383101831094,0.9205773604338141,1.192026189699538,-2.407953998146019,2.2084624855336505,-0.12606608758990223,1.665922172849354,-0.2088052265256728,-3.6175317441700585,-0.744724452309022,-2.5847957219347943,2.632036965594981,-2.837511022325133,-1.2058464341034831,-1.1115931478009866,2.8533914240260407,0.49867339847120373,1.4702858311630225,3.3560849018327223,1.8094199118206316,1.4549995319140265,-2.9197520835681967,1.670723623974757,1.8945833903791574,-0.02083793631727726,0.43795664079238783,-0.2317790133402413,-1.0974571908996609,1.081388315006775,2.1074862339052993
257,0.8985355196119382,2.8405622122590604,0.34605081269007965,1.4137337049449505,2.686489045225751,2.912222583781961,-1.1608703911075118,0.34736290504788236,-0.9066157960701293,-0.7411177243214171,-0.3753725115150228,1.1998112530130958,0.865455957003384,-3.804017664163685,0.14544039684753418,1.254980306139505,1.870685522041431,0.7785592402310009,1.2953800646987577,-0.426999295777458,0.26488331573865587,-1.6766495704309303,1.9852312557875607,-1.365036130535679,1.3645284647608142,0.9993563264997123,1.7491457517852096,0.7276578621794778,-3.1440645535770946,-2.243174007984262,-0.13290300394297905,0.35806754010250597,-7.047314309125606,2.210844211133958,1.9412490182467819,-1.7737294399197072,-0.07927135952772169,-1.1758536627829876,1.2426271028663871,-1.0564299948171918,-5.046529225314511,2.812156768525142,0.29599467623814935,1.4733613452288945,-1.9008938253856114,1.9258412477353377,0.2065687900798041,-1.7275147595174145,-1.1589500010086695,-1.4694759736191445
258,-4.1882872026847755,-1.4158244899390295,1.4168011183221045,-3.305049727977079,-0.7012131622901343,3.4784363896294344,-3.8467238189455193,1.3357547722557408,-3.1143735283812726,3.1678377581216823,-1.218857843743331,0.4976903508560664,0.9263836658156048,2.1792836046250517,2.1749245659410215,-0.8947800406801836,-7.463323102774884,0.3767230677805111,3.3163976174798835,-0.8935855001676778,1.4242933475994883,-0.012264806642917847,0.1797211353808983,0.5110927194641617,-0.8096890713190072,0.3115864647086122,1.7220160016161472,2.480107198231716,-0.2207243449492733,1.6160286134247386,3.4278520636935754,-1.821377803792351,2.6943370247826817,0.4267794647729106,1.582386362569431,1.9824829403584716,0.15917109926922368,-0.031072894158581832,0.0788507044794855,-3.9597384513788034,-1.7401646257457104,-1.9858552547339041,-0.314674173155983,0.6929395114347141,2.0328195133087115,1.7160671602956494,0.21022699399126665,2.6116987974546038,-3.80000078392903,-2.993109400274043
259,-3.575676720409427,1.2334148601419455,-0.24517304551382857,-1.2237425785329954,1.8882769798423813,1.7316386941367128,1.9707860376670427,1.0996455230874096,0.09246986240208521,0.11486326659420953,1.4293321897978672,-2.1123346533278413,0.9779173686087801,-0.6024893935796438,0.6328067139496785,1.597606952896443,1.4119915583898703,0.36195780349242224,2.581739103171004,-1.3276697198272744,-4.6788492452903805,-0.4316908460185154,0.45818830734306903,-2.4387324575766565,1.6904005854152313,0.6439960635307074,1.243850998102018,-2.487156699050555,-1.0326226032579964,1.4404013882728997,2.0087101809085537,0.4527941600556922,2.8663459195298366,0.660029803295501,-1.042472100151727,1.8579557497857864,-2.987633928948471,-3.8566008506413754,-1.8389370778287253,-0.9632333609621959,0.7097241654491775,0.6841581629429774,-0.26094239512345485,-0.44989575065148557,1.0593162100993871,0.47357023492704364,-0.9852154307225334,-2.1054337363447004,1.336381936526815,-0.0637681866027684
260,3.40783552775263,-3.5165154597746238,-3.8403275336567084,-1.9418721369499048,-0.7495189950553227,2.208933641387018,0.08110373790359215,0.20234514092701872,1.5096063856066424,0.9455101007105782,2.622143534665525,0.3967341279032892,2.7457295090262095,-1.4182394940950553,-1.5527010159370143,1.2742824962420851,2.4751270279182314,2.9441094438685034,-5.523686858685357,2.32557896488625,3.8683667988076493,1.8576685012339262,-2.274913997188021,1.4484690858518148,2.394708957284664,0.42516360933684716,-2.626849379057795,0.7428214901693426,1.2456808809153976,-4.843034678919782,-5.479084637162117,-4.599243174454548,-0.749805087337597,1.3253421721635377,1.502015684738871,0.2663731298503249,-2.345271967333236,1.5394651871621408,1.2567367489371915,-0.14210888330638927,1.4123596877652327,0.666370736493807,-0.6960198953067467,1.8978832986366725,-5.243785515410277,2.153765382477663,-2.735462449176792,-0.6926540669244377,1.5488326798037715,2.2800315553053365
261,3.239263680334906,2.1502629002536437,1.765535547401004,1.3767335323071586,1.3229484859320526,-0.5728362836751577,1.0866853493362143,0.7866089066690005,-2.815479377774139,0.4361881524899216,1.3346599340848373,-4.881659472443603,0.7698027556213587,-4.153155536344926,-3.947453457502869,0.18318630290874083,-1.1277160591084776,1.2737796050122183,-0.9007443926485932,-6.5144934360462425,-0.08195494819108173,-0.39621520404450816,-3.463297014308763,2.3242819610428636,-2.0450489580218623,2.1649790009848684,-1.0677365583877192,1.1681606477366842,1.5124044169237036,2.132620225072021,1.114445107402017,3.3804375680937793,-1.9589407329484034,1.519603465262327,-0.3249556768773276,-1.310347551580067,2.31165855103037,-1.9831399865869406,0.6980224881668589,-0.6087778468900229,0.5440704889388801,0.38966948289471226,1.4197935683883238,0.4238427662438031,-0.8213815947314433,-0.05380300993887133,0.6424691281775301,-0.7682797522578539,1.0913767594062005,1.2339260721928746
262,0.7033507535401542,-1.0423620404342993,0.9547368998633456,1.349023495403702,0.3518837058215478,1.2968481596058985,-5.667996461537349,1.7888966910298918,1.1559313066576187,-2.107258215549585,0.21746034854970997,1.9384649244842538,0.41960757353027134,1.737620402363632,-3.583260613960711,0.31646435941566686,-0.39916992806953644,0.8056498043660203,-2.9706080140312556,0.954931963808245,1.3676179092897027,1.3048062858195535,-2.8556980873964113,1.9001025500142306,1.4939089326619084,0.4445314957800717,0.19919961535380892,0.24338716446857145,-0.3164552432326211,-1.9116314173879267,0.9065150942454951,-0.3848722767533239,-1.8851575735403303,-0.6650182124613293,0.4293087966071747,-2.938433884084019,-0.49757747618957104,0.6774000546736856,-1.0118508485631788,1.8380826210046317,-4.86615876774766,1.039753321867868,0.5158362796297453,1.9851917696456756,1.3331446388549075,1.695909906433834,-0.11751092253795292,0.47636519466110716,0.26781099764817284,1.111276966376975
263,0.3594619202261873,1.1446637271949789,2.606413951890481,2.029318265919657,1.1203766702557822,-0.6127016795849984,-0.22923146602435995,-2.169695577441847,-2.8343727956473685,-3.228475886202763,-0.02767517298461719,1.2717403426549567,-0.05553806011206408,2.1391081575809854,-3.630138844193527,1.4930524994456378,1.4229922603767702,0.6376689895027132,-0.12004964549378805,1.6700700580767287,-1.9027638361201404,0.8625591342919607,-0.5800492731698803,-0.08182103011671504,2.480841251770294,-0.08499447005398775,-0.007834503850713048,0.4258031678260066,1.368277517565942,1.1296712521531411,1.4834265400729159,0.9855142905883576,-8.156340069640933,0.10256469380106648,0.7088833904640763,1.0141678937157055,-1.4768758024826534,0.21226929062296218,1.4693732784627787,-0.10175984577083153,-3.573153041921521,-0.3809200063970559,0.08367318328030038,0.3841362026384525,0.7364809578962523,-2.6277772378936755,-1.4907704486123894,1.5010489724804574,-0.1399692141114901,2.6693500470717475
264,0.8045173950379825,-0.263688721627898,-2.843372397596367,2.6886521679445723,-1.694394056486697,-0.14697171871584125,-2.422825511974956,1.2969465169791947,-0.24886580682896486,1.5318937328622946,2.0429668383009165,-0.47719382314578507,-0.057078303583249834,0.8371947251464587,0.6925848336804448,-1.499075096231568,1.885503904378219,0.5481486753855851,0.9374049006724068,1.486218445352259,-8.58887950511503,0.11915860851230686,1.9078041962378611,1.8765893331493086,1.679308782775653,2.0622101315692176,2.1193014187076513,0.9675758007923978,-0.011771428165462616,-1.5094183378420754,-2.8795525560236506,0.5656065498126077,2.1237326683632975,1.9670694483046147,-5.31739870568304,1.1936954248642002,1.3066690693840322,-5.230770836045593,1.6940521442664833,-0.2283603407813688,1.7212870367521815,1.6575089253191537,-1.7694615171310817,-6.147762201183481,-1.0420930338528018,1.2914676300404766,1.2240859489770197,-1.7728875728108555,2.3465825140693877,1.576083703187598
265,1.0033447474640522,-2.578403698483241,0.16594434985159712,-0.018761265255266224,0.5960481896146392,-3.5151573390657243,0.45777395929030984,0.7841943844147581,1.6588375474218142,-1.1355528864550726,-0.8568564869213686,1.4625616944646542,-0.8005141584234607,0.5239965570379335,0.30593235875654035,-0.2891581891333921,-1.1269190692823248,1.5081995693050745,1.680882799139844,1.5714585662680909,0.6491775107118958,-2.705130713014456,-0.40474153906944377,-1.2314641138735292,2.5098806933005693,1.5450212935496124,-5.911358251511531,1.398624215131416,0.806403711864621,1.407967505244117,-0.615423722150684,1.2303191551030848,1.4197994545810348,0.37221356394679184,-3.088098803573806,-1.1806252436790032,0.5081334184638795,2.6887539233249047,-0.1093509125176082,-0.6004480011085471,-1.4796440978701,-3.5574361457757417,1.2534449542856216,-2.5632288870399123,0.05556540241227914,2.9288043006084474,-1.1460518115653784,2.0544891077098257,2.658065361703403,-0.29151295920114606
266,-2.0032822736001297,-3.8922275167180747,-2.9383351880192583,1.4951310987288688,-0.8053914334117822,1.9719295361410771,0.40829577750812884,1.3541816104565254,-4.60918426836883,2.130494592582223,-0.8112942133917764,0.7463774987197196,1.5416366432261177,-0.19203600767277695,1.5640956729822841,-1.1661895737818453,-0.34648729683097734,1.0244768066238485,2.05496171500922,0.41539804670298697,-0.05863348150370129,1.3065452626715865,-0.4355215057602413,0.6221904541189911,2.10213504983433,1.15187196367053,0.18917732496322248,-2.1337970884209705,-3.3150512704765838,-0.03361575246533377,-0.718574481148222,-1.4460746077955786,-1.1453197442034302,1.6384608806632692,-0.7798821012061978,2.085543996053427,0.723025028278955,-0.06967353421370515,1.5454008955918028,0.5506530215347363,1.6188734575715036,0.763897508084523,-2.9895799670018732,-3.6392965928987024,1.7479894112227794,-1.0927423645375898,1.849149282680107,1.927656052595451,-1.362752827180108,1.4553945023914796
267,2.901029498358674,3.40449187100661,3.7863165316358973,3.4539984617897574,2.1985472027221165,-2.435324041667788,-0.12131803016935372,2.4215718075034167,1.9781846189508245,-0.6335173431686725,-4.651081271528015,2.814962762924352,2.0931225312271824,1.7901127784958386,-4.924181769959886,2.138208792850009,1.8466407177778237,-1.0725180865027442,1.5412925359638017,2.5832158298140144,0.3366766050811085,-2.003095523590833,-1.9087142277084794,-0.9912141083615662,0.7319261755831938,-4.328342387098499,1.588335732270843,-5.030368329023051,-4.4347201444717514,-1.3352886064371106,2.560071536538988,-2.377384495058366,1.7824311290043404,0.11437381117944234,3.3824366732300457,0.4714204844911887,-2.8263069784057313,-0.6511171641023523,1.3512151781619641,0.6157265444280426,-1.0789739412719523,-2.8595865321710425,-0.6057360907018889,-2.315687347063414,-3.2678556567035235,0.3039981821699236,1.8513723478433457,1.0023831268380956,-1.3878859778660653,0.19615458519127849
268,0.5310199158860183,-1.4996450518633262,-3.7644124371067003,1.623934987471213,2.427242004123499,1.2560955128984523,-3.3959763350427954,1.1788990442080434,2.410430284827349,-0.5259594441066229,0.6244227049178095,0.2887514419337771,-0.3905877956518644,1.127113236999322,-1.520617576846722,-1.5531629459403984,1.4541276572924056,-5.255538687377224,2.207817863211203,1.1441673941936625,1.4054409529984868,-1.160144985648273,-1.9324876930453918,2.5162388602083703,0.9232906749212955,1.3481878440309916,0.5532719701914885,0.9970885590556078,1.192363816071214,-6.0861548681932005,-4.645108344712422,-3.278985671927633,2.648104800071283,-4.214221014808872,0.2943534738101974,0.39878875614668363,1.5728517203793992,-2.526802707738721,1.1449244218549537,2.388516786746818,0.7095615324229216,1.3079098842883523,0.8013147340287441,0.3340458730427427,2.527000315151924,0.9424066788717642,-1.5051523749002689,1.3783477886235018,2.26304410608341,-0.6661176620524802
269,2.8347815240497094,-0.24202850429492706,1.1916615888186572,0.6954846079228068,2.815525798346376,1.7741927416203214,1.4737515608154563,0.8517237458498048,0.4648249549712551,1.202099478192621,-0.04002879479986454,0.5345813057312645,-1.0040440723610473,1.5483023280311068,-1.881807758401595,0.497074183356216,2.9583017920376133,1.7741778615662285,-0.7020831235978973,0.34872120447203514,2.604707295001115,0.41671701578944376,0.8563899177028302,0.5505088177561559,-4.247416232787149,1.9182849503974158,1.4315267194785242,-4.337722223758144,0.3725114261773381,-2.728824290048629,0.4061564891362117,1.6387480373484258,-5.30685275546028,-3.187148554110431,-0.2847713554482523,0.2107400834945281,1.75026207479495,-2.3067109247704796,-0.2271322445515711,-0.007686741306677014,-4.4213737781877445,-0.46425591671791366,-0.10687465373574145,0.6451652901872809,-0.7764834424573595,1.7091991174046663,2.750663434521286,-2.8817756251765694,-0.87045913553915,-2.201305217460223
270,3.9002725397728577,-1.6488401605822265,1.7736239861500227,0.2915133114038886,0.34248731526615916,2.451827138506717,-6.040404710524754,2.6252612078920143,1.589533658081038,0.6779155997278732,2.275522020802427,-1.3498752137281844,-6.543773625285313,-1.4587946149422955,-2.002971365912943,3.2822125246586062,1.8332564278791335,1.5067474037289559,-1.2159478110833204,2.312714294580437,-2.4251098516324507,2.552916022338321,1.0044241406291299,1.5221898531852815,3.7605589577565364,2.6279031001573627,-3.0236134046567162,2.44606298021489,-7.453870731664274,0.9117345681408073,2.867789287458748,1.438642612736463,-1.8597978626820986,-1.0184748889943318,1.22230740769277,-1.0094765198296018,-2.023398571280884,-3.0574851661294815,-0.9099280310844424,-0.5382900268892898,0.33712590667047326,-0.7516715697686607,-1.3245753538107525,-2.5448841460303875,1.1307333470302137,-0.3157347408624096,1.453488591835824,2.602156029563406,0.027192803928266507,-2.251194670413674
271,2.258454298294859,1.0837566844431015,0.6614823534040868,0.3365252960856431,1.8857124738518936,-2.203141233138161,0.5663351568257458,0.0025259427760842,-1.72827142476085,-0.2950984125723082,-1.7000876298537202,-2.1392079998039986,2.2985994180137204,2.090612822757287,-4.938853083533881,-1.5929205966637987,2.112545061548447,-1.5909347774710758,-3.53640760452637,1.563551434250689,-0.22018217076854185,1.8025061794603365,-0.37460579844332287,0.7599782134336781,-0.26341211534129716,0.7627553293517817,-0.9263229566751301,-3.537414272555311,1.2638322942247826,-2.1673162340113974,-1.093655576971348,0.24930601187119272,-1.5720621513760946,1.2093963023603522,2.286561558731542,0.5173796926200076,0.9981448094074352,2.109304211900097,0.3432105265544232,0.6353252177374191,-5.414699406574495,-0.28423527789048997,0.8612769154171218,2.478724424701398,1.335179775614996,2.0356296261908073,-1.8151975629923989,2.1403722356295667,-0.410665793193826,1.1557078116593513
272,1.6281448345975509,2.816161194344757,1.515205713000754,-0.47059082104896,2.5029316398077985,3.398499842873179,-6.202228474918634,-0.6894599064196845,1.2256700146573154,0.8284821807609806,-2.1393840490913005,2.1221020589075583,0.9718803787906358,1.6017658581785073,0.4122531666288296,-2.9927207004881087,2.769988597179616,2.5775281492144786,-4.358528108351273,-0.5727602829570522,1.3765259694906256,1.781290175334727,1.7137253091585243,-1.4477393409500312,-5.871509070084764,-7.0170448697263,3.689711258711862,1.176737717161087,1.7958576818571852,1.698320458065715,-1.1155481448161861,2.1185740164230276,2.0313453783882878,-2.6761630893981483,1.2111679325539182,-1.2891791213294566,-1.9120420288414142,-0.8513234933347951,-1.4374340686795337,2.432839519164419,-2.519814526245092,2.3196817622265846,1.3820351790681178,-1.3573000281987921,0.09422324979341834,0.34348077402210375,-4.046123664630681,0.525658971986263,-1.004233401179044,-0.09066179165863097
273,-0.7209215579827752,1.9991280733690755,-1.0585954560441033,-1.5509078344335467,0.9305271266376556,-6.760556321798089,1.1611592673429234,-1.5937882682542721,2.100276763032113,0.9807201134441828,0.8279076889822461,0.16435021210593082,-4.316872857792201,-0.02505255732923306,-0.7544972486612096,0.7030786389476651,2.597959542678775,-5.831323520567504,1.5524258051008637,1.298246046651471,2.149092186941851,-1.4174435238818317,1.2240193185130575,-2.2040164692822035,0.4339821227237577,2.0418022750305296,-0.5390110897739762,2.4111629462148616,1.276984274138738,1.4940716003556371,-0.1527210092087179,2.3917825936936774,-0.7755751136197162,-1.931985335018477,0.6928600407010892,-1.9412461491910884,1.3775426721106978,2.4006242687499157,2.2618441277866976,-0.8193843236784817,0.5874074154418354,-4.587411738625488,-2.4715228932202633,3.001715243179627,1.4173810807209817,1.8380593109993937,-1.7018562782274147,0.3556196576036639,-1.434414812240414,0.9173739456320744
274,2.085391801647682,-0.6282518498971648,-0.22720083535584656,1.7019087778791766,0.2726585666567054,2.418184938723878,-1.0047979485276581,2.4846440040523463,-0.28284067839826577,2.399194173180339,0.05879520566833296,-1.6541989260348098,-1.8564654662503717,1.1246494961142917,0.8256732501455044,-3.245696100443257,0.9899502425980753,1.05462799369879,-2.0489186708573692,0.9106121453150324,-1.9673565528631851,-2.1538838934133366,-1.3660929010346265,2.047207862302702,1.024677938233736,3.1824664505493137,0.4632313430174779,1.1762193717509293,-0.38539272356807164,-2.932325721740166,-3.7104362944753975,1.1219025785098569,0.3756770542339689,0.5120335157720515,0.40389099710514387,-1.8036145776799932,-0.3974459801564869,-2.6685557047856863,-0.17636998426600936,-0.24439004026328615,1.2881282287641374,0.29937299607152124,1.2598706321981603,-1.1655673992226383,1.325020204504077,2.562110055324655,-0.22493046669813754,-2.6952147550403405,-2.479709968899546,1.9515576158538148
275,-0.22712055026654276,-0.5842414401413372,0.04755489927177514,1.5031419458055746,1.656072389832214,0.758595200753299,0.16809437708340447,-0.7467028436530541,0.6613407639472211,0.5689636871800703,0.6664949749637001,-0.210113531263028,1.3401976599466239,-4.308681567748561,-3.3568640310893443,-0.314599341979652,-0.10498116818555481,-0.24604420183479636,-0.3500568215758362,2.261393650811666,1.8518316899944698,1.7649297122251273,1.7202805903988625,-1.1615954726024906,0.7921518023837231,1.719033955736923,0.6689914179819798,-1.6559644567461742,-2.054236728446206,-3.782503447436259,-1.409956733002888,0.4610332369933188,-1.7799631102182065,1.8210954429700168,-2.5060444414415315,0.9038286497561532,0.061691089683392875,1.2590954706686035,-0.1509992367320212,1.8609374948436104,0.011649881003895857,-2.0199112021901273,-1.5172716883488242,0.5547584936635745,0.9863346817218037,1.098250399198037,0.4471006391613459,-0.7080287652985859,0.31743656226367456,1.2636000199569581
276,3.6285654712582067,3.5901890025194785,1.7203704015995829,1.5584958266211903,2.8569408321305167,-0.5771435255055293,-1.2861720467284181,-8.301217425394972,1.8849490290121231,-4.559008365011788,-2.669272240059639,-3.2457996066452175,-1.5497412834011008,1.852193795383335,-2.8337243953442197,1.05458476219124,0.48271551652269906,0.9870276090166614,-3.2320335441057075,-0.3726305538986141,-2.479926928929264,1.2134614930352887,-2.387028895901704,-5.276200000860047,1.932208034658823,2.0443667898442954,-1.847048775878191,1.6427511343890817,2.5202120930541922,0.7958623066641328,1.166695312878205,-0.5196027109123218,0.8150085760010342,-3.7199885726814177,2.173070621732104,1.681680465143217,1.3948297554004299,-4.909876919941215,1.5495350817087101,1.9768152999991213,-0.2055497829912465,-2.4284161869691028,1.8789144678111884,0.33368544116744303,2.5983936317785123,-0.11273508129706311,1.4462495249268157,2.33190108068299,1.264456033584457,2.136987451741637
277,2.826879209981799,-0.5795349657029725,0.7927462253157609,2.326449147907857,0.4764903092075805,0.35529189645726866,0.8655274035515044,0.5152041173433144,-2.064869258442293,0.28797060998370405,1.299787867866081,1.080895338554218,1.4638820217412594,0.9887055374097318,1.8161403134925358,-0.5117637447451004,-2.79139570003417,1.2537226756569662,0.9894290088344397,0.538728363372142,2.4847431026723865,-2.1150183796748774,-0.1359759838838004,0.7736792152056227,0.8277052235667792,1.3049665121797145,-4.891602261974062,-1.7509797399361409,-0.5215227921771026,-1.0268053128864416,-3.2525475273757936,0.6167463743654258,2.247429784728482,-3.3152895665428757,2.618267243322169,-1.25330917616603,1.5479581908629179,-1.5348844138514357,0.612862635624392,1.4724623651938233,-1.3856049051182948,2.2605429541665023,-1.8363199192227295,-0.2812200147954309,-3.444197584638519,-0.31683581274954076,1.5367237919071406,-2.642186612972978,0.05858275791907008,-0.5886565254999576
278,0.84942243462757,0.420539286243768,-1.4132018713800925,0.2079474685748206,-0.6975984935345139,1.2640177888873985,-2.537341583440085,2.524376876318664,0.7086574700268189,1.9892262154407865,1.4157061638355852,-0.09502483294416475,-0.8123395933207007,-1.8382787343129898,2.1721029244962677,-1.6268456030726153,-1.414430253527506,-0.26609341266228803,-2.779907572109966,-1.089944575507234,-0.4408880309650689,2.842364955009404,-0.7001500093058661,2.0939173841863354,1.160532731564298,-4.045539326609034,0.23210201496262783,3.144451936409715,0.7581853624325587,1.3710926290179,-0.7385289344969452,-4.391719100695876,-2.0003117450451633,-0.40390960796742803,0.6916589489067348,1.0591153445540349,1.9986130411845098,-1.3889679273854707,0.23817665285272493,0.48529548705779746,-0.20778127148962522,0.6235807276178971,-0.4647346950879738,1.8728044055553643,-0.30196654335789574,1.4081896752134764,1.0203937797165552,-4.120768663032165,1.1236600227735791,0.10014065378349546
279,0.9288633024202051,0.6130481366024885,1.7803713014900988,-0.8247558060612148,-2.8462466474723396,2.2784229224537365,-0.8445604573828307,2.162269188273418,1.547108140915305,-1.1393063420552823,-0.4791662689808822,1.3384244605813675,0.17979007547160197,2.00660753284922,0.7559185288854362,0.09629329230762806,2.102436492442478,2.1466864864781443,-0.6912083123331092,-2.5286241787017794,-0.8435364378114505,1.7141348240277372,-2.161654696739336,-4.149413277237073,1.9839224769282824,0.5591085734278387,-1.4429005744298493,-1.0469759092254618,-0.015870318049718612,-1.4997276385277756,0.13471414299233775,1.264347229855248,-2.5365956197338146,-3.7766252458615366,1.074365126021723,1.1187943191653766,0.028796307793619746,1.1810246318356508,-5.473236376468449,1.9058903851876048,-3.389806819429049,-2.3892832805683994,-0.0451354931989032,2.4508970691987333,0.5099839488401692,0.5814107941701332,1.700898690697913,1.0321391103039383,2.3883876381596525,0.559574570491244
280,-0.10859613273656166,-0.7510642915265606,-1.9018556070569197,-8.458111681406699,-2.2669800947868497,3.9129633403377237,-1.4639573183438719,-1.402211824722932,-0.4328976905655679,1.8033546205487139,-0.9649578711125413,2.4596802434677483,-0.5005109974512738,2.4806679615750027,-1.1621798214379302,0.5411413585420553,2.267898719155183,2.3865368512636573,-1.3013548769184267,1.3304907644360289,1.3348825240950468,0.7789818286501555,0.6997188319715599,1.608425161319952,-0.9659566695270767,1.3242987056036446,-1.2576998774149448,0.6605685723470645,-0.5775974133999906,2.3059784833758727,-2.778499337257645,-0.367156592849863,-0.5030165256963688,1.5211692744240364,0.4737777126093716,0.27594370108457333,-0.30631390366979705,-1.9660027268096085,-1.0433350247488642,1.221386392549325,-0.5044403419367516,2.118283084795176,0.9773781944626592,-0.5178171624186021,-1.716878467715084,0.5863311853769373,-2.6480806792712013,2.3798695414916895,0.05124473337573132,0.3665011439230055
281,0.43590840299327915,-0.26439071518414003,-0.013609094545272704,1.0989753143482197,-2.7729694578458224,0.3729300630648078,2.608458580219997,1.834547330064792,0.41146036474997416,-0.8212152705375804,2.18353261367536,-3.8493414862768534,-0.1405385235594787,-1.8836868667736004,0.32463158281320137,-4.382135277819139,0.9614450764878173,-0.33070355270520313,2.3277234609826687,2.5146335754647744,3.6915276435930675,2.1817057431237923,0.5957236246334041,-1.5113210789724834,-2.079392239030936,-3.3480304193491763,1.450895980356817,-7.811394151503385,-0.4331159961847524,1.8132573867554385,3.353038089166701,-1.3186919318338948,-2.018475459975594,-0.17086017523150598,-5.586966157351948,1.7246615416041235,-0.5594470754659726,0.4465602895078167,-1.1072004138163773,2.271248789482368,3.0387665807884146,3.7850882882459613,1.87582474291774,-2.632323296711145,-4.136964189614599,1.1326679707881437,0.9653334713688642,2.0340349355568224,0.2762355530119214,1.4619558345226027
282,0.7389317617802265,-6.881292129528443,0.34663114850375276,-4.424336051922825,1.0914934927972535,0.5798152097010805,-2.8949452835279263,1.4751016146631426,-3.7451061007095525,2.3473851332983946,-4.319941232389219,2.3462157501794763,2.044347324977257,-0.6318410549283007,-1.5758938091039747,3.0699070930148413,2.8909224717415887,-0.6221613832473167,2.7032934694301467,1.0399018989243372,0.912212947351323,-0.15259372868766885,0.10319662160402387,1.2405515908295532,-0.10711104985106346,-1.0937098563686058,0.030350564918823153,0.8045291287560907,2.7102350909657824,1.481800650856881,-1.5573459499202427,-0.8922019440592592,0.640464006131654,0.26022441175886524,0.6445241296990885,1.3664414570659424,1.9716825026896152,0.3143354887895926,1.3621249590145394,3.1700554578792652,-0.6799024155704094,1.83550398687479,-5.625946134925032,-0.5585851892020894,1.6854204889263396,0.569716392547277,0.7000934182698559,1.0903016825156548,-7.992358486791149,0.18756045427665757
283,-3.118010708864116,2.570202368470578,1.8207123371691374,1.1910823903501262,0.1366582765258899,1.24129765600913,-0.17749891269609108,2.8280062098974565,-1.6503767934263305,1.7027563736435125,-1.3956253900718742,0.46093812370430953,1.7385485518766703,-2.41285741040494,0.43724284965495386,-1.2118011467198828,1.0874919517563182,-1.495672981912529,-2.8812147484749566,-1.3061941852425658,1.1144118410019725,0.09170934539350206,0.6754654926327168,-1.350195260274103,0.7455150834449933,-5.910206489873653,0.5353641407865428,0.034252342947582726,-8.33185195329998,2.848770829827523,0.862952813624025,1.7309992611673781,0.2747385980872501,2.2453491518404847,-5.51491510661509,1.498823269725996,1.2153095389159834,-1.563559960985959,3.1360661453755205,0.14449674498577458,2.382080851348883,-3.855603488653271,0.32083052437340154,2.304367478550466,0.7014316624691856,0.46796712737330814,-1.2147536240664785,1.0753597838251725,1.0774234542429024,2.6917155905831605
284,2.656471914892917,2.595851895138539,3.0425610985956757,2.2197813762249563,3.576891257272429,-1.0386052423516974,1.4018231991313046,1.56587717248485,2.372305605610627,0.6801139254206836,1.7809663712445474,-6.1277097453441645,-4.118614304691603,2.5966504855724417,-0.7701655829783478,1.9204084151052627,0.3353460062020197,-0.7001054789667274,1.1175758481033622,0.3492677381965965,-1.116530056096095,1.7988890739474268,1.062002957862453,2.447937709139462,-4.842058678365541,2.345203074534624,-0.3022968872107441,1.26496987698376,-1.0355234949172907,-0.6519279522136436,0.6879493583052252,-5.103463903801197,-4.389479746826671,-1.271394800681743,-3.284418604654558,1.015117721253862,1.8833096547770674,-1.8995144473765864,-1.7373383191085177,-0.8522746112155577,-7.251038399205678,1.8338823203536911,1.9567842615050512,1.3557199294604914,0.45885037565987297,-0.06156234676549843,-1.7946902763739514,-0.5451736806331979,2.0996207761759633,0.47175716062381845
285,1.0568904143508742,0.46686515595677136,-1.6662027869491123,0.356538641355967,0.9600713326015757,2.463549843975485,-1.0639507026310797,2.327584541500941,-2.1852888843527323,-0.23563721655434566,-1.1827682299552231,-1.45610400711874,2.540989970116872,2.5204799565923697,1.6873151753478983,-1.2631563963408796,-0.18285939475160706,0.17261075267590886,1.6490037255252337,-0.334959109271324,2.140575829487664,1.0548492558833238,-2.8971734625899153,-0.8087801852672571,1.2385210348601836,-0.681953209795588,0.9525171761420479,0.49990261520140855,-2.8061270054221605,0.9099451147002258,-1.704275915127024,1.3062662321168417,-0.7213600642195388,1.513787264824113,1.2483259261159514,0.774743063791469,-1.8181062308473157,-0.9601696257759968,-2.130048829230911,-8.192317778072116,-4.709171311154185,-0.41521967128718806,1.3813015341159294,0.34025821278573076,1.261163850190012,1.130980344805948,0.031804426938409236,3.0175876562278576,1.0772737113932296,1.3339272571340142
286,0.36303975851714476,-1.5142458598134407,3.015762929522178,-5.465990541505073,-1.8540069724199446,0.8639734869757945,0.5525687944154818,-4.128822330435112,1.0937481895669015,-1.8977723041310979,1.8789076699455407,-1.3773411633366983,2.434363860904764,2.7396080706921766,1.8579221954351999,-1.3741078974080372,-4.267177538726477,1.9056721307202076,-0.39125916758156265,0.07516386707734668,-2.967898142228991,1.336078004369571,1.9467593017106921,1.898914545629383,3.0740391187848024,1.4732173252031169,2.3734436103533847,1.0576035281142984,-1.694083563432601,2.4968531757805965,0.11735521743894406,-4.399255066362045,-2.388758705907393,0.26098597789720124,-0.021115778750965042,0.02067348351641307,2.0151395528329403,3.2386086827465457,1.6973315499747637,-8.174115815891767,-3.6009225062907806,-6.19913660884445,0.9269408985930747,1.81410889439938,-0.24058525975661826,1.731093628218788,2.743727801353211,0.9177564289609776,1.6789061005274784,2.3563274426447274
287,-0.6053633697990985,0.16957116876594558,-5.8538031999996445,0.9747166797356206,0.05390951943828881,0.9611576925956808,1.877063125971647,-2.70125473514683,2.805817926684248,1.5555812190178608,-1.0509521623028748,0.15943066799062766,0.5977034372085548,-0.3090222828020215,-1.4979679040474911,1.4647101027079104,-0.9366788910847621,1.2667006215158967,1.6260062707537015,0.15977896784683399,0.7002411177722765,1.5562784090244417,1.9795745960715974,-0.5305184451562992,-0.7686690439419026,-0.21923821567164836,-2.496628485275621,0.08110910222432821,0.8423686947025733,1.4251852918089623,0.21353256351954286,-2.116151916558234,-4.6813867236636035,-0.2019074019055962,-4.499179822567669,0.2828825554577392,0.7289359503910493,-0.28268284513985176,-0.8599648363251955,2.6469949945853735,1.0900827527247752,1.3704606091669356,2.561067832126621,-1.5126807173115742,-0.7477872846974174,1.3086882090386784,-1.7256865515366142,1.2853133150799803,0.151193422950886,1.7014680180554218
288,2.359460287624871,0.8695114130703132,1.8234184693680877,2.4881174129064836,2.9723768479623605,2.087015021674299,-3.0772113017543745,0.3963107787537785,0.23441314517674883,-0.4411405426142858,1.1944329706533283,-1.3182149401162873,0.4004429684263888,-4.083784876096347,-0.5731075332501687,-1.2680358256626763,0.7984943356070078,-1.1196166948362993,1.3027878849042933,-0.9895169347702009,-0.38750866572219245,1.117334533901984,1.307883316861293,-1.530003583157436,-3.0742681323936374,2.4800730947344545,2.4461606180149,-0.24607305637232724,-2.412192060508345,1.0482009603669074,-0.3384268944640967,-2.7001860452229876,1.7416142817420153,-0.09614625359486695,-1.0576115545297728,-4.794420029931292,-6.3180818030871375,0.5049448611984921,-0.3409868865048198,0.23455296884994237,0.8832766922845119,-0.23409443645349537,-0.7834271378469415,2.1651280331593465,1.597919156153372,0.846649557456379,2.4613094073953823,-1.1687970500105234,1.5348745284002159,1.0561486922532817
289,1.4260225866054634,1.568299036662721,0.36597940519133054,-1.52759282663723,0.3536267345512156,-2.153083744489159,-0.344871362077118,1.8349841746406699,2.070545951614325,1.9994308098726155,1.7344905161817206,-0.050225017417944606,2.014284788082439,-0.17587221216698712,-0.650539181521455,-0.47751420149316814,-1.3003285581524926,1.259912260068707,-0.4825218378912952,1.4975715240595635,-3.528360472598666,-1.5257262706192245,1.0537564753497892,-3.3727324334609543,-2.4694453280207593,-2.257469510530961,-1.116282676358777,1.9647627885541343,1.7386426936126274,3.3034017642842324,1.5175182370194769,1.4932288840994703,1.4157888168713622,1.6011755503585663,1.1363202195371218,-0.15107372856863943,-2.6542392943773283,1.4997062957518583,-1.457630090211035,-1.7432689379862794,-1.0994467226106224,-0.36380862307932116,-1.3165737026715698,1.1762923631531894,0.6827427159399706,0.25614983353259557,-5.26220932256376,-0.262510674840188,-0.6542340991583462,1.4329264039080738
290,-0.23312861866283274,-1.3058055931581931,2.9491782115114167,0.07347475997049369,-1.0891546909733583,0.8385711702269063,2.308147696709869,1.3110132440831612,-0.2020504534872618,-3.6101667627400875,-1.8039517519385182,-0.5901534998518381,1.8653181264132948,-1.8942173540015599,1.4931489492937304,-0.5481234029144311,0.053182063026615545,1.0113756081289331,1.9418615921795714,-1.345969255428896,0.8866285999287626,0.5417996947401127,0.1973984608039654,1.121949225382512,-2.6388997647707653,1.0375219493022567,0.5787057718423902,-1.9019940947638352,1.7430861562523683,-2.518795263204737,-1.4023916909826708,-0.014489510481583423,1.1086812159975294,-6.497874751634615,0.13154179049335557,-0.9182793918670695,1.9005334027737795,1.7514961643666385,0.5920126952513964,-0.6011195931275273,-1.2497581138678289,1.5632269089254103,-1.3792728128875478,-2.135388617792004,2.415205853342915,0.8156226373757409,-0.9298013422720732,2.0712360671200463,0.9492275382223236,1.5596407771437026
291,0.7660222609291703,-1.1258862299323207,0.23487018822711203,-1.3658057477824075,-0.7074491446710063,-0.08567932042994908,0.20216313697014776,2.0302118399900433,-0.5513642170989446,-0.6688613950472515,-3.744043205397568,1.1818721051280208,1.6676185889068957,-2.782801939426406,1.0915300419933667,-1.5157350587136067,1.6093079090445395,-2.0705826806551118,2.1512307461489053,-2.8153754429549354,0.0665519893042843,-1.948659554147044,-0.0714961434224648,2.4990190454628003,-0.5084902875693045,1.7110922360125955,0.28578741534821717,-1.0516348944020466,1.2627306618384448,-0.6214780986625561,0.23861877861097724,-1.3419029413202974,-0.844284575155938,1.4779365042516925,-1.0276616270185217,1.5457553678318612,1.205531864802884,1.0704671110853097,-5.228854020295075,1.2727808695932201,1.0919211852593391,-0.6519701513476379,0.5998188328238978,0.7613428670407068,-0.8359414206667317,-0.5091127364799934,1.3977574708584037,1.7582674825626032,0.5450254416849329,2.3498388908867724
292,1.4852214809795266,1.7278819602151656,1.2569331241233686,2.8129334640465324,1.9623093405023408,-1.644010931887392,-0.7942144912779838,-0.9834475477628493,0.7878956818652032,1.387761179653042,-0.49302111489686684,-2.475343301705192,-1.2622371105151355,-2.257278162974673,1.1665866449130426,2.505921016652773,-6.427327396512161,-2.0195984864867915,0.35788771244184225,-1.0591898617236373,1.9495675341415755,-0.22034024159995358,2.0337511197988865,2.7157063208722065,-1.7943350880617173,0.857273549483641,2.6784136095192825,-2.0015044804856377,-3.9601239671907864,1.6007796286486,0.620307995835053,0.26534293999989966,2.9472319300593846,2.6439437529168623,0.6178300068348399,-0.8126112095070628,1.6824003827459832,1.882185438565831,2.027567924516423,0.2313006534791162,-1.72799411912984,-5.378958848437747,-2.6058172164895117,2.812186493306916,-0.9653405203810772,1.6722685673549926,-0.34422585107240167,-2.3381011305422295,0.9115667385703707,-4.035935113402018
293,0.6402069180844263,-0.9391235222028369,-1.747723608051425,-0.26318104849953805,-2.332478787143333,2.9965097033160886,1.3673420648887067,-4.495596061076955,0.5910796870872854,-0.38613052962340166,0.657732532614089,0.8274455676216927,1.5841489875120898,0.1446247262735465,1.364724475122097,-3.673509598278833,2.1848777987290293,1.0038046760323045,1.3733580742080287,1.7755186458716907,2.1795937194017294,2.5985756624042864,1.7814768340550624,-7.9316107368479285,-0.6557091037633702,-1.579831651964973,-4.027164997304717,-1.896491730564967,-0.5971637986878617,-1.0502179329865067,3.42145205075468,2.0047703064095828,1.1680194472874659,1.8826149946735358,1.312219536694709,-1.1615886631730028,1.8232645674093164,-0.934183497257532,3.6255758664573126,-3.450018544019078,2.9654649869557104,1.0575239319501355,2.492109877951072,0.08177398547989156,-8.334710520085686,1.9198466796806062,-1.0906433649865743,1.315644786748675,-2.192954539665637,0.5987311445093413
294,2.671968968973711,1.7332389897357698,2.4213448161297326,-0.4902200516095796,1.5247439146462414,-2.2186824102210325,1.6953930088984146,-3.3079794016056416,1.5069455101865068,-3.0500801660577137,-0.6639215632424476,0.44187809261700295,2.3675091341173835,2.2540459774718067,-8.270414188917997,2.082410511735049,-0.6178745334254252,1.1020581667208145,2.3635716893653713,1.5325066773915625,0.23334879319666246,-3.3725182373568865,0.4782968455803758,-6.049966599297648,2.244581178398561,0.4360031087328968,-0.9740152534368614,-2.605835420580153,-0.34538816626872393,0.008017039478480648,1.6081851105402292,-0.5731936247133795,-4.562988360737411,1.963362191130146,1.5992484711663737,-1.4794939025903782,0.869826489062663,1.167415956442417,2.0752852255233867,-1.298373403707064,2.158899445807321,-0.06642310033100607,-0.872665877064529,-4.5724308069089785,2.4046839392807087,1.6294071086932918,0.48733113926688265,-1.618613092432656,2.403298482404277,1.5462721778114759
295,-1.5987495246979382,-0.3865992737028767,-0.4823357691975332,-4.011813928698542,1.323668472696692,1.2120140818489507,-3.6021037263168214,-2.092285603755845,2.1042479531569738,2.13009935382303,1.5127248441813714,-0.7856440216249343,-3.9786444404917827,-3.230468863453604,2.624426597937648,3.085416874270739,-0.5776781998426692,0.17447798656408064,2.7545171593242928,-0.4009224469055539,-0.9063480612813706,1.7874745001313195,-0.21353480132737612,1.8512684554964127,-3.309420388256406,-0.5072414597958801,-5.36870097463442,0.4885357177353722,0.6814618065261016,1.4390431155100236,1.150058086816732,1.4227010654037562,1.8152343097093704,-3.069107614281542,-4.846422747730056,2.643857039219439,-0.3895540481543245,0.9271116108478612,0.2244166735019979,2.4307868546241003,1.2112340385934761,1.0286603069072537,1.9993104598643088,2.1855284834921878,0.7965796553636926,-0.653215491637229,2.811412278598319,-0.29873231378137266,-2.7213037750119398,-0.3854403075654682
296,1.8514755232339422,1.9069946775746973,2.5464410428107502,2.329973668725539,2.5299627865481153,-1.1890038458982763,1.9129826359964732,0.4892834675224389,0.2247429963315346,-0.4668404334299199,1.288870328604585,-4.744076963178632,0.407027017243184,-0.5458546588439068,0.034441928949219935,0.6699869026648688,1.8687894029477512,1.5674212151966702,0.3563177801232049,-0.8352902752980036,-0.41459018205383824,0.4412447672151094,-2.3714635244525404,0.7837737760167203,-2.139297119073583,-1.1176927004847013,1.0542451971089006,0.12767649875214637,-3.6092574743542443,1.907653942730899,1.2053470124467935,-5.472435322323182,-2.6909965590275933,0.5327105527357325,-5.075521458258979,2.030273377721011,0.5129970869377809,-0.21074606249355377,1.905088696599265,0.21260036795676562,-1.5323206759463792,2.343991338126206,-2.0825470154237005,0.7482182044137007,1.7863884409019515,0.9118075093151488,-3.9711058243241446,1.2230728333745549,2.110202533011312,-1.352963414971792
297,2.5334540402762227,0.7608470867326291,1.921557385358013,2.391887719160856,2.2975787421936,0.5248061929391739,0.3553438020669324,0.23128611518271747,-2.0950498441617036,-0.12610575926048906,-5.299189589382061,0.5229053640757266,1.484582479844207,1.3310741579249088,0.8907766338921839,2.2841447835474478,0.4130762301964639,1.7172003339569542,1.8899826052938913,0.5784214429339238,-0.35398280494528667,-2.5394394618588363,-2.7172379831194835,-3.5371584494147585,1.7350134208725856,1.1955612950304695,-1.1304663966987913,1.3484840460401757,-3.2516235382644654,0.8244226848414407,1.68627337053295,-4.28126118112965,1.5752261962261715,-3.2847074284697166,1.4200415568580382,0.6246531357392229,0.7718189015005139,-4.7915491208935785,0.30625955273851346,-0.9164571996483746,1.3379490127487363,-0.7151238164777753,-1.3703259704084685,-2.153920067777098,-2.313031897368785,2.1508378200567138,-0.2135790088610081,1.5034104940914061,2.5348813701403095,-0.05354845485274495
298,2.9982895256260984,1.8525352203125447,-0.5424852084970251,3.619923652651357,2.3416141408312563,-1.3830582231757953,3.350037592693651,0.2860089145476028,1.4585209256455656,-0.6272097909119285,1.1193242431147485,-5.8756336817024115,-1.4996044331728742,-4.0638998487699824,-0.7963862029860787,0.5992205600030474,2.4479299110277886,-2.8202504159085313,0.6135755603648194,0.6149576680890219,-2.7277942898513716,1.589635616266643,1.7940801142280214,0.7121614226064823,-2.111233005663708,0.9873147747342239,1.1983577279335913,-1.0601274679656578,-0.22893731440934229,1.8460702564731286,1.405803743920393,-3.5931841568469016,2.2986595274410337,1.2497014971422047,0.2804859445971646,2.0578911866705796,2.05423630988252,-2.2296583325617565,-1.5028781681309047,1.6215286966309783,-2.9946790753483166,-0.045060686702565356,-1.4205986956778318,0.9621492602975463,0.1895393856609946,-2.3985549892855067,-4.244508741594282,0.13261372617708034,1.2972899618529716,-0.8137143382603584
299,2.0867518266322804,0.7502760265565165,2.4851415181387932,2.1319536197952824,1.8580192266805557,1.9369847116963133,0.7092734413317832,1.0631910449460653,-0.9985267781153606,0.6776518042755297,-2.9931126061152726,-0.6710316056674488,-2.313712299798625,0.5769029739677656,0.953594344046298,0.331061598849157,-1.5861726107950274,-0.5498459303680292,1.0315628903490053,0.6691380960808955,0.5263892617289381,-3.500268138782416,1.002750640430122,2.659014924626794,1.3007445152938,3.3640468356816093,-6.201140646626466,0.4750453980761451,0.6785215330478183,2.283926068927805,-3.8022522982519336,-2.0340538392214595,0.40972480578557047,-3.325995303274312,-0.661184763934612,-0.5594409925397903,2.0096804612068553,2.5165876517700023,2.4084800035581164,-0.5807780444927566,-3.1177139527556657,1.2694405624820102,1.1684181300332392,-1.0641499571185804,-0.9648446868358702,-5.597817637528272,2.409137860724799,-1.7982552115492387,1.4676644495239861,-0.8907789224727658
300,1.7638057641357454,0.1746924473178595,0.16876889546764495,1.6427059518413185,0.5466380744571726,2.7350368530575477,0.9775382518189013,1.357266893844272,1.6044405028219244,-0.041733331523899686,-0.12666419328640988,0.5122371137640211,-1.1507437900998632,-1.0419129756610763,0.08557197057055888,1.0387892564192667,-4.557293228073998,-0.005008342788976883,1.6250534867678144,-1.673242874285699,0.8729555587706468,0.5841893427514657,-0.1134561011330435,-0.5300563849835527,-1.0899004762357647,0.061882783867443614,2.8839360473356206,0.1912721984243957,0.18584770884296198,1.9717212643385116,-0.8104092902441442,2.274584225384554,-3.197756758206671,1.495218586160703,-3.8000923118137866,-1.1640169406218774,-3.087172233144953,-5.895009661016259,1.8338172063242393,2.15488952849512,1.1194439037688615,-0.6936492100680969,-2.812221987445362,-0.1628462250493401,0.33154864705641174,1.3342000622607788,1.0752365794985668,0.16405796168013254,1.075037648761548,-1.8891984003231972
301,-4.798805766015845,-0.23597694168553485,1.561497648221593,2.7168635208136784,-1.0228238179262705,1.9373673325974559,-4.84891877102227,-0.41869422714131854,0.9787858451565885,-2.2222990567105487,-1.0088187764312648,1.8145651063189883,-4.485573191891304,-0.0656693935682533,-3.356845347032114,1.4117272620142476,0.7878231321899225,3.3810893351947793,-0.9487389702628848,1.1431228510082727,1.1176815252993189,-0.38335950549778275,0.02601160887566234,2.273188833928154,2.277904476476047,0.2583922618307106,-2.0022071175686724,-3.0810845982821684,1.652837149949065,2.2100118247612133,2.155315436769294,2.8948102980222297,-4.797068305622617,2.3941946311069238,0.020540336374422985,1.222874991080026,0.8351543800787127,-0.2935731676269455,0.323270971934984,1.3969695210431072,0.013604146956493146,-0.2992800667030284,2.427704345348577,0.5586275340640725,2.461719593452099,1.4361111431417188,2.629793691978814,-1.5456874039701747,-4.310811350743161,-6.193324960285067
302,1.631033874466076,2.792651760967787,-0.7022481240188272,2.193582503176435,2.0201859644764224,-1.5193577191245904,-0.34866371475225844,-2.217342653012988,-2.3783119105110924,-1.4151320311179436,-4.084184509558576,1.6210035269637872,-1.964859763803683,0.6985373984549872,1.5769012357213872,1.7272694959913557,0.7560013385046638,1.6182865465157055,-0.8538882962784387,1.4022766820268178,-2.721270004459819,0.771046905479932,0.17489899918978313,-0.9685967924229759,2.542623365871463,0.24479183323503229,-0.7428319951748463,-1.6584853402482764,0.7588610826579929,-1.0770899975110062,-6.183768082206904,2.057938306705694,2.0984657547826746,1.4225377016523013,-0.3597855798378653,-2.6653831503749705,1.0472447583486968,-0.7889983138247105,1.5583321095488132,0.8068996007867675,2.2820534943103996,0.8767149531710068,1.7567787090758387,-4.7277719350079765,-0.642102454028727,0.5917406941667585,-1.0388473777743732,1.478196807066046,0.613195119390685,-0.06113077765448871
303,-0.34639353620624824,1.3236547597042554,2.1512846981214917,2.3072005902525863,1.9686553088878243,1.8132341030252732,2.0439647993579846,-1.4680856688154282,-1.9072784516963086,0.3092451256260782,1.2286636118175025,0.11849073496770046,1.0480513857532916,-4.20989963316466,2.6194984993826713,0.9084022239554566,-3.0034083636829347,2.0270124223010177,0.8245903670750554,-2.271083759411095,2.377600449946936,-0.8092382755534695,-1.5006927393591383,-2.984772342734269,1.4085646165628827,2.000408705929962,-2.611683611386322,1.3035779144141006,-2.8441094121931654,0.7517661911558777,1.675040788230847,0.21972046101134346,-0.41604032963383464,-0.437114371987847,-6.537896181808234,-0.6017538845560066,0.013050434471792549,-4.214618046397984,1.2942219490250033,-1.6774587283489728,1.5703689997876888,1.287479282145533,-2.5783260364679066,1.1327311805799578,2.9942934219480857,1.5145590066788461,-4.071735317978494,1.4582743953461503,1.6465893833477798,1.1513928805712328
304,1.2906441785037286,-0.49481285539623165,0.6616812538235655,1.5085868032713265,-0.6960140803094772,1.3654345711511247,1.7177155903572392,0.6697258351832795,-1.638531313724978,0.22771089995908778,0.14618910406333896,-1.8530495316931832,0.5170441584063097,-1.4227798717545808,-1.3238235898040447,0.3694155008194535,0.16150186538460165,1.3696358145023795,1.9464095006121114,0.8031169082532519,-5.496673145932329,-1.8711199547209088,1.383846817748176,0.701314566661488,1.179706903947709,-3.3563688368771842,-1.0232037340758762,0.25143195554791653,1.0330431431693579,0.9069299552553964,0.5294943510547965,1.123680519521165,1.2525568586411095,-1.5613316389664913,-2.2525077206691364,-0.18839831286194375,1.5763487875056534,1.2448598311378487,2.6569877140074727,0.15352269716164102,0.8215715191289727,0.7190196130748729,-1.9260576033602517,-1.7050820741205825,-0.13968682955866818,-2.7720885225394793,-0.03420641313232231,-0.021788059186822473,0.4474903161296542,1.0409065547004919
305,1.9530780541639157,1.2463753377688929,1.4794328989662007,2.8877760671165498,1.165735494665312,2.17728260762851,-1.7919490929159494,0.7594296658781357,0.22179538793182108,-0.25264484650910024,1.62418054699509,1.0365326576243223,0.29093040266876447,-0.10942341811960965,0.39702017080113094,-6.6334116182934375,-1.4605266671007309,-1.879071159297732,-4.25013175585569,1.2624824773762833,-4.308346438200139,2.308116362812654,2.0886111665201263,0.9098625335930492,1.277104569227658,2.074947982121277,1.6981983950246122,1.6976112888585102,1.3085316497987876,-2.291592561462183,0.31023841097481686,-1.3118633997446825,-0.980758900990808,0.2804490869776668,-2.0677875010498328,2.658407569870422,2.8687592634489043,0.7688028737153507,0.1756236881965929,-8.295696407661485,-1.3446512428834314,1.3432837779364344,0.3081854438154785,0.3014775024721752,1.1930537602999696,-0.7286427784514986,-2.403850631710493,0.8612119599532324,-2.7670704296501913,1.9428897946943056
306,1.7178883571125714,-0.09250015561384295,-2.562744114027609,0.6341468275217226,0.3581316149481042,2.2979834513930677,2.3580494117358133,-8.844645375850511,0.7658021946013838,-1.2724070050383105,1.0822976941418507,1.0496332717248844,1.994520091848782,2.1572537886780725,-0.22858480344220578,0.532176950456007,-1.3399014154799795,-1.6702191025281206,1.1871096588575232,1.1518352706688053,1.2786235800948496,1.102092450087981,-6.496214903519988,1.3132676946466195,0.562909633378947,0.5804271451427647,-0.07894094466717405,0.151138248130688,-2.4856728572800018,-0.4185283784005813,-2.9805500164694747,1.534869982075835,-2.0001173082207657,-0.19513801032828315,0.7307183317595847,0.18388223846709373,0.4669470515257519,1.7845057958061221,-0.7286823143307162,0.586957176185197,0.32213281053316134,0.701146133927149,0.8234195360549275,-1.2208663759202194,0.25465055188443575,0.20308461770753805,2.3803341262516713,-0.2095760637754216,0.5717876643746997,0.0055657931695689555
307,-0.16912432962097235,0.6468022044382042,1.882642307232246,-0.4384911099023734,0.08679740550673376,1.2154053642521552,0.992740137227571,-1.5383753324482585,0.04270985157906715,1.453009176155247,-0.9889323805398762,-6.324592893593832,-0.2887332816722985,0.7888711853815034,2.8632810788264114,-2.2536809467187284,-2.328152652663661,1.4629713476731454,-3.422688381114802,-2.9274937668831864,-1.569659204412794,1.7656054981858307,1.5472470191476289,-0.8490330452304677,0.40951682655799004,2.1953730793260027,-1.1017567471459984,-1.8575639187466209,0.8653698919472905,0.6516450313927873,-0.32836192671107334,-4.455095901971629,0.3518490393439295,2.3849768694927915,-2.118702031171704,-1.5016331162117975,-0.3530487768570918,1.3730631660874932,2.11698691711618,1.6517926912874774,2.2463516915843105,1.2291496082524547,-1.2519272036442208,-1.0588417875137193,0.2560999373753887,1.823734380234645,0.32590995981657933,1.3296022432706103,1.3602932150780784,1.8060916110053848
308,1.5706948891164645,1.4513554859649758,2.0304978019216087,2.3551039813792114,0.11317358532553978,-1.5378728165888145,0.5771245633088098,0.964273470120121,0.8326867214024727,0.6457351894191232,0.8313818870687308,-1.1004218244845454,-0.29697801188354056,-0.1880926322022214,0.48287077873719575,0.6172559512237772,0.6184860236788454,0.5105436317477015,0.7429811765409999,1.9422182362552975,-3.7063902706599148,-3.0402264406259025,1.4002104038063248,2.1187459305109746,2.0890125463594686,-4.199660611840805,-1.9393332007690125,3.0012850131262425,0.32106669258129816,-0.045326989335934265,1.421426231600579,1.2642810075723512,-0.9282553161621694,-2.589659340676139,0.6943165959900766,0.9075602930567923,-2.058790436202626,-0.7110860712681966,-1.1996774473244267,0.46730417028161764,-2.5485868612836047,0.4141462434466776,-2.203433778049429,0.850034438148664,-2.8747407956809594,2.197540742065554,1.185681945740646,-4.517993874267862,0.20200777047591156,0.865523321332101
309,2.197928368667363,2.337535804972412,1.3943027759425424,2.1973547714307746,1.855475003210648,1.7040661842614488,1.1805543603264401,0.9336817302904565,-0.18621594745236258,0.7234417914846913,1.3269623142589309,-1.3155865767803414,1.9258547940622757,-2.2895800107288853,-0.3395432799161693,-4.830106822480204,1.3969010325901934,1.3958643583994177,-0.6662544110563093,1.0465713536337375,1.6632770168839146,-7.449603726835784,0.2991636396039272,2.544797854318043,1.354212816668377,-2.8837528348471633,2.300043518743896,-1.9255559015162973,0.9138311895729441,1.4275218597410837,-1.0923566046893534,-6.592265634741599,-0.3157447479693989,0.6134248342182245,1.571588406347046,1.0473406589730496,-1.3992408577142497,0.9268152951817514,1.8385870130627433,1.5208189286512357,0.8434902140987628,1.2895663384244584,1.5118342099679856,-5.527736868309741,-0.5621728510555757,-4.909846343271475,1.5001010790470701,-1.4590267903722953,0.35717259263075807,-1.395491899929394
310,1.6371608028915992,2.24912144277923,2.354414147266917,1.8600667445614203,0.831551126274988,0.4775454675253821,-0.28257920201947684,0.6010035120325536,-2.255479618103834,1.8494368883610388,-0.11744879292078991,1.6648528922175112,0.1547099031522805,0.8170100587446223,2.700704579805321,-6.69598504581567,-3.0840266223264923,1.2012685343599756,-4.436471488961455,1.5889855318772201,-1.2554689534316639,-1.0298392468445012,-6.098804935612868,-1.3900779337324538,-0.6765694725550917,-1.059170321780746,-1.1293456885468673,0.6246988378257834,-0.6080456467946869,1.1195900845605178,-1.1018865306239727,2.9581622041162694,0.9436373539621856,0.8033589497402316,-2.8252739358897943,1.1832497193642912,2.285731135358448,2.610075758862345,1.8945808623914537,-0.6291613559585354,0.34789721474508006,1.8780650645635184,0.8843933950404148,-2.305927716688818,1.0322564272788979,1.127305077571568,1.1855031152409818,-1.3166486283202339,0.8462133353502148,-3.4143390308944
311,-2.3918841788593976,2.2338756645970657,1.5697125471689604,0.4210600480383002,0.18551697259426447,-0.2835260363637584,0.15024929745553095,0.5929730687526007,-3.4986622319646346,1.0981433904729476,3.281718525452892,1.5790482831303443,2.775125284325394,1.2537731536099557,-7.319964763369264,1.9327139004744818,-1.3383177202853638,0.8980617033071123,1.2574692727895505,-2.758435648547473,0.6201260512745392,-0.5817529954105556,-0.6698099032832516,2.572049367229128,1.836517280838239,0.007781776571952115,0.7334635681777204,1.3136823849233945,0.54013105129187,-6.110816527570457,-8.20626312677949,2.6203932429319936,1.9178182890821822,2.4238391716973338,-1.5926911488466438,-0.3429128098363732,1.702007261688327,-2.175471166916952,0.8522776292782099,0.10894442718118658,0.5691643410802216,2.563641952374845,-1.3331887720917308,2.0667353685965173,-0.4344493611611817,0.8811121809968361,-3.0180612172928702,1.5449246680527429,-1.8890582313491402,-0.15878528550799764
312,0.8407921504616516,0.04508077877649885,-2.8107240492119665,1.482613923161919,-1.9777047937282601,-0.3640812470755783,-3.585277666444351,2.7377987114905453,2.072718550681933,0.7034804694946644,-0.08863492214170154,1.6682512603989315,0.627322321776755,-0.9121121861207362,0.20014894161887486,2.2330061862974393,1.0838620322947068,-1.3463295482012834,-2.9155306647975223,-1.3737488773784703,2.704493006637013,-3.6498056896387814,-2.0060512679094122,-0.8904772764890705,-3.1243777737122356,0.5846137550891664,0.050461212250529464,1.0466305314613233,0.0014000317974769416,1.36952190860115,-0.537839757336207,-0.7669624732533444,1.0310666998836826,2.2239085917221026,0.7566143387853144,1.4620512192904958,-0.290319343202059,1.906481192524851,2.9120383429120094,0.4051230630431011,0.21954326417704362,0.9904348886644412,-5.500302925682447,-1.7262937277962616,1.4103122472845313,-1.7732852770185161,1.0621959321436494,1.4710039891223916,0.8471829792612349,-0.510293053967267
313,0.7413428380582108,1.5177761132485448,2.0487680692754497,1.4118885772414087,2.553280173216922,-0.8837866782137773,-0.6361397618115339,-0.10731787978794127,1.6999242245467183,1.926696604382669,0.5313268462130996,1.6253729293447425,0.809042845221847,-1.2649769732299498,-2.454347132963213,0.9537309352514916,2.3454997914921423,1.0977870913695806,2.2715222843116627,-2.271430184050189,1.1662500343062563,0.6604549163297957,1.2730872857871818,1.4443153451595583,0.3290919163501167,-1.3649009504674838,-8.777125821714797,-2.191393854580167,-2.6152352055764148,-1.3700227564965983,-6.794453302309947,-0.6156025792088666,-0.16248426208870814,1.6142851569281271,2.6514838719012204,0.7661525139808418,-2.074066909930396,-0.017100801671130483,0.607736834355026,1.1013004432462776,-5.787157229522132,-1.7891640297187381,1.2531992989899954,2.045150313695956,0.9601163481220318,-1.0830087529440195,1.380841828754054,0.49469776426897916,1.838489057146611,1.1391028137894899
314,2.6641148036133604,2.4815469388028104,2.202082228902415,2.042278290996917,1.8158674315265522,-1.6938375398307386,1.766936113768406,-1.1265612551271005,-4.614844923125395,-1.0777888048003907,3.5100404651388275,0.3447679137574058,-7.507225632957238,0.2112977929345421,1.6790279902284877,1.4219978098601098,1.5363203468416637,0.8361868957861276,-1.1266893142662164,1.5888568895175408,-8.269121777389095,0.029617761153411415,0.24138723566529308,-7.939382337671026,-1.9990591804221234,1.9401290950721353,2.0053489889453635,2.017901609283563,2.7346236624039295,1.2219940256731041,0.36650988517582395,0.46891122340947966,0.15947160046015174,-0.20756931479487672,-2.0531897870399156,1.2541249782395125,3.4711849267382067,-0.6614139368855518,-0.018588488671804626,1.476185284911741,-2.3736374330924326,1.6442219078103144,-1.1687308228365323,-1.6684486529664806,-0.8692372381992195,1.1779928631221868,2.5083476123659434,-1.7049198336855387,-0.36060642710060087,-0.3784218712430416
315,-2.1936409876200234,1.299645474066359,-6.61684243677738,2.079181515748417,-0.4740524145996474,2.1473863607031514,1.8350845218698795,1.6824604327228205,1.4376296194173328,-0.4959383075500625,-2.288799585306938,1.271746039817848,1.6098792618225906,-0.09784168260555859,-1.446007330214508,-0.7753430155146708,-2.384173675063166,1.7328209649468955,0.3780470029475449,1.9179445227254326,0.3105132608370118,1.2935804681638108,2.15569029934757,-0.4430794019683386,-0.05976079927259992,0.8055121994459418,1.5019417245547042,1.4102969917487007,-0.6370659922809159,-1.2023288262644982,1.0865795039939932,-5.263874754843418,2.3073305217908437,1.4966650346138204,-1.5167068036776588,-1.0206161935571911,2.182697659340414,-0.5655706331535066,-1.0964104422246495,1.4233266967252516,-0.7890249538717606,-0.075381769518029,0.4226481435727676,-0.17022383176998623,-0.6678076415646679,-1.375019415240165,0.5857388713146152,0.14573317459805413,0.13472440805176777,-2.9992937804281965
316,3.0206629773189366,2.1699375528052776,3.002107672087943,0.5994933523718533,1.39903942874126,-0.014180377403343769,-1.473195817145407,-1.7036243983691897,0.8170319671826451,-2.467621202608269,2.6683993695603596,-0.6889554725550111,1.4922282163131837,0.6905283038740677,-0.6916049079781033,0.27788972133838463,-2.4138923093593885,-1.6396327769053194,-0.06384296725223493,1.6428949977818372,-3.8747413981706478,-0.7669477909378406,-0.939011427002332,0.7336907562870509,1.1654807648912477,-0.5683259336692696,2.346265780831768,-2.557521460112415,-2.252196305018863,2.0933543302676076,2.2161057594319136,2.1679189849397886,0.3639157448142436,-0.8507095026853291,-8.547920438873028,0.9560694813957884,2.7500974126047706,-3.604051707554407,-1.327973021257109,0.8305211867392259,2.44910630622125,1.8827937280480427,0.9529812354556828,-3.003598301805922,0.3800579766347978,-1.5061361517176435,1.8820936017444954,1.962121038711007,-2.981959329369359,1.0248553493560557
317,1.9177796907500735,1.342541676141089,1.8346317068175417,1.5754378895909396,-0.33756279591058025,0.5876570779016053,1.9829914667164315,2.775863722806817,-2.113658217624738,-0.9373142386684723,0.8356243062819919,-0.20859559414036077,-2.0487485360254905,2.4249654241800425,-2.3656875134595063,-1.6818142737109865,1.3637338628112001,0.4494978051794867,-2.6517303305343107,-1.1002039214386494,0.03205845498072435,1.0601644965746977,-2.84491739179506,-0.5408248969093226,1.2253518860339536,-1.6681750208686026,-0.594858835646531,-3.0180269485752698,-1.8643492699256283,2.6462012981069685,-1.4337818957251676,1.1453303874453966,0.26588673031119203,-4.6322876426358714,1.681133185705646,-0.44182608619163855,1.6547869365065306,1.0462061414417696,-0.17316935599926087,-0.2140545804856906,-1.4923106457601172,-0.2340248770573865,0.5126194028166511,-3.144247487792443,1.640171091652053,1.3576862171041606,-0.8892723440759163,2.451733888641929,1.7219463852273527,1.0994415692307449
318,-0.6190834013473356,1.5455259067224074,0.1168458170583131,-0.5242137052562139,-2.489298711579031,-0.047086025641250195,-0.006192833274772269,2.465888464694889,0.9505418827892775,1.5934535352889352,-0.3966102759830692,2.1597922424856315,1.3127099754035085,-4.838142567707861,-1.0423752179279564,1.1118272061955459,1.7126296776575218,1.4920230844807212,0.36591501826903094,2.401110071137874,-5.962944512291504,2.4331070984457104,2.8809765189222962,-2.7114096780270556,-1.0983996253324122,0.2136325141151083,0.428529068958424,-0.1445908378995142,1.5194586274068045,1.3702483270692452,-1.0316850560406365,1.8881101539200897,-4.530689299418857,2.482904506743574,-3.936904427156639,-0.20498602507583197,1.9838427973770498,0.8924391720435345,1.4969656504261537,1.624201249004824,-1.1996983547021003,-0.8058251449928981,-0.5819694062514671,1.9922681212814548,-0.49090088432954637,2.0958150139003315,-2.9179554703549897,-2.125943255804275,-3.2030750549076483,0.37921806950458326
319,1.9685613290224997,0.5916947824251482,-8.431234810088366,-0.521936698541932,1.7139084876025863,-0.5549086994645576,-4.299171965550362,0.06160780231359553,-0.49483619105263177,-5.4990829773274355,-0.12752005008332823,1.530788573101614,1.4149772602264763,1.9051417506782888,0.8984109617818126,-1.916296660345787,-1.8094903977089283,1.2725417054990191,2.336385611214649,0.18243586451215066,2.0414694139833154,0.09095000521807606,1.4034494644872657,1.5116536217325725,1.4363501907730822,2.686672779679718,0.9744726951261251,-1.667808810642871,2.2806113054011936,0.16434817271985747,-2.2260420461386063,1.985641440176793,-2.1110182188849667,3.0295943669339827,-3.1545884897568337,-0.26489459144815797,2.025782336348084,0.854046341043909,-2.1223246079225353,-3.176473693702408,2.3438178641973466,1.0681184332383449,2.368055660583886,-0.42122382052579077,-2.9198294592459844,2.610450286926851,-1.4409105717745767,-0.12341819895274853,1.2485266817561609,-0.717454229545611
320,1.85585169567122,2.0204249462324237,-0.54573823545274,0.5118136547102115,2.8469342004631186,1.1584284497921802,0.9773033385012448,1.407139535296014,-3.2643366233421744,2.2580703348280413,-1.163581406085175,-0.9413383572952245,2.088669796700481,-0.20471179440017373,2.514589063820161,-2.444443175508761,1.1899503664392004,-0.2360493175510756,-4.223345488415884,-1.2241957442276616,0.6352565069146188,-1.0387720596039047,-0.22214775114032292,1.73866156976798,-0.6473653075584211,1.1616165432151906,-1.8413782705081614,-0.7173963405433454,0.10481233459753181,-0.16799780046369417,-1.382851771301997,2.9469957182803266,-1.3081845836510961,1.7623980472175882,-3.0959925613701973,1.9361646239800137,1.180150803601645,2.521067340909031,-2.2449266187890373,1.1364591235140802,1.272840938485913,-4.8279657383067605,-1.2106051567085432,-3.0394889537764342,1.9509075289241284,2.4956726736935715,2.206465817737429,1.3327940774380234,0.853696496619353,-8.072322471349924
321,1.856036052070405,-0.8633571524202388,-0.2888377123631196,-2.190994950250147,0.7578100774506167,1.360278368604411,0.26785658077681607,-1.076631802893048,2.0465840785500995,0.2700239305151486,-0.9023482202844502,-4.683623438863673,0.8132794916852406,-2.623596670235268,2.8151990412010433,-1.6352255780940013,1.166849672689077,2.1636449599395746,-7.328728736356846,-3.2553159735856525,3.5808810945910974,0.4920730127940711,-1.378810450611141,-0.36399333778291343,2.6194737810874256,0.36326642309681034,-1.0770256407527636,1.5703406605756531,0.9908905450731735,-0.7192506664787848,2.048898158688452,2.406606713982827,0.14961195386958792,2.848720917176637,-0.4564302907766038,-4.41567577617162,1.1022232649577983,0.5655758079796129,0.4088313359398459,-1.2099717330319484,1.475303352154142,0.5358032447400598,-1.042774028599327,0.19209595502989352,0.7847206667611601,-0.8269247667278785,1.552183815438474,0.4557076349575775,-1.2333936254701632,-0.08786004062709818
322,0.320220888311729,0.18191526727678387,-1.7614376396184754,1.6312335749715512,-1.2106179025737331,-1.8206375469312217,1.2916792015701644,-0.8627583994611765,1.42751154362161,-2.920544768388929,3.9438187315353015,-5.187532123679844,-2.7186418275863904,-3.264237697998368,1.7402167260580814,-1.9097420475452331,0.13751830379783314,1.537100450535009,-0.18602158416675874,-2.034208458309921,-5.2269389822054055,-6.731743251434825,3.3907131675220716,1.9506549200511065,4.103356187843022,-2.904278626508944,1.8252299818493025,-0.6064249289384023,-2.835410345255349,0.9222243966673247,2.2322696361377705,0.07262239500944201,1.1477056625126059,2.796162887134639,0.7347246819754272,-2.71518450157326,3.3316872363172507,2.562089663536298,2.1027346029564358,-2.3344278481396294,-2.1628191149201346,2.7697290390599543,2.8242593833378096,1.4000991907776354,3.176499588553153,-4.501199693437641,2.5091278887760677,-2.2934994740500567,4.136046624521239,-0.010845059492888609
323,2.430973337276072,2.814695711385848,2.5521101466621503,1.9657553880186165,2.3027970646967058,0.1398392888530804,0.28741734718330303,0.9490289904092304,1.2320765946829058,1.8991367381727535,-3.42644816246813,-8.152321724893712,3.1891830078796652,0.36190764687243604,1.4327051177839079,2.2299141697041263,-2.1517593737429035,0.5902282480419823,2.119305323228014,-3.0134129724181893,0.9434653339941148,-2.050659043521362,-0.5024517974230358,1.2751967100816968,0.41266674350937116,1.8446747427951644,1.8510241845145683,-1.825441267446548,2.364555644003192,-4.575862514372087,-0.11707234022369306,-0.6675682454386935,1.7368152544477882,1.0433218193141398,1.8694496943752354,-1.1524192401420406,2.1928167831428182,1.5988117590906494,-1.8869388620452208,-4.4630494110247945,-0.07577416897495493,1.1935112444938198,-0.7525551878820105,1.387060671780548,-0.9918395973762264,0.17061886774815527,1.5501200579551826,-4.7832875235036045,-5.659225128964568,-1.68309707023543
324,2.9853010978220826,-2.8919433569631696,-0.09332688561624636,-0.4110735174360691,1.0349202291930455,-0.2002355024374527,0.2216406417350658,-3.0359295260843124,-0.9421319604530725,-0.6472570414015708,0.9258968157263858,2.527498506139596,-2.13220981199098,-1.968227163070635,0.6882814688475021,1.1104348303141842,2.890047825504185,0.5220146451191638,-0.5985303972353009,-4.080539756634457,-0.07049955241781092,0.02631116878258677,1.8078914493655,1.7685106661553758,-0.2946674313764692,-1.2766415549746695,-0.9053001750842222,1.450937001250003,1.8993601221099707,-1.9910100297290914,1.7555453000805477,1.4102665701238433,0.2846204433212369,-1.5861411604292543,0.7738878084691638,0.27162632718138013,1.2650977835075201,0.43801687139512957,1.7545591798411526,1.954274297136899,-5.780941079926614,0.09172858438856224,0.7225925183263344,1.5929259628806691,-7.737901366939361,1.546362642312824,0.30095913228861715,-0.7013602895161037,1.204022929345351,2.1203347410530293
325,3.8060773783701785,-1.884114870717477,1.003030805027489,0.4263150281621799,1.0922600984222628,-1.9015928724979076,1.578537498142503,0.3716647281034584,0.3717032955032691,0.6239538623716339,-1.5520490160350935,-4.618887141211766,-1.313092611041501,-0.0724043486490622,2.1517113488063755,0.5949584586393177,-0.7122885220411481,-4.183051852548572,-5.3727100792963265,-0.8488766360515676,1.6090658755167055,0.2556368766349477,-0.40916844731281365,0.6129411738551367,-1.1182909701879389,1.294758469976569,0.6831752487123763,-0.18925197220511958,-1.5320313605697784,2.6259589373995915,1.8540130179255208,-0.2811946179713578,1.9340930835569217,-1.5037207559204564,-1.3588300853544428,1.4611913364614368,-1.2026126787778546,1.4275471517932838,-0.0010617560148231675,-0.043078572564266615,-0.7084184637533486,0.8250599567243109,2.169031072692598,1.4174404148304238,-0.504533153748306,2.13300770715453,1.3459906234267818,-1.0925236124536895,0.6671402146388967,-1.9324792659240604
326,-0.27435934863035083,1.5388781238601643,-2.8934462379673125,0.33300455188050027,-0.371725424374862,-0.8754068701142286,1.2628807287171249,-0.3997900541447157,1.1728577139396554,-1.0690127391104918,2.527313809418528,1.5346029270080184,-0.7426840247249391,0.9506019965067947,0.074214068118998,-5.786937951499852,-0.8169397652441379,1.0214023342480965,-0.5468135449488614,0.48115523742355837,0.34551800805125854,-1.1854327422490334,1.9594817823324528,-0.8364094348685152,2.1933819755981587,-0.3727502742176849,-4.262799355866629,0.21776723072407567,-1.188894642452877,-3.011901285155183,0.6477774560872005,-2.304361538442156,0.8253571298401194,1.8370140515237696,0.7468376891792898,2.5476430303123654,1.2879330267903648,0.7703855362660068,0.5396538341985888,-3.3072905117851663,0.6870166890410516,0.7998603919688057,0.17381886712493255,1.9885312740918053,1.1795042856103102,1.1089049432092581,0.6515050460044147,-0.4142819009205825,1.3967386129393473,-2.140304705297498
327,1.3018173932543289,1.4344409898954686,-0.580848154759666,1.1425627726171692,-0.5649265709311386,0.8663885699641143,-0.8159553903985781,0.6313493844924762,1.410190470775162,-2.592640237992266,-2.9917707505368725,-1.1329402434177531,2.2108581327296246,1.8051817674411805,0.12226651777078246,0.9673245312927254,-0.053444055870166096,1.8900528775219323,0.7036837020166296,1.5012899551310106,-3.9999715707740933,0.8912448031962974,-0.4718773483403398,0.38885873268463467,1.7868901173764593,-0.24646100749394506,1.5937898934363828,-3.211717023315238,1.236737012125296,0.17435245415228895,1.605669813002537,2.0577553868943963,-1.869609258786773,0.6924116954405433,0.6442746705923117,-2.0749229613928533,-5.496122266677441,-1.176894457491044,0.7862658839528303,-0.4068403656820543,1.541520252384362,1.065645825398044,1.2058890555419248,0.4474850889782278,-0.42540865481240075,-1.7430525487550366,-3.5039433428607687,1.03678896049182,2.38309082255295,-2.166731322815438
328,0.3333745334829228,-0.388253487633313,-0.20218769456079144,0.38093243620099404,2.293007725802857,-3.5841526627665727,2.569268708647974,-1.4680706737460483,-0.7540160969493561,-2.251864824547619,2.304554441716953,-2.6059287081417892,0.9357958448087711,1.9976265045100905,2.663822323132592,1.4650331160956749,1.0006597390782845,2.070083284947291,1.535367026707609,-1.9045955083441575,-0.6793064911512605,-1.0922677927306719,1.310759829529602,1.6957264412739335,-2.17026825054897,-0.08951047169284099,0.4758088308061694,0.13396509104673715,-8.127356126774838,0.8372663335692785,-4.4645143477970555,-5.039983599296172,0.3073252579708763,1.0847310431831199,-3.368015923779258,1.3106651360172648,-0.1383336515034106,1.697683829418255,0.7836383283312873,2.997286699980199,2.6812082620191817,0.18454420186549836,-1.0306870242676665,0.6429549149974232,-1.2771738964999075,2.9036678918473062,1.2679228021743691,-0.6820138100553752,-0.3903370817341596,1.8441575453587395
329,3.5278374422534773,0.059496152776532085,0.7975877037416099,1.646946088235437,1.7387998653521963,2.132283043526104,-0.5929997182358138,1.7937371725975786,-2.2008725480438747,0.4135673655568324,-0.6212889667041148,1.6481901482433026,-5.234750527775084,-3.201907346589735,0.8245853926278839,0.3709262419079593,1.5422102302703915,1.4116148625779594,1.779942651830683,-1.8346163982713444,1.1177807482669229,-0.7943640794042377,2.664244751485759,0.23295058679756497,-3.9160191276623646,-1.7946445846456154,1.212572336311669,1.8356151469230988,-0.22710947641240242,1.1683010482841443,0.4511960331787117,-2.4070040452724975,-0.6278940987086203,-2.4530678583599457,-1.358370064776996,1.2020599517391783,-2.0003311786096747,-1.521931312028146,-0.9691123756873647,-0.005585388072778308,4.070502661703557,-6.739563583832483,-5.67819265425628,2.5745855622016554,1.4061141299224449,1.6810729758314822,2.1384430149344165,0.6626161005062157,0.784215126292044,1.2896307974725012
330,-3.3619729288228815,-0.426084214187771,1.7976355390534082,3.1818768372746655,1.8471914527897346,-2.0788106650422007,0.34133805141303686,-0.5052778357705998,-1.0915387418197406,-1.790067891378854,3.619869335360635,-0.8888020144825726,2.4536741571237073,-2.4285233557892862,-0.2397810389188617,-0.5602924762898471,1.2391395466090787,2.1303079800083977,-1.335595027989136,3.5787029839630953,0.4598441116591463,-2.0920667149163448,0.2471728761603611,-3.116143328807393,1.5885628263682712,-2.012744857713927,-4.429987242277305,3.152607031076493,2.574541206617063,-2.780161584790555,-2.4725069790119587,2.733436853478712,2.2487533632308017,-0.9651170165119218,1.8129570306799732,-4.419103437642448,1.5445738029496265,1.142407417079684,-0.07996062476467447,2.696164794928707,-3.8684618856019792,2.2029279098583543,2.002811091882107,-1.5013059812397653,0.5053455261247688,-3.714547271324003,-2.2861168494862403,1.5149942447393636,-0.6694834309278663,2.4976174250788477
331,3.1873947495005432,1.7937298256056615,2.8047909981715717,1.2524360027896337,2.1642610056670106,1.6005552246475832,-0.7185742349767832,0.27298404016458555,0.8724644320422499,-1.237623852124325,0.6850707836607537,0.04069823109457982,-0.43629595250773434,-4.903795284641691,-0.4774725351385971,1.0942583484406256,2.4523489811477575,2.215182498734685,1.0715847684701938,1.7494966560604088,1.0579934534587823,-3.0221536347129474,-1.222646236900247,1.8820131962253948,1.2210313973861977,1.178758047252968,-3.093899522322558,-0.951651464272909,2.1815585217276734,-5.232715212177333,2.3280948885722266,-6.024922030893694,-1.6372033809938857,-2.2762166313660703,1.1245733579768977,-0.6677063822533036,-0.13843852116783317,-0.7559314769681089,-0.42486716917743816,0.2557633295251449,1.648220894412872,1.175320099813221,-2.7934940646302975,1.167171242890305,2.710765635366619,-4.151927305080821,-1.1520999832672238,-1.4225584082725726,2.332749297770633,-0.7790766247303704
332,2.4489773876591583,0.8655799212198181,2.2833688902368223,0.41421701170848113,-0.9595018879017818,1.9782143442640736,-2.020166365481212,1.3117796419510608,1.575933173834088,-1.8028957889729034,2.2779408671525387,0.5902120381997404,-0.1776774394260352,-1.8798623163574861,-1.571744011516282,0.015687040650998796,-0.01719111121626149,-8.706882231163505,-3.17272294629611,-0.5679993125171006,0.2597901143459911,-1.7532384173895403,0.07031314424041746,0.6180310667927307,0.23329134903985338,2.408325388143976,1.9638718012403036,-1.161175376585514,0.4317867821820309,-0.7308234589815745,1.1382060001033256,1.3253656549315118,2.7690496214589753,2.0910930624034076,-3.1447372513988476,0.4542164207450208,-0.3821794738636015,-0.4174145787559338,0.7674200165734195,0.3255625675574212,0.11439953356681531,-0.2692600807814145,0.39925277146700644,-0.09755640360850215,1.1678569836601658,-5.699135657702794,2.428056214855165,1.4755245660243856,-2.652181014510835,2.981021748218566
333,1.1732651035304609,0.5455748916518965,1.2109212650590488,1.7564391379536977,0.7025567846279142,1.1022878239062504,1.6857083940844193,-4.849129455810931,1.1503294130710842,1.2272290753672945,0.8316131657041899,2.141788166191139,-0.8502973961251898,-4.53292239125135,2.2627035118456473,-1.4619609172298107,-1.8733499005761782,-1.5646552029458842,1.4429090257010202,0.3012514196604563,-0.9723191638459516,0.6924910077433557,-7.070465721043978,-2.7083117232741376,-0.7974786865013019,0.9520185182640937,0.038964188183221005,1.5974933209365418,0.568110484237037,0.4888238580667501,0.5972384244640052,0.016381488573570024,-4.008605163909102,-1.0833674305568382,-1.263275802556155,1.49749288354273,-0.08462701984579724,1.6302233210093169,2.2308345842167805,0.608375830201469,1.1911867027284675,0.9015935617112212,1.3160965279048251,0.2538787120754895,0.5844153955466709,-0.4981344878488567,2.0419858839747236,0.08667356781237867,2.1448866005122333,-3.3548415767379796
334,2.4735460812560475,1.8627798340452748,1.103599142249621,2.4952494106834178,1.7897112161571291,-5.610445855441411,1.3352575093009746,1.7308757767223346,0.3822198198830824,0.748712837027786,1.6262198989036425,1.500001061605396,1.9391925239826984,3.0258367825860035,-0.15691980408862083,0.8300388927293021,1.8281824686434147,0.8339304649093835,2.052742210301739,0.43374342984667713,-0.48333078553242714,0.24603937227856942,2.3519973880748553,-1.0171364688625975,2.7129753821981497,-1.3893090198847275,2.358239288331193,-1.1901835169298547,-0.6861920294966728,-4.464559200688977,0.22866352866470407,1.9110318183379498,-2.5688480515356984,0.38585111336609756,-1.3389830612666334,1.7548287002613856,-7.6225011126784645,-2.2627664077617347,-2.7294014221551253,2.4888541848231727,-7.256719519101737,1.913568119401532,1.7561928301510021,-0.4091542563918349,1.9761750655077845,-1.3513333094436355,-3.4101670582116137,0.3216615216809915,-5.987380265581604,1.5374134711421
335,1.7804527921833806,2.4311531130634814,2.380872671144817,4.102916745815254,2.130668572821732,-1.9788614692639808,-2.9550076724373717,1.1359832074344398,-0.51538684086999,-0.3151552404751925,-2.0932219171522553,1.9236083147575798,1.9325412400349546,2.9259747734111707,2.423399464182702,-5.09511169546348,1.1512376683577257,-2.2391762037219296,0.4271080945868473,-0.11603248780481223,-2.3209656963121885,0.651200290415515,-3.7475335575179294,-6.266637177900183,-0.43994805005569315,1.824526639957217,0.7246040752906433,-0.5726561540107751,-2.3909803238501217,0.640270684893582,0.879283702593959,2.0067343210241955,1.9651952776945496,0.3543977047974627,-0.5862902829899124,1.1956720678378003,-0.16172459849112375,2.050950121756332,-5.260018423052834,0.43270605861990674,-0.8891643820525665,2.1331946631123553,0.4832017432195901,2.5121921844410977,0.5234635011889175,1.4405667402953481,0.8239888894409102,-1.8477547711860511,-2.0388925401923634,-3.5575458395728194
336,-0.6744592710362856,2.161882835252374,1.0899354680848483,-0.44383374521684615,1.7888185998440624,-2.825163003964417,-0.8008900189898522,0.6905862561306915,1.9026707471244233,1.9434970222827679,0.6407741423021243,-0.9979970442216199,0.2958034040008348,-1.7308698281171182,1.2573241018141728,-3.0286186210674177,0.03206523918288262,0.3646257890181026,0.8233364306228248,-2.309654747306415,-1.0339676228615042,0.6068805595747229,0.6810691933650581,0.0643772375595093,-3.171132652446045,2.2105019622142543,0.8282848897817479,1.7433596751462277,0.7476863011229424,0.6990791095912199,-3.57083244378068,-0.03133354098333463,-0.8274109887635026,-4.785017873287077,0.7397119318551635,1.1763047157034006,-2.255835049941931,2.215369156882834,0.23590767990521666,1.8679226442641221,1.407225203297879,1.1973120879884247,-2.561864835493913,-3.1610304968791096,0.6700565116527377,-2.561423217566219,1.5430009260420787,2.048949061431844,0.8272905964866917,2.2697255223971027
337,0.655945524876814,0.6377678262219044,-2.7271234257038133,0.8389556209904745,-1.1036385038956285,-2.9993652853520363,-1.915814606290815,2.354831435929308,-0.7916352935358022,0.6771055801593446,-0.9233854498569469,0.9413639503678821,2.221293374660614,1.746347830402319,1.4868361349172496,-2.215636664947998,1.6291482746921226,-2.304888395082335,2.2130288916256826,0.8385797995527806,-0.3508611802244257,1.7191529497937639,0.04395028480432561,-8.277929717574578,2.0577677539424974,0.06447866997381624,0.9045234103837334,-2.9796510036100514,1.291614035488264,-3.7060655145354815,-4.017271813907518,2.214957058860166,2.084418579054877,-0.5755793122524313,0.7490858347759826,0.9246890578608395,2.745570921747441,1.4174939772084145,1.4217056916894264,-3.6835629263694187,0.030981047915513926,1.395613649445489,-0.5874121350930919,1.555297765299442,-0.12711225815434712,-0.35386855472456613,1.140727204721629,0.41078877172759753,2.4757149811774206,-1.2489338491559092
338,0.36997908650413525,0.40865151532951316,-3.612316934550379,1.7892416874578183,-0.51382010245048,1.174243370934727,-0.6025156743556357,0.7314942025935149,-2.2716389248707873,-3.544787319359677,-1.0925064657297048,1.3297199170519889,-0.8841997301386959,-2.112809434531168,0.0710442310487922,1.7558286143703552,1.194069531032632,-0.45159625924698776,-0.3620671195355465,1.24439634780832,1.5279353660475161,1.1435973583957204,0.9964094557597041,1.5167167955270426,1.3572507707403858,1.0651037173141158,-4.859049655811751,-0.41594756231521224,1.5391779001886872,0.9817071938861415,-2.6351803589978147,1.3612901587716255,-4.814830853694461,1.2470113963914713,-0.8401020931669967,1.4972664358982781,-0.2759680296567488,-5.808300257553358,2.145798792832238,0.27710073251236356,-0.09084842050564745,0.44848448896867943,0.19276241921859327,1.6414568272852015,1.1590287542778204,0.749077993403489,1.4104617265304213,1.4879994523095013,1.237666921422619,0.13651203465767558
339,0.7488834700885549,2.1057741492172255,1.309176442666553,1.5641819959674437,1.7020032494975759,1.6416360767045841,0.9189283632089733,-0.267907821848846,-0.44453569507703516,1.479283704907958,1.1034659164919498,1.6509233151651501,0.9204751932853745,-1.3596948853174178,1.9746151786363266,-0.04823204832171779,-5.818877927856049,-4.270634964505555,0.7769967593711957,-0.9589271721613537,1.6742404525697578,1.6047378575628004,2.175901658920514,1.59166891449448,-2.2761274574750843,-1.2084215463628247,-0.8221498021788136,-1.2312070646773163,1.1747813669274243,-1.197530271949197,1.4669254976095094,0.6496496068444424,1.2173108399317916,2.2527053177689247,-1.625551311203595,-0.6195975075601439,-6.801005479500559,-1.3692236695268454,0.02491286389660008,0.24052884011404796,-0.2637204521954022,0.5585311610077657,0.5279088118296151,1.2686493425378398,-0.10669503232849298,-1.8328329323827406,-1.1209255236996576,-0.8920836974468394,1.1025053189235505,-0.8914194025723798
340,1.133729072189626,2.2717203730027014,2.516228077319968,2.1889363425759703,2.3905666458048445,-0.26030076210922015,-0.38437211659424975,-2.295296467515895,2.515023109435387,-3.4048624479488847,0.3092514472072372,0.9084244642046562,-3.641285100363012,1.3976368119948002,0.6074426123579295,0.232109167147736,2.7381382549629545,0.8456549579103765,-0.40968059792927924,2.4520732347123855,0.15645638296768816,-2.5077448040513906,0.41870611720611617,-6.769444922764743,2.998841151550757,-0.4853202641812473,0.6050015389225933,-1.6764622807492167,-0.04652413928909915,2.3384801961121258,1.0826770444497216,-1.0722940862991361,0.7669239164847426,0.497046268608476,-1.7723611713822693,-0.49540027154193744,0.36491235269927724,1.0854052839253887,0.009269701966893251,-0.43641446518411264,0.36212097110843366,-2.709346137640016,1.0147213433422273,-5.489151472193589,-3.6838812841335837,0.54787778435783,-0.30911930762139495,0.8120837920287691,0.9947910604456638,1.2870126224890197
341,-1.2922173279415512,-1.2603294996711467,2.112947639460356,1.724655062326271,1.1913594875535103,-0.34302149183930286,2.4407871975712214,-1.305670614801488,-1.6078400465238376,-1.4125376507974696,2.9846174584785503,0.4390371113081084,1.9428093994439157,-8.431705806636733,-3.0960109258380832,0.668326404188206,-1.6073609165543017,-0.08796279692558961,-0.5471476166447884,1.3401607960434103,1.251268020788404,2.1002069723191537,-4.877556955249604,0.2401757354524845,2.210402295487087,2.6010561442764333,1.4457698518951343,1.5880070255036558,-0.1480047356452605,-0.6176628849323311,1.0602340718805685,1.1800143123715432,2.535317406668592,1.2580567980725288,1.1242837662290857,-1.8971257111271536,-5.141520500135389,-0.939190146205866,0.9334898260702698,0.338926673793134,-1.900741390542704,0.49374665927193284,-2.107537214360592,-0.7255634438660756,2.1440676993848213,1.7484996135122675,1.8782582780641115,1.2120643333684025,-0.6276736107720273,-2.214164753771862
342,1.9563331684676326,0.5054459657361612,1.45549356322728,1.005598589995023,1.2064763590513148,0.29071595446705967,2.163034167388494,-0.14693777793986307,-0.964666281241767,1.1072478985800394,0.8308820741586649,1.7126594334871221,1.0207696430754,-0.5348403217272928,-0.21850546978685337,-1.6218593777219636,-0.13068217201374122,0.35250180844000756,1.200035535131085,0.8639468336663567,-2.8845095211514415,1.7759927285365191,-4.807517229308226,1.0888556503073814,-2.138389997158466,-1.1789849928817393,2.4867571322003363,0.12631289718936234,0.49492528453607854,-2.3089531816990316,0.1364940702100057,-2.766460366446169,-0.043878328877332784,-0.4503533116387075,0.9240055251758656,1.9543467510769208,-0.8168178770670789,0.3638201527615115,2.520207877232203,-4.688600080042254,0.6780383866980957,1.6968876923249114,-1.709657256688276,-1.233825919675434,0.09605725928038211,0.4411860119777282,-0.5469214845312322,-1.0842279708888123,-0.38877788055244444,0.2103383846592255
343,2.2717787025394776,0.6319520700039449,-0.5257589029673957,-0.6622692488547379,-2.3797410058581674,1.3609774044924468,0.32598053499340196,-1.7527015023358414,2.0154833768021065,-0.12636239765793622,1.2702494014162027,0.9313062565909433,-2.9996118472383344,-1.3980830813394443,-4.484178421948691,-4.003561119633993,-3.6889572571982807,0.6481672238547214,2.165886159085345,-4.372737091335809,1.0419264093439757,-1.6166758861704649,3.0683083807071987,-3.307616402782296,1.4330144020749431,0.7959303798211037,-2.8202066997795256,2.5599224085792684,2.6842979361196337,1.7028089500639596,-2.223223077307747,0.8291436283438873,1.092315216073958,0.8794019624583829,2.4451694287980903,1.5370371475106968,-3.514614280130301,1.8786596993874296,-0.9743442884487807,-0.005786360792345846,0.5531548451696411,0.9082277211049385,1.266800254447865,1.1523706455421951,1.8572745444827818,3.1477081306846095,-1.044001983949519,2.2612632773492822,-1.8647583699895245,-0.9513272721233488
344,1.0680643808851165,1.7599221087922285,1.6757071266145624,-1.6155880748253875,-3.042335733934081,0.38395767467064434,1.6132297214704767,2.136864996602115,-1.1493360087622442,1.1213686233852584,-2.756423899191395,1.8624578766380546,-1.3536717161073906,0.5425572635145466,1.114718075736525,-0.6397205201223297,-1.282294409602268,0.5347342657892691,0.9620408690895217,1.8138592878522406,0.6627059613254698,-0.9818842664119432,0.36954170595216507,0.14804117828637153,0.06501401265559625,-1.6978645367841834,0.39674952227423876,0.9120151622740087,-3.451914355194635,-0.25861038792965907,-1.318554698779974,-2.874884420221419,1.3852301759057792,1.4592256156304528,0.5645534872820281,0.9855461291367278,-2.2937858593930978,0.8522841525765736,-1.070330064606691,3.1171178160828825,2.683820140479048,0.12378985248599328,-3.5977015166770236,-0.1169672692915249,0.172412867844689,1.8361717258678003,0.6934057511291645,-2.3299332613747357,-3.140107531978975,1.9548010029594947
345,1.0224625909135723,-2.454354386060201,2.063316034784457,-1.3128660294181485,-0.42980709801506567,0.7860380026041298,1.8238193261468352,-3.8754627992759314,-2.7616605467559197,1.8806955522027482,2.7173498368343307,1.1898343233885909,2.002087537257945,-7.000093106115353,0.08892404777840834,-0.592356345426702,1.3334587159035212,1.1563849638651256,-0.256744107902076,1.4094405317979066,-0.4775661623686256,3.0477250786771197,2.224159994155215,-0.8121337094096059,1.3145457491813968,-0.5875222267452669,1.4589799553600287,1.0167975340508129,-0.35779456492715944,-0.9487938309647417,-6.22596388275735,-0.26184860973821955,-4.312414121643293,-1.9822037693296082,1.7620913025135998,0.37923179567767473,1.7910930087099186,-4.528908279817777,-0.6300030205403893,0.6504466689374127,2.4058586142911826,1.1318848285922742,1.7694758165037032,0.013749538081408552,3.3056670820969836,2.8300209134005745,-1.4922372489690252,1.8445826076160663,1.8332279927890247,-4.952616097931468
346,0.731052973900356,-1.7935843187407192,1.4248612757620966,-0.207284188347705,2.010336725469284,1.4147572514170421,-6.106828725590618,-4.089042323785203,1.6841038817154406,-1.145087095992407,0.8456730608111203,-7.633631676249702,-2.874337709797241,0.48787243353906984,1.5792434972726341,0.5395098735492949,-0.41687359515933675,-0.5533003512582066,1.9688757138810886,-1.4108969068005148,2.1628436314655453,1.6638626698177346,1.9459083853353611,2.202470322413391,-3.750817316538,1.6618526559560687,-0.11687410780449436,1.739866097617992,1.694853004770664,-2.4548326336835116,0.561400003287523,-4.08393856567504,2.358004134933763,-2.376950325010429,1.024529978630893,3.0677115839771973,2.1461394422430558,1.1600271927812367,0.7087953121711044,-0.7604833664996793,0.2597319262946005,2.417407979415389,2.9297177669137424,0.20151273080153054,-2.3799242325501186,1.4771448453211815,-5.5021323333998255,2.4727217511722004,-1.780877384059247,2.894909054304305
347,0.7259020258812461,1.318631235894153,-5.363322031802158,1.6760815807443574,-1.6377721212070906,0.24913991282699843,0.20953804922525698,0.007595943581021558,-4.347341216489929,-1.4721854081070394,0.7249570485466297,0.06221822761821638,0.9571473406283664,2.6598410413530433,-1.6328560255324014,0.420078862579512,-1.0354124168538483,0.6368921707043782,0.22328314607637267,-0.4052796359374353,-0.3840299955502413,1.5009742376076147,1.4785176097837636,-5.123608515383123,-3.1448354039407382,2.1587734479491782,1.4024113142830994,2.4777853877352385,0.0797326805318983,-0.3560125841703634,-0.6567786321628253,0.08301573328525258,1.694527988933947,1.3797275132484152,-3.247428102043,1.197282150406378,2.665915496637366,1.9704845369487827,1.2334376142901355,2.182658013816783,-1.5348537190449578,0.13593990360227437,0.9955864078242649,-0.8548537440074364,1.8293043583551123,-1.0151936116778089,0.17692004609650258,1.880403083261652,0.45305084395686634,-4.635991790303648
348,0.956590582357908,-0.9787278041086642,-1.68370855624066,0.26075550204351483,1.509901055420805,0.41165760646814853,2.0151618015156956,-1.900319821627531,0.8321452548293955,-2.8104063709141327,-0.5060890444464379,-1.9829112292539595,-0.5742594555967768,-1.7004241474069897,-0.1955853243905885,-0.8936378340583033,-3.678276524760598,3.355534248963713,0.4340216241454877,-1.472625059840877,-0.4575129152352284,-0.3518495775398076,0.4754776079780747,0.36112318894716644,1.2004037529722504,-1.3774674827321975,0.578014646705924,1.6504047817320244,0.6308340924332061,1.0659836208672462,-0.17880933300309643,1.2795614659316343,0.7391732799052777,-1.6851311413533132,0.4424283145832817,1.689532712241348,-1.476102028039846,-0.5662469384155289,0.9997964986917673,2.0977611357902983,-0.7957253316399733,1.2747876862467837,0.5788521760209164,0.4164816147205892,-0.46372008142552,0.4492177048417476,0.600019626834551,-4.0569871963974755,1.6096904225538609,1.8712111926849566
349,1.5116101276586766,1.435421196185363,-0.34915410659137347,-5.065955553521799,2.4216716038715553,-2.617313439684886,-2.3362264659056846,-0.22467350178534584,-6.151458291488958,-2.2965653246295057,-1.9406823733865783,-0.125625431334619,-1.4029364696852697,2.3910856386299706,1.1013048202519942,-2.463124486496876,0.8782501858182608,1.108396491461975,2.4969743806717846,2.284596933467785,-0.2985400487447274,0.13980821031297452,-3.1559864348701696,-2.5283057932558455,0.5348868672748779,1.7123433725522723,2.7962981922348913,2.9989765535285495,2.3196193592493,-5.6986202935112376,1.9427816562342337,-1.4370105748287187,2.8153009113620286,-1.5787254502467363,1.9280500660023923,2.761317457510245,0.07615003516006436,0.9216292035838674,1.1772391742246047,-1.6099696289544445,3.158708354765481,-7.2557642381412615,-1.2134240059431107,1.2921716215979888,1.0413922849533996,1.530763418965483,3.78319484329293,-0.05682234882503234,-1.8975144426679957,3.144455743677233
350,0.5194415512781738,2.6050401115367348,-0.299467206318047,1.4682841051178346,1.322783670708895,1.3081339900965383,-8.332851582869022,2.3400615003307728,-0.811186913106952,-1.3942749121564377,-0.5117000656654174,0.941137910496642,2.480161229586584,2.4761433001799493,1.532107160908883,-3.740407051264211,-0.4665194438919995,-2.8900376363101623,-1.06452970025879,0.028179711267299012,-4.899609318790163,0.9626649865152848,1.7801781244763162,-0.4759778047268801,1.3769545859784587,-0.544219688388873,1.4358664099173808,1.4989863274606199,-0.5517722659142672,1.1199304519818725,0.09393761412855994,-1.0370223979977702,1.0466428066056883,-0.23035546094719894,2.2332901415945887,1.4407142643938933,-6.082079113058886,3.203772593694876,-1.7194065091522477,-0.9089834305071003,-0.333188477626976,-0.8360954097358988,1.1286406690845503,0.9012782881869423,0.3223379757882938,-5.401043046451998,2.1230990038732482,-0.3715244056281053,2.718386775049915,2.494096580528602
351,2.2060577656953546,3.0309027623622873,0.43209404199140167,-1.324628943961379,0.9387968735798164,1.3492629435111563,-2.4195620849085406,-1.1139094277848933,0.07330476986671197,1.027220784912564,0.5380633771731667,1.182184051163865,2.5461969024669835,0.20279035106616838,0.3686835376003996,0.4388751389235086,0.2785663476394715,0.313189938394836,-3.681505308065649,-2.2263487578261367,-0.1052955729384859,2.1044099606790114,-4.243510367746559,2.394889133079072,0.21010197336181946,-1.0699756711063495,-0.8563371827404396,1.9718387449780201,0.6572265089185061,1.8065753387487615,-1.596585353268285,-0.06316217596103968,1.1024109753707014,-6.6507912477221325,0.12089617640219164,2.339508434194121,1.811517288966256,0.4802117693412189,-1.0307284796939369,-0.4670085285990595,1.024455157165435,2.4095269790739215,2.41258834620903,-2.5090693770367,-0.9129649994070954,0.0989047856592622,2.0935038896090856,0.3308694215122969,-5.113365179473497,-2.910875811376231
352,-3.3832359123864135,-7.154138943033911,-3.444371395262926,3.283651320130261,2.2408410856565046,-2.936137252833311,2.8364081017013487,1.8009996699358637,0.6132799668185385,1.3499659334554783,2.223857931664159,-0.34588566645297103,2.179958626846713,2.0244140385434175,-0.09174878563675026,-2.6439354243225592,0.3347391205317001,-3.9639280694023755,1.3543802901835393,-2.42001533878756,-0.8753917433811331,0.16653765537008258,-0.6716147743611378,0.6301605549544869,0.4380900460622419,1.8553829595832694,-1.2627419236262547,0.5952252942238418,0.3521689626394515,1.5147828332757056,1.9652544809291341,1.5550080318808162,1.473288383535305,1.5985096654984687,-2.572774697068037,2.4609348831668476,-1.918078918118022,-0.7552025739731913,1.4127145708139959,-0.24412133588949114,-1.8830229064071426,2.1773436510708324,0.6690293420886029,-0.05991409150135851,1.7283954480973276,-2.0707805379990605,1.6644293038770628,-1.9399717689169371,-0.7927130608615132,-1.070027032312943
353,-1.6243496279084058,0.035621286558340515,2.3806218777802006,1.92790199981141,2.1944702250344257,1.2863483844426011,1.10624881366209,-0.9363094823248828,1.416207003496003,0.505660308368614,-1.930989251622477,2.5101264786836426,0.37479515283444,-0.1659173650756669,1.7975032244156424,0.2548144341014327,1.071581640392143,-0.07695214016817431,-2.6277033764259476,-0.3518336006120073,1.7862550094981824,-5.18124720202695,-2.3218551182060922,0.3471576552739659,1.3518791636264513,-3.2681200448192405,2.1029717746931818,-0.1213063511955994,-1.0349667606785173,-2.141723616852781,-5.091925133565778,-1.1022051018107852,-1.351237038173621,2.0113630287881445,1.9213421679074827,1.6568464119784303,0.030548350647208622,-0.4601182509090691,-0.027731591382159415,-1.1086867637480244,-0.65835472855077,2.242332574545096,1.4981868168275412,-2.3162116039280463,0.6384995798493014,2.098685948173032,1.4633454115084472,-1.0301259728671983,-1.369758449006377,0.28831384896109835
354,3.4609585635342777,3.216229210283582,2.236208037567646,3.491947423044304,1.7587059788460842,2.251702825405317,-2.526384239407289,-0.3225389431714021,2.0530604622640833,3.0066965810759694,1.5173487330572146,-6.063833483546003,0.39336255757684935,1.247446493650517,-1.9282188217301082,-0.5083377075100604,-2.248356251475104,-2.6134682478289273,-6.406192447615491,-1.8501127563953954,1.9276588145297624,2.859116390863936,1.568990239255096,-1.5522466002858542,1.2316212961020572,-0.5075225033112547,0.7823701379879511,0.4049591164882118,-1.0588558917736197,-0.5278281757176551,-4.440197352772606,0.807839163024676,0.29129538563983104,0.18593392660297337,-0.4810037537839671,-3.4231191250969237,-0.3203973389808912,0.12657635249871646,2.245004990891577,0.7126410406674468,-0.10737688838729209,1.3784673269811183,-3.545176263357205,-0.5874285979984224,1.5337623929960134,0.4630494835754462,-2.2872045651157284,1.5501622221584124,-0.753624883046693,1.356309691738855
355,1.8066772267191182,0.2222302571210255,-1.2957145968759276,1.059137355247056,-0.07503117824757322,-3.728769637918478,-1.5542734782218899,-0.3901736666671294,0.5059579899505859,1.6670818263432299,2.2423741192510938,1.3406669315605284,1.4675148208190008,0.6124959897864093,-0.2305595471199151,-0.6727280477262783,0.24841436683703577,0.5612300700774879,0.4849483860492576,1.2489522583203279,-1.3516640753886584,1.3498987995389653,-7.475454356909482,-0.5653595270070539,-0.9299497346369945,-3.475575030936535,-0.2611552189218651,-2.0336447095429184,-1.2721304055094365,-0.929738385227088,-0.8753981079893158,1.828352902843097,1.9234912354293692,-1.755660269901842,0.7510832950075423,1.2012092574823137,-1.535624793425364,1.624899554560998,1.4002767923508683,-2.2578072234280615,0.31307078525705023,1.5209883223934768,1.3661317821546657,2.044079190449152,-0.12038901977608507,1.9139259344530402,-1.562448239747102,1.657281282761903,-0.4416804713754505,2.4285589897357482
356,-8.514058764419808,1.2407735244197062,1.1183983962858415,-8.031096487778301,-0.41530842561950987,-0.5452761054518298,0.6949102377645904,0.6452363170103714,-0.7571572598445586,1.1923001381797262,-0.5498851182523845,-3.399990209242187,2.1965835449520266,0.0035887287428950643,1.5655438139231288,0.5032244050925527,0.9320431133105709,3.0187688135925312,1.56718585610124,0.936071803713018,0.9755505181542583,-1.3737744996292953,-0.042981441348203475,1.342807957290209,2.208831557582797,0.6503845903277483,1.9203236996080149,2.2064822503490147,0.949694334736872,0.9504202247109861,2.45240196841766,0.1189247419283026,-0.11101812783584375,2.728348320726311,2.0403517224848877,-3.535087716390372,1.8735389864707095,-1.582794932307796,-1.0154845663937486,0.7603291836498753,-1.050883837882779,1.4886185937045808,-0.8567845423077722,-0.7409150585243509,-1.068850109053308,-2.2761770050971,-0.7987812375626016,-5.465756474477002,1.2979676060905532,2.552456970097857
357,0.7659664150335734,2.0744616180503384,3.183977549449887,2.0964820428780846,2.8486619631454624,0.6827335454653003,0.12334015441298529,1.395139480250339,-7.946506822855208,-1.6979916841455358,2.12567551931086,-4.266338158190485,0.5616116482528817,-0.24075365271930682,1.3679982383452685,-2.5996164687335064,2.0366483462711016,0.5306458787124777,2.305308757533714,1.233162753989646,1.3477560048623594,-2.5038628508896608,2.2970873203015074,-4.301165712943436,0.8090582025477495,0.5456533484076944,2.458546767721136,-1.715004955418391,1.6435059380672294,0.46660732222854406,1.1561704158206263,-3.817567937847566,1.3443441223455173,-7.676384244433669,2.0401922662627894,-0.24424447458157594,1.368414183649033,1.7919534674076378,-8.292973298507018,2.022930158009185,0.8183139205984133,-0.3115255163853936,0.9793679499951988,1.151345399415579,-2.139644445295305,0.12012129847710007,-0.5770360814107214,1.5825088687567894,-0.9973338543722567,2.0522592927529226
358,-0.5257663379897046,1.0295876854366814,1.0460846765266423,0.13362774275173628,-2.1516617893260603,0.762836227101988,0.07516881424867261,-2.818282779270322,0.04778837685718873,-0.5839614962014723,-0.7561260548745468,1.1091519439427246,-0.341693372632907,1.7917450604768215,2.4648510779491577,0.9376382066426086,-0.4014804818665514,-5.117526474864196,3.1247755430221194,1.0167940873835892,2.1403170624377155,0.019050786781035,0.5364369256249306,-0.3776996720940424,-1.1473883726099743,-0.2506176052448774,-3.9691732949090905,0.3751450505727272,-1.1411103654088643,1.955952189214723,-3.0684134778038796,0.8421627356072205,2.145097700636604,0.7384813529115011,-2.450695158274706,-0.585445564460688,1.192781069378587,0.25490294899543287,-1.9458527187287844,-4.065282580986757,1.6444533965030472,2.332048962234109,0.7425610081915153,2.204293821209072,1.6605088451178163,-0.609129392335781,-1.977614074339912,0.6462514546819902,-0.14203786903782767,1.4564641808229788
359,1.8788355261694676,-0.6914896586046009,-0.5553347450140365,-3.360310829166063,1.7323712075860378,0.5520553910783654,0.09515865750715236,0.1812808061243789,-4.399959570194521,-0.5509765956245909,-2.0870297559808506,0.7050729265697226,0.11681384453448018,-3.625041393734409,-1.2264356478423073,1.4260380215946324,0.7650887892132641,0.533977764037413,0.1356342837351745,0.46337040008562447,0.8207006390571321,1.6884923337108888,0.7789385464562129,0.42582938631857203,1.85372374507648,-1.8751896360262297,1.1857050277667884,-1.0449195605760266,0.1864085226871559,2.150536253478512,2.002413264633653,0.8834324941100036,-0.49329838508027457,-0.3597677867017266,1.351668753273667,2.7763974357840433,-1.2033752370658508,-0.2916814259713192,-3.4848774569290972,-0.8316381165989961,1.1301447539874228,-0.0649290446679407,-0.5007917250195888,0.19799582809294058,-3.7741013675411343,2.559141252135438,-0.7304158004076982,-0.3380757620048698,1.8888986588215606,1.0235149871259304
360,1.9891392075233445,0.9594039866509405,3.3497588520863646,0.5164579860305611,1.9376853419861915,-1.1985807835038669,1.1900217130407036,-0.8892250055735609,0.9617137868519059,-5.652373063754549,-1.0231848527204006,0.2622963892065826,-2.2909924383773275,0.14827376433178419,-1.022843754321726,-1.1845134859247528,0.8367956845522349,0.5279872767886404,0.9524499456026199,-1.1971461739653533,1.0010971344422517,2.609243366752979,-0.4465015181891543,-3.5482902277829,-0.1237138228567769,1.0163915638922028,-0.6994858962372259,0.1782096448179269,2.4270799064940336,1.5107937908158426,1.521002190723336,0.03175532380963908,0.7905569335520681,2.158966054743666,-0.16028078062251083,2.515213219950996,0.028291620167569143,-2.768776733263018,-2.5777365191936106,1.5322115996563754,-3.5879795026612893,0.34521915969447914,0.8354923626560664,0.13591755044637033,-0.846521697403908,1.0100414247023854,3.1291478196856177,-3.0390491125434735,-5.314605989037805,1.1631867562775833
361,1.1446840350715086,1.8883816329332301,2.754750184589309,2.181484720483279,2.784295926022881,-1.4057792078501743,1.8681800791945875,0.03552794567837125,-1.5992951504390431,-2.361276040637498,0.7924494523254211,-0.9377251498461678,1.8516417384099655,-1.0919289105194183,1.1832983483134436,0.9050530813613848,-4.482154257540706,-0.9809550224511208,0.6179340038267336,0.3897436587753669,2.3130079760202737,-1.302125541840562,-0.5841229346562979,-1.5664705306783269,-2.0422106754260687,1.2217556313775808,0.9147061746550973,0.4575610791737459,0.33832993813919376,-1.8505133004498644,0.039009736811831175,-1.179715042660991,0.6841300895237117,0.7908276940612078,0.5664447028648985,-0.6158831617152432,1.3290723377456963,-3.46804929489086,-2.011086036372106,1.2615084011298863,0.40504084931872875,-1.8804198048474436,-1.1979648300129853,-1.8774750296230245,2.7688026135474586,1.5387408105972806,2.0125173779053376,-0.2874357041619122,-2.6024983164322384,0.2862037231947445
362,-1.1326569315723711,2.019595809631452,2.8941595532102085,-1.1272546270954367,-0.7474585009479826,1.6713855727600966,0.7211672141356962,-2.250943612668234,1.619336895594838,0.5000878872609107,2.201714420414502,-2.1686798274076518,0.6406954376643155,-1.9781782181443663,1.9648132440267205,1.527907718645125,1.797915882113625,0.18940142294482065,1.3694207348014582,-0.5850944706051218,-3.3285497171580527,0.9854787861652259,0.6499577501391611,0.8794701997971162,1.4079906081775313,1.8401425545980024,2.7556790217570324,0.6741040405049494,-0.43834030879966157,-0.37262727794539074,0.2506314098958127,2.5268200467917974,-6.476348586942004,-0.015213232549749378,-0.6499569567188495,2.6127906271121257,-7.218591954678896,0.9064192675445595,-2.705181021285605,0.6533796872662494,-1.381047362659678,-3.32377257895096,-1.1659595055600818,0.9558753421629413,0.03652091878689401,1.364052169954876,-0.0038044126138787604,-2.403825636494372,0.954983405761844,0.9015871111784648
363,-0.12101879237653623,1.8028943331702192,2.0794327850591956,-0.23104429492652212,-0.8532265269150656,-0.6791048122395065,-0.9952934327874594,-1.8346701286325908,-0.6649084851861824,0.37620841739182076,-3.699117606599219,1.7060662725470248,-1.0668604078143291,-0.7291241468985064,0.5407270522990979,-0.7068976542328729,-0.8894217085973324,1.27435120243636,1.1901291299602712,-1.5183316361580275,2.854238660841663,0.0662753030494505,0.36864349668519214,0.777851645384648,-0.10259981453156719,-0.07528616385133358,1.862692896199559,0.1938734763542298,1.0191667301704732,0.7084874088788924,-2.4592098301371035,0.14530279119767808,0.32462346741555326,-1.7315758388064388,-0.5444729141160947,1.0528641871421307,-0.8420507709702845,0.9723571318609716,-2.1251654816127212,0.45230974492795184,2.0701916638117366,0.1613329620296735,0.8424811556448417,1.8045715115405971,2.194003210275245,1.3867255435903925,-0.9249251787630284,-7.5072829633305505,1.9533352252104406,0.120451184407953
364,-1.4201410403724015,1.8306282974067987,-7.345194118518584,-4.04285336223582,-1.6004761681167468,0.8032990582241286,0.2584489242422192,0.3881061456153292,1.8868930277906264,1.8188416173951398,2.083228359117311,2.2528776493075253,-0.06730816570712772,-0.19239123239948608,3.0301194812779433,1.8297158720533178,0.43823277195012267,-0.4886967208065425,-1.1828750544626283,-1.0260049129754698,1.2782085168904112,1.6330086780711204,-2.0605959095384803,-3.550878364079886,2.021978174989066,-0.9015959469776806,-1.4075887587988847,-0.9419031155048891,-2.3311708227447134,-0.7812554394358813,1.0231172207984125,0.9211065384017836,0.2943501644346087,0.6231627894859422,-8.434378214297471,2.850771653800577,-0.5455319330481609,2.442814794742943,-1.1184586762081565,1.6616582242131042,0.7244503463048089,1.0542738461909194,1.8884548093426559,1.5707817016138867,-3.285750029296339,-0.5080157993056931,1.4710660352392742,1.8150992267071544,1.355229511855014,1.983140347368924
365,2.084960528487895,-2.2784702598505513,2.190426676264918,1.0001290900259674,-6.503924895735691,2.8173543221837214,0.11848430470566562,-0.7246716770366382,-1.318212639136373,1.5108991259520237,-1.9033090636342829,2.6413933141067454,-1.4914097258102128,1.860449176172656,-0.3672977090315097,0.2250774420121635,0.06086608822902129,2.5920113736358577,2.104897782043894,-3.9132029450667574,1.612747914876294,1.5178893673144316,-0.9827574827885215,-2.419094973228634,-1.4769626657970294,1.639307387734445,1.704222658917745,-0.8995293820735437,-0.6131962041172141,1.7442263271232363,-4.1056092819678,-0.8257330705709558,2.275771985937223,2.4284983961026523,0.9263018093957358,1.8880735965249418,1.2931671554473816,2.079675811787285,-2.6229023339622985,0.6483390391365846,1.1578944790997125,2.829246608018932,-1.115285606837758,-1.561086863714788,-2.753949976410823,1.9283227952021593,-7.726976208181613,-3.029118135651073,2.6790038646666066,1.0730626794982285
366,-0.12567116017952706,1.5498312547075481,-2.733439327078524,-3.858890062471806,-0.430707390587008,1.8906309788497566,-3.628987413087943,-1.8966405142346092,-2.1871111358595723,-2.3053119439023355,-2.737361149131866,0.44448630722312377,0.9642949678356443,0.0035482509076532054,-2.035147292920332,-1.4151974110712535,1.3627287690957113,-0.1558159028054824,-0.3351153308274659,2.4801231169321922,1.5264848639239488,0.9829218053809807,-1.6677858237991483,-0.18726958564792717,1.696903716783487,1.6864714759635628,3.2486128871142563,1.2077349229765817,-3.486390226707819,2.4103879447176446,2.09981459743416,1.0908214341060987,1.2978566073727493,1.5184308805287223,0.9910686423254571,-0.48505094022505624,1.710977394601191,-0.7471523016322896,-5.20691361719712,1.171819578032137,-0.5544964427642753,-2.485560113471176,2.234040992060161,0.09216551238935011,1.0884637853028716,2.373204176163861,0.5809860183886792,2.3561604468757364,-2.8460073730281117,1.4510511306373277
367,-0.04019981402770245,1.7564702718246856,1.3504144690482565,3.6697847279357836,1.9568763911474139,0.42305107994072166,0.9247477780011506,-3.9301538780826206,1.93592176676643,-1.1187098067214931,-1.8011591806749516,1.5624843940656845,-0.8754795668380444,-3.0803975866992737,0.8918775875250224,2.1811043158934007,-0.9283434177641228,0.8813268841553432,1.6485298369386667,1.434367144036929,-1.6646540678092236,-1.858832317838357,-0.07855650481818088,-0.8218803745608261,1.9752456966696568,2.1696270592575106,0.35831785675470584,0.7630580473707989,1.7448661138114887,-2.2005697885499425,-1.8973035983747302,2.2878924860736536,-2.1563962515179913,-1.87636129404902,0.6743373732129205,2.1435727714612085,-1.7502414203541674,1.21031248333222,-0.6196855330791093,0.9414117398415831,-3.5565611715610785,0.07565049766086318,1.677122622316488,-5.230120432867267,2.0804000254189234,-0.6272698379365256,-1.783251242043903,1.1199869703052645,-3.026995347533637,1.0843640429354409
368,0.4113880061063133,-0.2919139974927649,2.1023343508163204,2.2258671758076622,0.5940760420264963,-3.7347891258812718,-0.30300420162004027,-4.2884837223009855,3.618349604918826,-0.6102857690928376,-0.07051905782381507,1.8106171928391772,0.23476216070442746,1.9906821050086698,-2.744175206567358,-4.818321522192316,-2.2614866854740203,0.5514513541156552,-0.128983939697644,-0.12700045194695253,-2.67827520999883,-0.171181879805423,1.6375681474707338,1.394203569901209,-1.5554316952844598,1.4908631067824922,1.6100925612674444,-5.267197315433903,2.2180091033432596,-5.669479011145609,-1.1862923381224713,-0.5675938016988358,-0.9673167621384708,1.40227910773186,-0.5708380132012296,-0.7707133549298586,-0.2330454089576035,0.08609198734860701,2.6011103938842735,0.7735226738266681,1.0710320605524553,3.2513191877086363,2.939799743031414,-0.811414077380773,0.20014852199459376,-0.10307306245358205,1.349200359311412,0.9268577394831343,2.3794363764814097,1.059752978177963
369,2.736444828004554,2.7834606192769464,1.6639584590595948,1.9410734317206648,3.003389156047532,0.7116305736229105,-3.6498387101860468,-0.17777844310006596,1.315885400454357,-4.109277461743251,1.703877310918128,2.739744606117792,0.1427810511635137,-0.47254919539474294,0.7264502864494942,2.1716577462260838,-2.0629897150317023,0.9581958481736859,1.0244375488912105,2.202949709513174,-1.1202786715517297,-1.4541230059884587,-1.6482344086727156,-1.191274981979829,-4.446508237857645,0.4299185816510551,0.8907468937369076,0.04514785192255477,-0.05235979368357491,0.8313902128521438,0.7040105522267419,-1.8369183049264777,-4.99419938886111,-1.2892748663845044,-0.6643503481302293,0.6332158081765913,-0.4570459013729513,1.118182038555231,-3.7441556707796346,0.4342421660428668,-2.50984942413539,1.600946074404999,1.0699662027522114,-0.3916289802709949,1.6872417074679746,-0.709534745283702,1.5924032962595907,-0.3476175044118568,0.8211893383707407,-0.3547495403126453
370,2.9388754609280707,1.3008119810299195,-6.753978184593757,-5.556796680838918,1.1644974460977986,1.1560224400001462,-0.8516629706905805,1.8528317889881518,-0.8675283567962353,-3.6984717687231257,-1.6111122414866346,1.9084755811567562,0.5283491361015251,0.17170707144662511,-0.19677450885458292,-2.8060043510448205,2.2164001496941523,-0.03890709951375371,1.5238685186865752,2.1680094073373457,-0.11909328620805137,-0.3430920816286429,0.6027031002840415,-0.5489104462028882,-2.211022686456424,0.1854654105579545,1.8265351686353926,1.2796606331680476,0.0682781604954803,0.6735434141139773,0.5382799820694846,1.2091528497210389,1.798967803390373,2.273702762102252,1.2953997797998578,-0.06488273740990902,-1.6062328442984883,-0.6966922003026559,2.5520352457399786,-1.1374202762960772,0.738590036440816,1.6332660419599847,-2.8495652985385407,2.5415638391385813,0.15227097927362898,-0.043571307051628594,1.7187277421034328,0.037192291162266855,-4.169262300109937,-1.8842025945779932
371,2.1597874081807666,1.8118652833945088,1.2637244748960135,-3.7004640622054676,-1.687500472803113,-1.1800063598966783,1.2790658093435558,-6.426045519398022,-2.196782371611838,0.6263039610543553,1.4925955859080315,0.9197442043118791,-3.266295610926134,1.796994914226119,1.349969268689486,-2.669807055231975,0.9577862428524053,-4.731212896158977,-1.3266677591239802,-1.197457975862668,-1.8486518792913387,1.7476349464307437,-1.4234382343848253,2.2636331911505287,1.5282599509933985,0.4591097518549958,-3.4885760962937624,1.853305275283355,1.279328702051561,0.2316420399282233,2.3801460241049313,1.0278188321014738,-1.0768382838602033,1.2660449978232502,3.298267303134449,1.2963441008365568,-0.3690201782562399,0.3549830949585058,2.867711686891061,1.2158410517850484,1.2921169701518145,0.5756718161898338,0.5279030488381862,1.6694823394329545,1.128094130647102,0.8986683314267863,-3.665905151180972,-0.9774815157411894,-4.002662382324312,2.414969065679878
372,1.6769853717150456,1.2794578483221417,-0.967404002114912,-1.9676696837700227,1.1712002156770516,2.563451964532975,-0.3244351273680799,1.2626017899995947,0.8284616054653577,2.1315344202624633,2.1602530367250723,0.31744095777980963,1.5075875418225229,-3.1188873348903723,1.9291769983659166,0.9883549498962578,1.941178704038212,-3.5066376870220495,0.28250395575081644,-0.9028461833078927,-2.1785582247248545,2.2848311733870728,1.0624493388121916,-2.107129510571074,0.4713988632426407,1.3495050774067336,1.7747350572542686,-0.5800336292795318,-1.4162411641218888,-3.6137636260778123,2.5308168659358827,2.766384011018692,0.6016714866197184,-8.281486174034104,-4.585752425435073,2.24251423518988,1.0870295123588134,-2.6022072730174832,0.4209240222765951,2.1978372983435035,1.014228392385304,-2.290102480826813,0.2928088264265334,-1.6440000879947956,1.3619763038836474,-0.5863416449844241,-0.8186887784494532,0.10000949341686471,0.28939911189616563,-0.3965233922171132
373,1.8077121730866028,2.156150921933242,1.113220403253182,1.5057824834100817,2.0615191136298745,-0.509823035434918,-1.4814254197551602,2.120420896718635,0.5145177277961963,-0.5426853098480695,1.0619125453448657,0.9622141709222891,0.7983465639172636,0.8847177359323659,-0.0366451133053598,2.511141357496862,2.214152685995313,0.05927969637680519,0.6753189361207452,0.9957960848036826,-2.4025008787577384,0.6131969521135261,-0.3653875044121815,-0.747519744987442,-6.835487798175091,0.159117655353735,-0.03670355219902888,-0.08628171114642225,-3.081359621576734,3.1194461557019415,2.746245241022632,-1.9364767448965008,-8.514572599856068,0.48475700597041715,1.4755527342293955,2.1811570525579,2.935210244162479,1.2050223337341652,0.9730499762337512,-1.7914393495004344,1.220758154780044,0.7940675304197704,0.20010498236529628,0.5064615327101203,2.2899968433320637,2.0835493189395655,0.9459166586125995,-3.264688325664581,-7.068950702226745,-6.673866457235009
374,-3.1534165893266843,-1.0065664505482648,-1.3033969513517576,0.06539465062338756,0.22192477868664184,-3.3917140992449744,0.4364684017480718,-1.8555344139628334,0.9714398244369447,2.1079751888185285,0.7046925552941685,1.7470868203895766,0.19480392317317996,-0.9305336353032869,-2.4195585747364534,-1.820909915839576,0.7210063150939989,-1.3136182213742007,-0.04350927789528747,1.4453103613689007,1.4441766242707272,2.6117402900593607,1.4916748421779937,1.0126589385724643,-0.574113020225786,-1.1706255653771125,-1.3077000472671916,-0.4232433797047621,0.5690007986828851,0.9400573320968073,1.9920922042481646,0.1776590792062711,-4.442476750692054,1.4624721227083812,-0.3212738856647057,-1.0780918273384055,0.363537555278592,0.2817885470044059,-7.4735575950737045,-1.614769429761953,1.947303755701559,0.03074685285466927,0.24350312000872254,2.0276163666748754,2.808822139008119,2.0723343554382967,0.6346141727456036,2.305412219608407,0.7378068112383334,1.8734886834709576
375,2.773299460959609,3.208590129930715,-0.988823831923658,2.450508588601271,3.3661798822375784,-0.9659856951432433,-2.3862048127680087,-7.565881171289632,2.5969409140468778,2.9311073597587285,1.2500049600266943,3.04737134236364,0.967291462648685,-1.4715415636415958,1.4383817906489673,2.8625453181495377,0.5357014775057518,-7.514941211381705,2.922658627578899,-4.743474353502856,3.3577977728124906,2.005853803012294,3.030110600930398,0.8037034400983236,1.7008294827972854,1.2983098257103238,1.3046230434387551,-3.8976971947755104,-1.1188577747221427,2.312408740490469,0.7517853650036734,-5.437078445739269,-0.5210407614614727,-1.5650873227581004,0.8087217865911409,0.6451499125816733,-3.4486937043952484,-7.5877696777884065,1.7956353271804941,0.8500083121704014,0.21639759877712894,-7.165174064527617,0.9705147377577008,2.6188656395633703,2.34950038326501,0.5143366854369189,-4.474533207237162,3.7760693212702785,1.20161191560444,-1.8100302158938195
376,0.43618160021808183,0.6591121887218172,3.5310349896319444,2.6931160464291954,0.30576891935094874,0.1871608629226884,-0.09269451494747649,-4.980761087065135,2.371291275246258,1.093385798916298,-0.24892709420846426,2.277152310436154,2.4482638667617245,1.7024223475935543,3.5821458689886034,-2.8128557982558107,1.0930626502928247,0.7308204810656784,0.9755855153458457,-4.026097650181782,2.3576578737439267,2.1517782130681966,0.12076824921662066,-3.3973385626815933,-0.318869517786184,-3.1060950104453475,-0.12778872809157704,0.4559617313633195,-1.6023177040917016,0.6436250684189426,0.921286727764894,2.4655336862271033,2.2585648911870697,-2.812425442157794,2.2533159415725414,-2.4184225466464833,2.5195878997690313,1.1095440895752482,0.1528853868918567,-7.560887703931051,-0.0224421822135783,2.711354632835211,0.8673920733633267,-1.9513399183108424,-2.0679515588669783,0.8849813280027927,1.2379740408012676,-6.231666410768732,-2.438001264359743,-0.9818338607127179
377,-0.31096222138760243,3.0199654406621272,2.8165809194142977,1.5477194578985083,2.5697603894523193,-0.2856637472775265,1.1990162497856733,0.9317118549713088,2.268261855861742,1.3407358062637011,-3.679558128179985,-1.4023731234482817,-0.5866538100640932,0.290369027654946,0.4465165590066489,-0.40371031273617586,-0.16370513588500657,-0.6177505059156267,-0.9717527150181651,1.697186287461339,-2.1694504825998884,0.24518844862439604,-0.9401338360993075,0.20785284218538624,-4.800723441623281,-0.017203985160179514,-0.23533483384910525,2.5418095726434182,-5.293921482857111,2.9328322839705625,-1.632801195144479,0.08382426281434885,0.13863480720562915,0.6490504369357293,-2.037677496331984,1.3104544457348681,1.395723946030194,-1.3618300525231142,-7.008596873285959,1.5311145839131708,1.5616206713465397,0.6032367193519406,2.6807583302744566,-7.4174601682693,2.0188330039490254,-0.5552413815193216,1.8785910794930767,0.7973214291644712,1.4265143631469632,1.7613198539587631
378,1.248206866423978,-0.5449253465140735,1.4515692162544371,2.1295113640993697,1.8546497524416368,-0.37360016514722716,1.6537129018094503,-0.37173931253930004,-0.6370467936887731,-0.31468625900274727,-2.146153370773928,1.2262354171710954,1.6500598915868658,-0.6983678066877523,-1.1164288975142762,-5.350818386466908,-0.17369391519339938,0.08365688114650371,-0.7323608021951014,1.5539577551584682,1.085160195349388,1.0714701364612917,-3.545392777109945,0.7011400317476424,1.8066278245795613,0.5862945800578263,0.6755641364885738,-1.640141735400463,2.7648801520761404,1.8517052007770811,-8.734752252351065,-0.9131059683941771,1.4173402852107393,0.7294344487495925,-3.658020700396448,1.0093474664152136,0.4686564194016416,0.4279901534119981,-0.4316233456075427,1.8556790535243692,2.597464136241773,-2.6867726994951866,2.186527190859071,-0.06085404619520052,0.6210520677491234,-2.2009684714481583,1.4233104283761193,-0.41322532330409345,0.3989093632619314,0.214565058594955
379,2.813631216448261,2.1021359342647115,2.4295070077044385,2.4967023966843276,1.9659657493732605,1.784093933331977,1.1962703789733649,-2.1143798071005646,-1.161409160289156,-1.8546411343581415,0.21865668470086064,-4.021815570301197,1.2708146326797376,-6.2468800574064005,1.261687377357923,2.3728837305372843,-3.405522749844023,1.8048086257008933,0.04932127632180361,1.4780804282163715,1.7572237331425322,1.4266122134641375,0.7996645157469509,1.0909719696637357,3.247287752552283,1.691155355420499,-3.335800715132695,-0.42650274887441153,-0.9456943401786759,1.1701203265632962,-3.9884708536543307,1.5843427674386175,2.5356651205477574,0.5379501199406915,1.4892641924844754,-1.6727042661430715,-3.572870910771101,0.664541957114805,-0.1703071862986043,-1.7766677135024205,-2.951292276042924,2.477121251928057,-1.3459508149560202,-2.9574579369419194,1.4618015397441582,1.1446337130047217,-6.785957195508983,1.2764367201827627,-1.8592245428592067,2.9941973589291826
380,1.5136536857084923,0.9877387187469355,2.013210461445524,1.3980503475952952,1.3114404884447177,-0.10523084210493483,-0.8919451182256264,-3.309838677936402,1.1260396064209117,2.672167946412252,0.5716715952829716,1.7210638890829015,-2.4298958838112297,2.270725251342168,0.11460044099174649,-2.4023732441550933,-0.7174225255662625,-2.7764050690795115,0.1974745661715982,-3.3822112675879845,1.0981408528748586,2.2377596535422173,1.8532994921189303,-3.8514023473043144,1.2405136683111273,-1.6354247530999055,1.0829620790922423,1.275172691355705,0.8788313543260236,1.9615061313308368,0.49840869016354006,0.8090801248444874,-1.7414143689891102,0.07518322828718205,0.26955637189040793,0.7617193661799462,0.4488396126926135,-5.120205114138401,0.2535461727864865,1.3729161112872252,2.2033286539056287,-7.9352927294422075,-2.8222259892655703,0.5957444385643358,-0.010785222705513853,1.9608342479687182,0.19554128915723368,0.8878733953547489,1.4855073637912293,-0.21202883405920758
381,0.40222085905769234,-0.9206998441721934,-8.54341267463132,1.8071771817596245,0.12558348468339275,0.8323934172088849,0.874409437272881,-0.2012534837821045,-3.9434417070859817,1.365218004207836,0.7384500585044043,1.1491186188326683,1.9380387357362916,-0.5224770647285961,2.133417289576478,0.5743959113770991,2.422042071481333,-2.855271256648713,0.41019943078782806,1.4807406667751488,0.37455383634062667,-0.4085612034568369,0.6869743459330344,0.7744501417595444,2.4485094655522004,-0.7115076178849336,1.9583683942866035,-2.2323056288808765,-0.643684569837796,1.8549169986929877,1.584179540227924,0.6638383461612438,-0.35003003358694507,-0.20253504779335252,1.8870070467350182,0.5136962512563983,-2.0212955822340195,0.30773410620436525,-3.4537093946993034,0.8202191447460354,-2.3833592042579834,0.16227546842399487,-1.32867391749142,-0.6110249350114296,2.530117508542942,-3.661422189027191,0.6005676444306927,-0.4564384901477343,-0.2834074797435555,2.3136979185470787
382,-0.7472000400646497,2.7948308876520302,2.846317525349231,1.3977856946235852,2.1656496533909677,3.044440591542728,-0.2805244579784949,1.566507745118117,2.374327738256191,0.09943334878279497,0.4074598281036925,-1.3561156354222108,1.9979402303728113,0.4852897051677827,1.638458859685643,0.17253949099313282,0.9822631858715587,-0.32191278396265055,-2.6120860995010036,1.6272523877055507,-1.327829005543566,-0.21319677561731076,-5.335440261154278,0.25647410975413454,0.32203608148998697,-0.2305288736620481,1.3930796086518344,-2.31695257195165,-3.9496295688034886,1.771988319364568,-0.9883470115674262,1.7917521636508713,-1.0309366805412834,-2.2205581144760504,1.2573669735579505,-3.141644426648143,2.7101978546767147,1.9492593900615183,0.5684081245932839,1.5105121766389793,-2.9101133779472947,-2.593534158555662,-1.481778430310638,-0.2851320840815612,-7.079977816125827,1.8898369435327873,1.2687557551061759,-0.10389825114227502,-0.24788723292155712,0.4850592842844046
383,-1.1963083234599399,1.131843950085715,-1.101703722066694,1.072541029826505,1.81524702556196,1.420946247313137,0.4659708111396377,1.1409198421107791,1.9153105836004416,0.5175680957486861,1.8731942697408535,-0.5270869588558451,-1.9888694517023522,-3.0187836788931133,2.158246789068969,0.5381555076110542,1.0011162012158739,-2.714390592606681,0.24607474937407758,-0.07094696296948655,0.6881800426890026,1.8670397489165564,-4.437174776963387,1.9730985641932492,2.0647121864556195,0.5627028893273431,0.9480280929262843,-5.791782575596562,-1.224681608916283,3.0753509778744768,-4.777196252918992,-0.9581105103935652,-5.973169172332408,0.9486545026144446,0.4112623655918961,-0.20721970810361867,0.29876762789579026,2.7758988942960783,1.7624971846101283,1.4504440559030551,2.35498932381136,-3.088916112882794,-0.15487521830967133,2.218953763353298,1.753569225782348,-3.8629876545298796,-1.1419953485511876,0.7900337497826841,1.7146337154234108,-0.7197533837922521
384,-0.9232795378233822,1.0772320155280313,-1.5480523671544812,1.1839030426341788,0.17522803513072915,0.8196999932007643,2.1345255366780513,1.536671628584692,1.664127498762602,1.5911712090198695,1.3148617034707466,-0.5832830218764942,0.3445276414397389,-1.3533118312806236,-0.3487276100200347,1.3553992225278586,2.5011275105039434,0.4914830673722719,0.2332712633475662,-2.9878191563470917,2.031616746569302,1.5032293527005538,-3.868776887687037,0.15216978365904144,0.5566848069894013,0.8110376398994488,-0.7344738248250051,2.182659030199569,0.6649331474740592,1.0442775229506065,-6.181078347756948,-1.254916577889702,-0.030438115593261372,1.2768001153036543,-0.7746463570139319,0.40591515707704406,2.5605473672647627,-3.1314634890003212,-0.009497993282780115,1.5482781118988327,0.19100623404168715,1.1338859497267415,-4.560083040837849,0.9441602317550668,2.1920183130032975,-0.20246893858530335,-4.75955572174124,-1.2402248514715986,-1.0870267026645335,-0.04332450586257064
385,0.0009089533912147729,0.8668103966431806,2.012827298385528,0.5821936907478618,2.6699749858638,2.8941131024076654,-1.0492333021203804,1.781485727688465,-2.8789254433228626,1.4717077478535598,-4.8429070026199215,-2.9753292014750974,2.652897140617286,-4.637008786246828,2.92922829497704,1.1897447530394372,-1.0023234953962135,3.0851231474736154,-4.268476435401253,2.3292731766952524,0.9471681075760721,-0.26488416454086305,-1.4058841607112749,2.156746001755404,1.398580504502839,-0.24635841767463784,1.3635625549369337,2.1993286893956787,1.5594845670512019,0.4459554405780164,-2.9308210280898708,0.9663327909814381,-4.500171380195286,-1.5068085841748111,2.3715466371113783,2.5095476004485673,1.1065462854563402,1.738678822023528,-1.4965995850156277,-2.3382614410783145,-0.18275627235743386,-4.506504294134097,2.446177068578051,1.6281473956794792,-6.069326671465395,0.5402322393694625,0.39812785940295203,-0.6076466106332159,-0.38369682591801,-0.1485278780598378
386,3.8072282092416483,1.3044046980409831,2.4688141253484712,3.8159177030601357,1.8281478575992773,-0.9977123558265726,-4.3262304626123,-0.7460222670155785,-2.238648531765529,-1.3955245682504671,1.7534030910596492,2.3565337234858386,-1.8526103506600027,0.04199296889727133,0.5455182491649815,-3.085355260465186,-2.908845439892848,2.1232007467441405,0.5544944941295649,-1.3188357767507712,0.9288503913559687,-0.17439484258922988,2.6699967425326663,-0.8311455921697783,0.7827816293801391,1.631094145134906,-2.276253810982232,0.07198396178648547,-1.4451675792040923,1.5237208440590644,-4.144391815160637,3.0478866188410008,2.23365313952621,1.8105141246807621,-3.0326459299163337,-3.0701699183636295,-3.0350392633430383,1.2282116341178728,2.2670484739290915,0.4619362668456759,-0.5960195714976448,2.751092874134445,-0.5502294724999075,2.0283019698646747,1.732655720924491,2.4377332640720293,0.7855842292121133,-2.417895174451565,-0.3891172650009853,-8.160446648751275
387,0.1579921272235838,0.23314293127664953,3.0228248057285385,-1.4140678809269902,-0.6370580254135874,-6.516745681486178,1.3684208221518697,-1.821851358823234,-3.7054765217146155,2.0112251655903215,-0.332742925521301,-0.11936434031494514,2.26943237065937,-1.8009313484311242,-3.709866797306846,0.1764256412722114,-0.32904574246029483,0.6072012410150815,0.8720843912364682,1.9329358299752286,-0.15641304352764962,0.8668456013538348,1.2145009251336676,1.875086773943142,-0.07672249024838163,0.19990182571534998,0.8120840900728759,1.9008584778378372,1.683338390580459,2.3395484048598125,-3.8187330630316154,0.5158002618637347,2.3727406363341084,0.37312687481621776,1.4125090319766085,2.08142224520453,2.4150829440757815,-5.482715958857314,-1.6370482574339587,1.3677771994656522,0.5878010544296774,-2.3229054955922708,2.16627584932644,-4.7866963137876315,-2.6049078605816813,1.679094297832314,0.19056776230298933,1.5190347768203347,-0.45984465291879495,1.508055008303709
388,1.1156692621224984,2.050232312643327,1.8690598151281614,1.3502704005081148,2.33153702452968,-0.08738647168643165,1.32432595964652,0.7218525413176664,-2.4585886037994333,-0.19951092676142235,-1.1860938602921012,-1.3296838805449713,-3.452260289496114,1.400704639912258,-0.8726384704501848,-3.020028044114441,-2.507143675027117,1.4372043257248994,-2.1514199812690276,1.4448480493686122,-0.18473947466510854,2.3048968107410697,2.513541638601969,-0.5599581548956412,-2.4641109619362,0.5047228500554146,2.5415380292952277,1.8121566112513618,0.39347989195606026,-0.6953606649990158,-1.5680684733058605,-7.609112917978851,0.14835546421813461,-2.4387887951159213,-0.35168634737163273,0.08014245108995777,0.6409881220252727,2.1068040258552823,0.6089814468068466,0.8840068249341186,-2.312492243126374,1.8253476208544321,1.696609565136356,0.1300614355013563,-0.28387704042929673,-2.3618331301041557,1.331471531710918,1.4590223596808847,1.6487122866243555,0.41823911012853454
389,1.7530908684560265,1.981962386774224,1.8942340474528616,1.8890175430969327,2.072954083211278,1.2678420281283729,0.8711195644997991,-1.152708007956254,-1.9728637997370715,-0.48671721187502737,-6.537211528030765,1.6799132628942104,-1.1650403018809623,2.927493205455123,-0.3653851800041208,0.392750257319455,2.8361945427984465,-2.789964944588683,0.901310568089281,-0.22461849212289664,2.43943931015673,0.8255802770431568,-3.2003869035283596,-2.001114490792281,1.2852699569416917,0.7079989053896609,1.4278663804954945,1.1581866308677276,-3.420760830532789,2.3558740035972607,0.5229833426694466,1.7126588846775448,-0.967825203429598,-4.312049651866378,-0.7398167991599305,0.841345577064815,-1.419609701134359,1.9237392908941406,1.9630600369234177,-0.5695373723576846,-0.23054529411369096,-0.5234252488100459,-3.615614017269028,2.7370500408280494,0.5943259456013781,-3.733976661222984,-3.3761664791381882,1.166808537338886,2.302963120378663,-1.627694479492984
390,2.098292503265892,0.2450496409054823,1.5044932684117698,1.0481637272770312,-0.9585021101209898,1.7223926960387748,1.9627134401756017,-2.8817381587851028,0.671473240799215,-1.8543088095252491,1.4093705485334604,3.4929621272924107,2.488031406499194,2.2810540655035894,2.66760894987503,1.0145538047189504,-0.04509240261397718,-3.357151395522436,-0.6324457625515265,-3.9536240473698037,-1.190080255360873,-1.072549470026697,-0.3704469626700746,1.1320035460309583,2.6443388598002366,1.5046823068320272,0.6552832489772342,-6.910269247210518,0.10912850879897462,-0.00016386107292554186,1.193362075105295,0.6486166397091759,-0.6918278708052572,0.5138271052604608,-0.4693947810532171,-0.23718510890073663,-3.7890411207644927,0.21581070247733525,-1.6778566627369855,1.9461298618454776,-2.490859683934797,1.4763886815430314,-1.3461539551976314,0.8713481718599514,-1.9968612884581631,3.523291233231035,-3.4174541418624447,-0.463845512046384,1.8558556357567118,-1.0893733879340308
391,-3.291122968574383,0.6145612141499708,0.05583059365794707,0.16136379406441748,-1.7834748161843574,2.9391342626682335,-1.67171778492615,-5.265690385184353,-4.12911831709985,1.9714522803100132,-0.2660251884327378,1.4151824529494887,-3.702370987997469,2.3751677579359933,0.6097593159122194,1.4763085455037532,1.1816331231812347,3.0928458548170226,1.8565899676585742,-0.46055681098638424,2.547052763060391,-4.446372290195853,0.14903751264610143,1.258120068432106,0.48550841158602775,1.4016354150003894,1.4030172616586127,-0.08535017864904404,0.7020325553024707,1.0394292178367408,2.906973606164568,-2.030194692416674,2.3903991117254684,1.0013208391893738,-0.4074538872514726,-0.5958353747486385,0.17694095171116153,-2.991350445485697,0.7987735144647408,1.1613225313928446,-0.5422399372118889,-7.406309197790545,2.56972039947329,0.08457707365440115,1.9395630272563258,2.499577037135713,-2.0509766516583543,0.1885562109612442,-3.535339613311585,2.2081128566445996
392,1.3739451104899683,-1.0100453353204042,1.1008113694654322,-0.441686507857165,0.031018193266252325,-1.2536833962785812,0.12113517562000364,-5.031403708174268,-0.5394833693477095,1.5620194253412065,0.5458779478347138,2.0245257508937144,-0.3001044291776882,1.2833400718087837,-0.701111924077038,-0.7600971437356536,-0.04984231967638131,-1.2532177700149427,-2.409934183104391,0.9720327628668994,0.9719103787973444,2.1467504980305634,-0.696548033908992,-4.364656541906682,2.587249299181328,-0.6752133957361455,-0.2858146879101646,1.0899695693807128,-1.2538460654810981,-3.389557082338581,0.6635553313199463,0.7798582101101639,1.3655233561879516,-0.5285023882936555,-3.8010390642129357,0.7488496957584401,1.3816844381309736,1.8669098002751725,1.4915705530359928,0.5263372044956114,1.1791291360317744,-0.6543777483935678,-1.7365849459581302,0.9065015882360634,1.6326337808387743,1.2966525772289645,0.2337953440960021,0.942743897285995,1.7388740996063081,-1.428454524710964
393,0.4772342919900785,2.4345707868219875,1.3068089048737686,0.4688475270761501,-1.299068610338745,1.208096300529737,3.063406172496713,-4.541358795597148,1.1551700810524448,0.12007968962191296,-2.702360550063376,1.0842191668314536,-0.18738156320044208,0.8254619453384686,0.45235439164917857,1.5621271289288199,2.479121700595225,-6.5976446446126005,-0.2775586373867265,0.5952510651901441,1.4820529453810551,-5.551773464134987,1.0601016154557872,-1.0664668164174111,-0.9158622319352325,0.474636231540579,-0.9859383989193722,1.735459270499914,2.8756180245929115,-2.794556656818629,0.17716989311004028,2.0759547087169867,1.9594866735672682,-1.1557625176863562,0.40883399585085023,-4.354075609418899,0.8575356540911336,-0.14747687898130302,1.6280560003208118,2.7523744308456024,0.8247602406238581,-0.0713044461613439,0.49463210787702394,-1.235984272344651,-0.9889802403551196,-2.7654214349292685,-0.505988396962759,1.1291601400705513,0.7644917493146224,0.21189133140928007
394,0.04986066255478061,0.7579564533163783,0.7290031882153478,-0.9230456054930114,1.3925140565049383,-3.4144040469584036,1.283799708529565,1.7580309910013705,0.1455397722039331,2.479533861496361,1.6096393861647678,2.100811627014539,0.7768507203719768,-2.7076305323989605,-3.548757694860897,0.30970713126116056,-3.867506903760911,-1.7082835400944205,-2.2979772876453524,-0.9767740690942572,-0.6335576521920032,-0.7763692628010466,1.3996947414819916,-0.49702018000140225,-4.34576851988423,1.2980933871526137,2.365366803508911,2.6994881221292832,1.4647315765108342,2.51628462375451,-0.7469732575867285,1.6156882922351339,-1.7788650824832937,1.4522404866349192,-3.216625080457633,-0.8557891415530401,2.991313045374071,0.6759295975402768,2.7041948388257557,-2.879371513777893,-0.5256544413597011,-2.2044642230135354,0.8563883369948782,-0.638462032353071,1.323832082903416,-0.607667043943084,1.550944551493485,2.701304815342613,1.7797181448491664,-3.637493893654164
395,0.10555753019109648,0.7814570090519384,-1.7550395403325227,1.1993155831410727,0.9211863722346365,1.2903594885148775,1.3157104647656142,-0.9730804539174249,-0.11269219990573376,0.9210325960795944,-1.9399151428703743,0.44159267876035546,0.05796378652804979,-0.05810779567297342,1.5988231114470226,1.0971579125487603,-0.1530486508971709,0.6494597253195931,0.45236551821073334,-0.06472527195036015,-2.442396538044809,-0.23773183906898687,-0.7911556426907698,1.2840361395624535,1.719805082527071,3.1018132481853256,1.19574932101004,-0.46715883870750474,-2.1978994545701633,-0.4617442179159861,1.2662414718750443,1.4382991968379466,-0.6640448254048295,0.07929999629318818,-1.0464933081595724,2.2238867507073987,1.0806439311689164,-0.5434032882335433,0.8574048354650294,0.05525365959096895,-3.485896128904834,-0.2651472415950318,0.1511003188871447,0.28236498728024007,-2.464351367524939,-1.1723346040202296,0.3381650158182641,-1.9697266669793967,-1.2139263498724535,-1.4260263647626994
396,-1.2822633222084283,2.0751569036532556,-0.35701232321826915,1.3164689731457218,0.8460501247390031,1.690783876489169,-0.007526091525718925,-3.8881382130250826,1.530452356843436,1.2770563959627377,0.6455268070498628,-7.502419549636747,-4.660183367709187,1.3500274655931475,0.34055710169566034,-2.26889256072627,-1.4855442356573283,0.8172521832241557,0.4656341555364838,1.195480817707057,1.1821467192950887,2.6686983735548284,-2.3478495775685406,0.6643052773417173,-0.20226452136065554,1.3592714457228254,2.9145919066372303,0.7028801050448257,0.9908537642518995,0.4764035303966052,2.371446387976497,-5.87757506389809,2.0858797754448366,-2.0473126151174172,0.7400494875654688,1.7597059548261296,1.2718673288924474,-2.005843310873508,0.2688670014028114,1.2522773059606034,2.3855853072559516,0.9088583976088866,0.36531123156804757,-5.815536589971621,2.32058483689751,-2.466299321568475,0.24403008170871576,0.5551680314450547,2.4146047289664034,-1.239173477338774
397,2.7903554852179155,2.7345574048900554,1.003021003195756,1.7616934949407939,2.224458013148799,0.5779638701931358,0.2927129604442227,0.9312107369532878,-1.9351890419755442,2.4336961662029344,2.0894787082182256,1.8899386098788042,1.5827269035097844,-0.12479000343091862,0.9216251593090519,-0.39276899818025246,0.555942992236921,1.28659509965444,1.3154989666065364,-4.946572901872528,-0.27459742345492977,-2.8468240890996173,-2.51637260708113,-0.6455891079274361,0.6790042291230618,-0.622967372133953,-0.24976368403436755,1.1225547075076792,-3.674752410838231,2.181837827334455,1.8288320476883837,-3.327972529323329,1.0263636187936136,1.1177460575536893,-2.3576462508393785,0.7102251758010958,0.9318356047563565,0.8427583790605286,-5.665913627437453,0.14304310137299758,0.9812764146822914,2.232908334207443,-1.0327992097065684,1.054146843846215,-0.7868633096209123,1.098798099556343,-2.0197554058920373,-3.130142744886088,-1.5695435562734525,-2.221981741876717
398,1.1861232788157432,2.0215188728596343,-0.7478826315267604,0.8609258618725519,1.0466388519885235,-0.6860051917741901,1.0517558791299133,-4.94457819604669,0.08242090164132776,1.9714351996219648,-2.915990240890169,-0.9991840993454133,-0.029083917171082163,-2.2945286536921037,1.8622789163404123,-1.3736208553767115,-2.6299053184390813,1.5695923638411755,0.752090789814404,-3.101402513338283,2.2259483245650236,1.118777729989843,1.7923659000215255,1.9939741405804297,-2.5710515604382014,-2.886129920116379,0.7468613738170351,0.6224993626775923,2.041952284491209,1.803094698012412,-0.31989517091643993,1.7371074558793085,-1.0775642121655231,-3.444871692241385,2.364654838893442,-0.17883424501850698,-0.6655027278714174,0.7968538847971836,-0.36667503368920684,-0.40985890335854425,0.2439571945518466,1.5825032039199134,1.4668599634406214,1.2258699337821914,1.1402072548080007,-3.703751845727602,1.1511391528292423,-0.5837258734262925,-1.4650356268822406,0.9356708164696919
399,2.776875976460648,2.3448454925603675,3.09307583892617,3.2954334379971297,2.8420853652397606,-3.6440917522215726,-2.8805450364447216,-7.771108402018036,-0.8953102515403595,1.9034357605686663,-2.527919057780111,1.1685331485327692,0.01166307601397154,0.5949421842070199,1.3439829270778478,2.3728286159709295,-1.8799782867932855,-4.0047169046258935,1.1288394333928915,2.1569550407983678,-5.172366872189564,-6.216502734857499,-0.16398380475339103,2.623966169903907,2.985703843956177,-2.7195317807986568,-0.20475393774784134,1.850970731389888,2.264271766639945,-3.318511971590909,0.5563887070410409,-2.6727276585772914,0.7506913052621389,2.71696475201745,1.5577087991816585,1.6777073830472538,-6.891112651543559,1.1190090826844656,0.3653154390194864,0.4695048347455204,-0.788304696468586,-1.163660418814981,0.9013674765969952,0.2005434852101713,1.3785844413802888,2.987392758703925,0.25973534644588714,0.7904107985465352,3.218419386292925,-0.793026587045901
400,1.6989359013324474,1.1879792371799605,2.6192224657711645,1.946289808696903,-0.6718790645453669,-0.30434402085746814,-4.067751390963255,-2.973667727309711,-0.19656968501263083,-2.5519573752915967,0.46638189329456026,3.0869400919349066,1.63628846880103,0.7026136926871027,1.2055901023823896,2.6831188813167786,-1.8391802896221625,-3.7032349304089527,-0.2280378643658123,-6.0591063363855,-2.769674938575311,-0.9990792095161867,0.5014444983915496,2.3285096958903613,0.7339999958884462,0.26024557359048917,1.6610940459865913,1.1842716537129272,1.7844054245300125,1.0449406689576541,2.500118401177618,0.41436865275679935,1.0793434643454942,2.9236379675912887,1.488704904411228,1.4143867068453186,-3.794935524743777,2.4872216756385703,0.18548087368561816,-4.028467905082924,-2.264151094306105,1.7537174806621483,-3.614772856882632,3.3167507465791384,1.0809700621267897,-1.0808580745148921,-0.29689499848649525,-3.54891723862018,2.0270672691550415,-2.410559779829379
401,0.7625103266799593,0.18404723096030473,-2.8507881532566746,-0.6380061917245534,3.344207667832391,-0.5104364553048795,2.2433825821200775,1.2648893287113618,1.4564806205811225,-0.03136950122707827,-0.8406916616055629,0.5051086035418093,-3.3433363565377157,2.3193906323160256,1.0361446178848617,0.13800426738670346,0.5574692333777378,1.2492406658853956,2.1620771404786137,1.126460234368035,-1.5325496809713108,2.6072702681063413,0.43223158446448107,-0.13388751418169242,1.3532152192869304,0.5487696757123057,-0.5307164254146768,-0.780905446081694,-2.012889731939895,1.3995999386370594,2.6179179395727297,-2.9034817450784693,0.9981688424060255,2.8773485841914104,-3.602619146988081,-0.7475804097272523,-3.1844160242165795,1.5636173028869909,1.465436989347948,-1.2255309190559798,0.21865066317921933,-1.5669683552363756,-5.063457439207314,1.3192603160349976,-0.06470126274424093,1.3471210318709304,-0.11596673941255364,-7.587601301255702,1.9099258277821338,0.25995312556434946
402,-2.173835294631843,0.30629106661826544,0.28361097704655513,-8.689119659404628,1.974248321834522,-1.7234943060502879,1.5293220501667988,0.3847128461404443,0.11027236451875666,-2.468183303109724,1.581962720424435,-1.9305988366464168,2.6218781350426457,0.2604948342107969,1.414858935955778,2.2002923780893937,0.19120140377400752,0.9204452074295224,0.4012911342421459,-1.0303358796271391,1.384316445758465,1.1481676710962647,2.0298189663649224,1.9014702919926618,2.226328661289309,-0.15569941358889583,1.6022246098353357,0.10493036065522876,-3.2978768294625427,0.4517029883880257,-1.5485590607136412,-1.0015377258868945,2.7190206284205107,-3.81018668703699,1.241443861944953,0.024452929581155303,0.4332597668858833,-0.770268322992961,1.0391406812060566,0.841063307610801,0.24672599050886124,3.1866970773032985,0.6001601605186879,-0.4273945126699532,-1.4404852506732606,1.0445957167607673,-0.47228547683211186,-3.3529109094221488,-2.968073331978389,0.8544423091125468
403,2.086029283633547,2.2933137007320945,1.8536986541912421,1.230034791135398,2.902297608660891,-0.05731951156521031,-0.019670778213288997,0.09334975152632818,-0.24516115911388336,-1.0955001751675688,0.4059468953015255,-6.703226333759574,2.3483464905730846,2.0089727368996755,2.055659925393522,-3.258102164138238,3.4958938968700277,0.9313381715900952,-0.7047630607103788,-0.872996686568178,1.1839692959121972,2.1246091120702424,-4.586901210616926,0.27459869821411687,0.2156171409599823,-5.503746933546351,-4.629601769246751,-1.9512790581551283,2.6178955023009727,-4.764430727274444,2.2285265245658823,0.5745284427256916,1.2652759087178937,-3.1688810786789254,2.0552183213922404,-3.414004611649018,-0.45767048825272383,2.19230977587082,-1.0064958107227442,2.534029369617594,0.4492209642737235,-1.1077088844344747,-3.1693008370549496,-0.19805243845609333,1.2999551411613224,2.8564560621553343,1.7712925299581377,0.4578907254220157,0.03094715674935511,1.077591138749895
404,-0.23002516924262384,1.5490449569396754,2.4661602316033333,1.7894257292276525,1.5698403172801219,-0.7409028962392377,-0.3833116041716309,-0.7283091092190128,-1.3161984689264843,1.4407565784180387,1.2690007640677186,0.24821334419425334,0.9238495928484212,0.882521014486616,1.7672286084046975,-0.6074970800883603,-0.29171424719313155,-1.1088930389869072,0.9718216334871133,1.239771298803022,-0.3113486719813192,1.519543646422104,-6.608765036934631,0.8810677076079041,-1.140229072879687,0.7825870574658107,-2.0977286622817566,0.9157133537059865,-1.4751591711301328,-4.114398088313381,0.6735576787002451,-2.6568406322115266,0.0561210953048894,0.797710918232319,0.5424167496643388,-2.8297408100235755,0.37029585598553805,2.1503642996692953,0.9122314329611378,-2.5272860888952042,0.49672686943044564,2.537878996194271,1.221626149704572,-1.1500158790776505,-0.03063816505464345,0.47536199580966354,-1.0008485722241076,-1.3595834769066393,1.1905227747228233,1.0680732906396044
405,0.9374186495777455,3.588370475186731,2.9858208942471722,1.921555718676795,0.6691766776625281,1.448116114073235,-1.583072044031704,-4.37412507004067,-5.4923560363141535,0.7639956019441785,1.0680590106504528,-1.9855698371738653,2.8634928879071397,-0.17588591423173572,-2.9865120619306795,-2.1766471131877925,-7.385786669581337,2.0845513316377158,0.9638112088933593,0.6427346537839691,0.3653925323680811,-0.16214491039367385,1.5518293574846114,1.0925597150369493,3.247881599178296,-1.0715997859978224,0.5839331932137215,-0.04819269989812813,-4.495031760032025,0.515124533458307,1.713110942923572,3.79459417577022,-0.9915161761832323,0.609336900890364,0.006683202286231982,0.5334026365039168,2.0023689964978773,1.8783258862926928,-0.6122444319923082,1.1249894372516485,-0.38977472029710913,0.9330245430684814,2.4493791519852772,2.905872176861705,2.133355222100172,-0.7240519425997158,0.8352572149583741,-2.8396199162945512,-2.8924463577640553,-7.826947194426929
406,0.3307562550264418,0.12234095686942403,1.0821923618239735,-2.4347474800512083,2.257077296323483,-0.07715958343128992,0.2558247668443032,2.18469075391475,0.23336569515115801,1.6402411332420077,-1.2429090661818263,-0.01864887212495603,1.8451509322542798,1.5169155925874236,0.04928606639268107,0.4260367587855809,-2.8543640696472083,-5.1323976583420565,-0.8260783147264874,1.3008664168813264,-0.9361701549650201,-1.1038194600167586,-0.5294878644359873,-2.9503994885305493,0.8126369251348926,-2.635897313854014,0.8095805060483379,1.0977241364042412,-0.14680592084504518,0.7046170483424588,0.86535277810823,-5.240004081014098,1.2602616022862905,-0.19649412722385584,0.26289301302693424,2.0663117383997096,-0.6522856549100053,1.5294068544070543,2.868298663550862,-1.2640031820621953,0.9149683678228961,2.396169099206067,1.2909073406217764,-0.06447937656007596,0.20377752592843024,1.2536705045790648,1.5179802752320612,-5.707080957208027,-0.6309182609811614,1.544849521915748
407,1.5164216380957298,0.9836794467588463,2.1082836029452148,1.3281451287923445,1.35445047858836,2.322042223648166,0.8752133426703894,2.349496343943857,-1.6985523824409947,-0.05728287318664371,0.9919079993463926,1.8122584272006246,0.5759309474960181,-2.9590343916203548,-2.7276347935465948,-6.253241930097619,2.027517353755722,-0.4091000692213598,-1.9509353206683553,1.3340157937302983,-0.0848951467416974,1.3469957700917354,-0.2643707107621731,2.832585341354711,-1.1031186687593557,-0.33398391799223326,2.1608314734768146,-2.12135123683722,0.10033548069322595,0.29356704449902615,1.0967097919787365,-1.2370860568868807,0.6082007578933073,-1.6650065914949872,-6.775757227643799,1.51766572021939,0.8823365490073858,1.2778592205621884,2.204270282309304,-0.4836638864047069,1.3149620479144852,1.6421689648722535,-2.3518143226865558,2.552180255317669,-3.695995483777981,-0.6517090115429012,-4.120871417017764,2.9894351781778368,-1.210344166424341,-0.2437169995855566
408,-1.661606058070432,-1.2495029948434473,-1.0892940839515521,2.118705765299628,0.3477298876441193,1.1110468443461676,0.7260799832465898,0.9913591289883552,0.03196841613184098,0.7481724911820393,-1.787809943660423,0.9442014912083532,0.37086163694970686,1.2783347246026335,1.5182032081476913,-0.37141227951699296,0.03398414937008365,0.6440646214413643,1.5973814056088727,2.0139544015812207,0.8888753812389187,0.8081749959705018,0.5913598819915551,-1.9307825359932442,1.6593623453955058,0.7138492241360304,-1.7992145016082484,2.1854179596656875,-0.41056018082333523,-0.2043943887170725,-0.02424698206450948,1.478801976331264,-4.107351732388314,-5.107374566749649,1.4007043126781435,-0.12795716237940802,1.9989282386065876,-1.967460718730167,0.3696787890759179,-3.4780555730982217,-0.0002667051907385698,-0.7740900393267642,-0.044317450289094396,1.5229538651063756,-2.225905075057687,-0.5066376786195201,0.4326841285900658,-0.7810796434494769,0.02535937146989653,1.0971216685231502
409,-1.1157290318044426,0.996061475973538,-0.27538677058000527,-0.19175170658539464,-1.2434988552015538,-1.7746475806133635,-2.459996099948027,1.1608919902565278,-2.99484672576284,-0.24488132621384207,0.03723987244499938,3.479285323427905,-1.3887419875007971,-8.142983519859069,-0.10084513778924986,-4.121990816082307,-0.6678672676753621,2.7529677795636522,-2.188004580710883,1.084304660477538,1.0795945942133098,-2.1520550011141886,0.9362514477425607,0.7530893100137721,1.7365884740501545,-4.98315174141963,-0.2917718438183181,-1.041206902719134,2.0636154203579444,-0.2335069247159156,3.185467953140099,1.711012789526996,0.7718104269150841,1.0618739839358637,2.3696633359195163,0.5323657662048644,-1.6394832080894162,1.1188368164058682,0.36467692540982544,-0.31543787116736066,-2.749408698230627,-0.26490978318954816,0.7330902222770259,0.5261907662886198,2.2254153480724863,0.7926023386281029,1.8708371846806489,2.527009229212408,1.3707265190493612,3.3406334266024866
410,-0.5804143011883749,0.34492013309574343,0.2442953603094109,2.317616766030801,-2.43036872797253,3.661399543525442,-1.6769277156931706,-0.4671825257626443,-0.5369001181246764,1.5551708821074381,1.8973122647132659,1.839909548763616,-0.7881243465036158,-2.265975309538021,-8.099912536589855,2.2682763904672427,2.733320608884723,0.8676673353381386,-1.4272183944477712,1.5467744303192945,0.5469340702098,-1.4318960676377266,-3.385673592265417,0.8430358682315333,-2.8771640670896774,0.27596499841071864,-2.991356906261509,0.7571736052360203,-0.965636743956277,0.932891631230099,2.7891656913552585,-1.3962299313605913,1.3776880172886297,2.117194226714977,2.1100663637186607,1.0106880051679124,-0.5276608800934897,1.881945554328591,-1.8359963471771916,-5.144379862649823,0.728889531238571,1.8730154706316449,1.0243862594007025,2.604471457196425,-0.853896457982942,1.9515315211339952,1.7190201536707739,0.13788217956174798,0.4021435760090952,-4.677836611994937
411,1.3343210171918223,-1.652192907502628,-1.859864956998302,0.5660522862148447,2.446977763072472,0.7761902879476317,-0.5526314853367751,-1.972285977730703,-1.5983654396205447,-2.002394489831844,-3.7937325535403144,1.3659184444442105,1.3972889329340465,1.0027500979052029,-1.9999921216549703,1.4460709786216701,0.2570585921212025,2.0162058890771926,0.3697864206672934,-0.0861030547969106,0.9055150522334419,1.4795673129420517,2.3185890576855743,-0.163074528058905,-3.1776280120372853,-3.092101124670224,0.06721321014271187,0.456954277665397,1.6149814563564324,-1.7789974617436988,1.9395484191602224,-0.0245915032659223,1.6754035347954157,-0.23351455834770718,1.7559322974445442,2.4369925277158098,2.3395130299036375,1.792698609442278,0.5645552574811088,-6.085994589441013,1.7695958204478184,1.3382508295026772,-5.574216810240683,0.05025990175522921,0.24343690412706476,-2.646464771979568,0.47879756162027576,0.13311358744270674,2.1194576589085807,-0.16485067017257915
412,2.6314203000915204,1.2700470641384891,-1.3427162693886956,3.0337887101557324,2.085381619033986,-1.3990800700222836,2.41267905221251,-4.088217021793834,-1.7766621062257002,0.3392337720879075,2.278401504712639,1.465055163047571,-1.2556472863496548,2.17505925625149,1.0919348061128709,-0.8151494788135158,1.206196121212796,0.8165169995252128,1.2492407031239634,-7.511470686083439,0.11106681627657,-2.070116404757477,-1.2885444293424637,-0.7884946751933812,0.6503043810471603,1.8249587131530283,-1.8220158027126194,1.8071175489914193,-0.43554592538667514,1.584251510437325,1.5157581654198795,0.5000547542967047,0.5279729775671429,1.4038985272948334,-0.880969446249904,-2.3245979836628115,0.09677527219329463,2.7904724101927902,-3.307916443002221,-0.24618806148561756,1.7017830415093984,1.7267361475455316,1.4437699353828624,-3.502987538180398,1.5373962861418953,0.26974944236103937,0.790534696560254,-0.8987753393244438,-0.12451016455738095,-6.4579505655452865
413,1.134101616638481,-0.061962643638769244,2.411281486596436,2.3022778026471213,0.09839230349891981,1.8127040596777917,-1.7548023111835542,-0.672797297605543,1.8281067093950805,0.8558442235190977,1.2010059951269754,-2.5862569277687504,0.6260482360793986,2.1085526126369682,2.2318200028136332,-1.7411530691170682,1.1632866691377117,-1.094200766905109,-3.01813744386253,-0.1362596680900916,-1.6916059512225097,-0.7720715890412944,1.5976222090375867,1.5010404448717196,-3.1167799477530673,-0.9510807619913564,-0.4631365629305133,0.5315666469408278,1.9823981681901732,-0.09816576346959316,-0.6986258314465434,2.0598478513015674,0.91534754553299,1.216289515200189,-4.571845529247535,-0.681925946790324,-2.493371557712371,-2.5174216954333293,1.5565170650186726,1.2028411389698488,1.5026625803667786,2.3141389917066593,0.5381646392850854,0.9450663799190844,-1.5862182005019783,-6.685570677050907,0.055007127478732265,-0.8776680203412228,2.11951722917542,0.4596089123409568
414,0.5407549896722808,1.996626694405192,2.3591733189932387,-0.24433513184409605,1.3729154231072327,1.5770414425269528,1.2341362592905125,-1.4887025500117703,0.7051317331493694,-2.800240492121315,2.2638055044328547,-0.5142174090864868,0.010677433346285348,0.9354988962188742,-0.7712509434458985,-1.1537777676822962,-0.17353586271199628,1.5538452748324953,0.058763868736206426,0.9491644741598657,1.9400179339272854,2.1045422242363085,0.8258324513974555,-1.1343238064023007,0.42202322503470935,-1.1749552080258985,1.711863921085901,-1.8195266427873076,0.14998107313042564,0.07841960871592324,-4.065181166634794,-8.261597050296281,-0.776021159076218,0.17377126383311925,-4.296848062641731,2.0424469578472144,0.4370194425803504,2.1789155665234743,1.689503259281846,1.8001011153606203,1.4230278474573055,-2.7777793306758953,0.8519564746956441,0.19855914516207207,-0.7241585173018237,1.9132892315828425,-1.8121413056000089,-2.361825308318868,1.8286923317132766,-0.9770806717721436
415,3.4426521337168854,1.852962264911726,2.173222096640848,2.4198729980883678,1.8661177309481047,0.27626425048500813,-4.155258814531133,-3.510720118600587,1.6249395274867173,-1.761856397269149,-0.6547165542034659,-2.604084551468805,1.3854209291067945,-1.1424096316597376,1.6401499487649565,1.3276389485880764,0.612336097580175,-0.2565589848984233,-0.3455086376275691,-2.5106813150364813,-3.0809645287909406,-4.448199588990254,2.7591774298388763,-0.8259361839636599,-0.6715484654592103,-2.169247505070823,-1.7898356012448708,-0.8504811991584704,0.3873933895156467,0.9375197276976062,0.8110659723105229,-1.7830144707220832,-1.6591596878392671,1.7989515927988098,2.2806338591589808,0.8889041962153197,0.1863074817830892,0.42220310519806237,0.4919920921412757,0.7774379014185806,1.6412161762661959,-0.1730850097232164,-0.5363130136246754,-0.02240884247486008,-1.9902658023127895,0.6140516342741966,0.8334193236916185,1.823729511111949,1.5189149337843557,0.14775965114768397
416,1.3568293865930228,2.0073952985935977,0.3698571905520325,-4.548964737719527,3.006007792207802,1.599523105778633,1.243447271266449,0.06738575232658395,0.13789495413780006,1.7962286675293515,-0.1687935031262473,-2.7744085920567176,0.5765970905889901,0.5852675277667627,1.3869179922586223,-3.362722791619702,-1.0629279174240134,1.6347443609505583,-0.3988869448232224,-6.551267298958714,1.8974599213982914,1.5072349501152442,1.9297952843750696,-1.2834236080843437,1.176977660476707,1.903514154969769,-0.5254534505055632,1.348868624617519,-1.9146095661507543,0.7211843220958984,3.2123899169900128,-0.7127167921932607,-1.4895358068283917,2.376430523916366,-1.330023533539948,1.1184322456209363,0.4519553930822138,2.12519373110402,-3.145195241654922,0.08995346074413924,2.4686107689711387,1.940021188478707,-6.615697415273712,0.7179712878989157,2.071784220659769,-1.5220142812590503,-5.397219033233944,0.7964975626035322,-0.6889913447911535,-0.12951974942521272
417,2.766991205411443,0.6195567316686317,-1.3135348874453978,-4.070713743205136,-1.2181506706765468,-0.3438120255725021,-0.059973776968917925,1.791745688987596,0.4312955663406264,-1.1874907512558446,-5.173307502952531,-0.5214844898487119,0.10737141106190151,0.09689651405312283,2.4859998602392888,0.7882200406247142,-1.7638342758026422,1.2148537090572349,2.459197329139642,-4.8633069212494995,-0.39363372788709494,1.452856227636349,1.0449560179135524,-0.23658639786452706,0.2588082259085649,-1.9860732550355786,-0.23571791559927213,2.4956558903349695,0.1501728750097957,-0.9164404924601124,2.8273966216364452,1.460160207658443,-0.28511307415628107,2.6938509992774846,-3.8950524377949005,-5.3433401422889375,1.96043331380521,1.9915875443464257,-1.922751943210561,-0.22524620103613469,3.0306572320651015,-1.769001693784384,1.6497537722579123,-2.527342081018408,2.132035932938715,2.1455219855684677,1.134331184489569,-1.317515267654099,0.9839944557740976,1.3951231315627162
418,2.124750538930297,2.410878546187134,3.1288731674441497,2.6580838814963577,1.1107126408272912,-5.260901331341327,-2.9776579837572816,-8.043705253394268,-3.5628645074021597,1.7569085351487077,-2.5079693865764936,1.6875105630547873,2.211708038858913,0.9098295689507365,-0.34606106028837225,-0.5403189049720858,0.624985485941675,1.8188212291360806,-0.34048390999300526,-2.446378030721279,0.8096544152331582,0.5836835791349797,-1.8881079192143506,2.205056981741062,1.2216662324520637,1.073967045488831,1.214684121985547,-0.6503467943682892,-0.48850250534727024,0.3031969096318008,0.3633430717938806,2.012611400504787,-2.6588004803504157,1.6534956552436508,0.8886391988636513,-1.3592514410496541,1.2936774308010892,1.330995466414734,2.5198055837182376,-1.7254039790674494,1.2208599692044166,0.4431854741294421,-1.3782833547077393,2.1427661271058196,1.6501917452521808,-0.9380098954717724,0.22694454263027897,-0.6257197614311467,-4.518781325065695,-1.3439393227857082
419,2.675303913550951,1.2435186958819355,-3.7362621908294322,-7.750530990063805,1.4570009784755666,1.824650879599928,-0.9138430775411592,1.2944835345629824,-1.9067491318271257,-0.5356282944802038,0.3355915947965604,0.8655532234872201,1.9277604213706412,1.629905286047424,-7.288266798926557,0.8464659509280024,-0.8941672731709058,0.7238805037054563,-1.5955963303597356,-0.06881030183413372,0.8204797867360094,-1.8158156901682636,2.3304500682637306,-0.7192268241955455,0.5882348668909039,0.7668280396191935,2.3062495071815805,1.1389016426690284,-2.0849876115596695,-0.8829742873424902,-3.9777196987116508,2.7112471147301345,1.1235992582006107,2.343514208241386,-0.10563173295505734,0.13400263538664436,-0.8769399131157547,0.4867077082405933,1.0032284721461515,-0.81257736068528,1.5824659269693329,2.349787580798794,-1.9867470635263036,0.2653408879202388,1.6962158621014756,0.4011050974520174,1.068230128804804,2.994689788914848,-0.2359241876731888,-2.746994804707823
420,-0.22808713873887942,1.5908760154298944,1.5467337696683763,0.523784587051594,2.149857605880699,-8.62134769866856,0.953974394647263,1.1532516154241694,1.7600343129964013,1.4298399220201157,1.5488015358536642,2.6026124386443255,-2.192668156652269,-0.2770358157742141,-2.5168167499374894,-3.708727359129046,-1.6185878416081634,-2.275665273286971,-2.6414301386852888,-3.289262366268078,1.7677289219932635,-3.7016147769011276,2.248761790208879,-0.7668866516302417,0.8475305387544863,-0.6585822162396697,-0.7343591686629249,1.6068064223365681,-5.0667254032968465,0.2723453481283542,1.6565439146981675,2.241459212558228,0.955337759884392,2.326538934576635,2.341302876589358,1.7740594048911342,0.2792854743998099,1.4855643318075589,1.4760157166511982,0.14356824534946977,-0.13025860522466282,1.410534893841851,0.5600788485142738,-1.7400522212576126,-2.1136937282707695,0.8488889759836438,1.8684702249224445,-1.6452352938226484,2.8184998311390723,-0.26205126078984264
421,-5.85476935589388,0.4774548647339003,2.69089617374281,0.7389291971775576,-1.7435424622554674,-1.6190336549893587,2.6443796504889345,0.3187078312807561,-2.1173071292218637,2.135214126334871,-0.37408674995908164,0.052955743219272655,1.8097652463033493,0.7065529813883087,0.5331893558473864,1.6424703918748094,0.5027117627079507,-2.6496900499929774,0.7366788186962818,-0.2549702517846608,0.7235517070782809,-1.3622672328939993,2.0907640077647565,-2.6760278860030464,-0.7656705801758985,0.342261885559922,1.05231256489974,0.1755528524381198,-1.8943426172887659,-1.2350928529279397,1.8651363236044394,1.7202717276114834,1.0427445655002918,2.141984357590628,0.6399357625809596,3.5070047105452806,0.06934178018090087,-1.7990336834093048,0.6995849234716074,-4.552218301833245,2.2429379421376074,2.9806864944253446,-5.342609479411199,0.017345884808321443,2.931022577635648,-8.001230091613188,2.041325332130161,-0.6701322037349398,0.6119890427441117,1.0263639968851255
422,1.04441437809071,1.4982032665169647,1.8031947096058887,2.2598112045689787,2.0540898283029962,-2.0569912416666023,-0.6777903867021804,-1.063152428828416,1.2246766146807802,1.4494572003608623,-0.24809475049570207,0.8078516556139483,-0.4176007119671228,0.5163331692354678,-5.2037621412457105,-1.9095841578728185,1.033030716582902,1.045664272908692,-1.812372249111215,0.911313084465061,-0.6441289908283094,-2.457468556485347,-2.1971709767727594,-1.8954837541724396,-2.8624555770165667,1.8398143165631993,1.1385374798324959,0.10472958939672417,-0.11544292960953051,-0.4039428544985997,1.4901346114619796,-0.03189825679773062,-0.5649549468518531,-0.32105038116469853,-0.4075601491356462,0.877984071574756,0.49119041957699316,-0.2557950023552644,-2.1461583284624286,1.7849339143323717,0.0907054330645165,0.09967960868126458,1.6449058194152997,0.4109265782996072,-0.011393857883681413,0.04522784233042643,0.3598210679456031,-3.160870780224035,2.7000196174437203,2.138472939296489
423,2.8107044889747184,2.2144334648311834,1.6191463160562245,2.4956413576132497,2.3703269186199547,-4.298336889723891,-2.699941228679468,-2.589905970044513,1.241894582459257,1.3126361015463588,1.2614850069715353,-1.1155636724208824,2.5007437452111287,-2.1403363758599996,-5.270770555657495,-0.9773790230272441,-0.2519946630197083,0.6087913191929939,-0.14680432380742747,0.9561531909315155,0.03232804276477719,-1.5393551000938626,0.316400574849232,-1.4961608556623824,2.0417928229715194,1.665689369982979,2.807848991814694,-4.548324974286142,-1.788952179529601,-0.7846362762241137,2.4813767565426255,0.4038063596557171,0.005711670911916933,-1.2193938391881387,1.6602928425274253,2.15859820295486,-5.001158866096136,-1.6620207264482953,0.5140029169187255,-0.7460770092483333,1.2850991195288066,1.503316799458295,0.25919793602867003,-0.6571375133112047,0.3099292027769547,1.2283171282963274,-0.18512472421368198,-1.9307614421449566,1.1619455365991058,1.8225254416967256
424,1.2660606760083692,1.6191225643999512,-0.8483385895222737,1.4296875937079476,2.9787725851624582,-0.4703611628024067,-3.239810412191872,0.6094509802283792,-0.8911184341365121,-1.6912943837094936,-1.0220997106154819,-0.0797533664842538,1.7323202273997378,1.9210238085523712,1.5412856281851717,-1.2114699949124255,-2.0890690300463666,2.059443911998062,-0.44015987959858016,1.5203836369564603,0.20941819033223563,0.8164364531118871,1.3228259243283138,2.077014031404966,-0.07671773858052777,-1.8320140140542094,1.3015659476275268,-2.4146318208229873,1.485210661459027,1.0586435998390296,0.8857604824210652,2.091933475303934,0.6587251057917669,-2.0277334200064585,-3.0261115503126765,0.9129831112747042,-0.576816457865168,-0.31953979660221776,-0.005716726059014299,2.7180838000903504,-0.8712208447800416,-0.3842866321428282,0.7144179748400248,0.005983684514192511,-3.4410092061628745,-1.3847007216157383,-0.9120872387277243,-3.108384223409013,0.7424582983350883,-1.3145669981118457
425,2.26892069876848,2.8850862731212215,2.8029059752184238,2.5269695922795443,3.0897563506143837,1.5223253406851405,2.359319334976624,1.400427721298513,0.707075625745822,-7.817041413912618,2.29581150168745,-1.898631328483897,-8.282806221531962,0.9402555602440463,-0.03143117129923745,-0.9606253507066613,-0.356948603591281,0.07324121987941723,-0.15802800353406,-5.088433032608412,-1.924945799950721,-0.2987329113980488,-1.5129762806125182,0.0590492742828026,-0.3444747856521717,-1.0034422805605931,-0.03613170633547291,0.6878535191252881,-0.41551655821444466,-3.3512436277813045,1.1480283532797877,-1.2743117770599346,2.886861115730345,-1.227049143758502,2.155478386610688,-3.121994284887325,1.0665198521698445,0.4694137787960839,2.255604808307368,-1.2726259540520504,0.9522272793514786,-3.0760961732990832,1.0424840605854504,0.5817317121020746,1.7717011854171623,2.547576229918647,1.079556075815007,-0.7892349253976949,1.066660834259447,1.5998796743575143
426,1.924059133963158,1.5110997627971035,0.9394125955362016,1.9798556648457248,-0.0959367965177691,-3.9573014233467703,-0.17647680587882064,0.13553993232545292,-2.4396106581986334,2.5012324532834365,0.6391193425590265,-2.6052975507452105,-1.1352563505416784,-0.4985887881274307,0.9047431079049382,1.8041732592293807,-0.8046372435647795,-0.14461940407285212,0.3565929031390267,-1.1529734519469228,0.15613868476617476,2.2864081758959185,-1.600212772295099,1.9639714118298337,0.34095317477387255,-0.37685623665740486,-5.155750833514485,-0.3752388486080367,-0.3905089002223061,-0.1519653066474591,-1.097634069078146,-0.8884532823289808,-1.6022385890656112,0.5122224437053262,-1.1959482559681485,0.4612974792520985,0.7946720143649406,1.4165734483757206,-0.3558249812291505,0.604568002117718,-0.3329570788074294,2.558495399505507,1.4442983376752854,2.1292161893487616,-0.20671375939943815,0.5290318587395921,2.332685794496433,-2.71865062101113,1.5394877344227278,-2.3061962970796257
427,1.9207332247858449,-1.727548231360779,0.31934968084318704,0.35552676476598943,-4.434124153315087,-0.9517075012290217,0.2860945652003819,0.6535525005589582,2.78681356424782,1.8177740472783275,0.9288713457785982,1.8896021935997522,-0.9040901021174781,-0.9422900195259007,1.7800559216004967,0.0325095154600028,1.2835749455222456,1.0964174432865463,0.953255995654926,0.5023211131086525,0.5695233591291613,-2.192027864470929,0.9853033017315345,1.648944076277509,2.17899741354868,0.41077258398191585,-3.948810583534466,-1.044037618675456,1.7242236541925617,-0.45439088516642556,0.3813070454817309,-3.6111184499187248,-2.0800682006075046,-2.339359972960243,-0.2688190443782208,-2.0360686838863176,1.2505521785615499,1.435014894024489,0.2894904177175306,-1.3583894885427812,2.4670282410749445,-0.9492287674340112,-3.671177580391407,0.625685042032134,1.2920684390779318,-0.36309093638239176,-1.13046180096637,0.6114803694343589,1.3579144756331876,0.5720515712725165
428,2.2129240729782276,0.4050919268401101,2.8235218501058394,0.481233832830954,-0.9224208138624652,-1.6908582575389062,0.45047625943305025,0.46852955747237957,-1.5388972533037784,1.054562639546341,-1.2255981082879286,-1.9588814405136423,1.0805082095683538,-3.7065446230694405,3.24705727538542,0.27635955851765104,-1.7815980547139905,1.8309729408501307,-1.0070587499608044,1.7189446004556905,-5.068526516258975,-0.5372889710208266,2.432123199241404,-0.14392721911641093,1.8012003613484984,-2.458049218743321,-1.8334362924497016,-0.18416646175922846,-2.564591935019008,0.02401941070713498,0.7813594628402054,-2.080460552277156,-1.6073245382936046,2.696258908939648,1.0205333499955556,0.646386197057196,0.8462082201879042,0.27941585152453374,0.18825399623000294,-2.2844296794936945,-2.948141968803977,3.502317697496127,1.1261781453324842,-0.8519021255842549,0.8400549186884456,2.1126057078257094,1.7696031178626592,0.009514344856461854,-0.24612493735275898,0.514012103305749
429,1.1836611432477833,2.6177858015206574,1.5071472177981682,1.4303575754882258,0.5927480335442912,0.11009119718821214,0.6398732336602064,-1.25995172581358,0.31124366148600036,0.5051348197355461,0.8756797728490735,0.38797455178756834,0.6863053116332773,0.08220079970657235,-0.33211448708718816,0.48512112331207113,-0.5205477727614065,-1.3089347686505377,1.929225979191175,1.4261964154660625,-1.7365209674325008,0.6679215019656484,2.211910786953969,0.27409506862693256,1.0742181609263945,1.7830181617360412,-2.1922116927553814,-5.483632244908889,0.8248966421546018,0.8547566854742219,-0.862672408197513,1.0662621670322046,-4.693561943856198,1.4959629659147957,0.9965402040566014,1.9810207583890054,-0.2782524175626726,-0.07263356401567833,1.3174790014726412,-5.583962697897694,1.8584458889404005,-1.100959298583807,-6.520426314301555,-0.7307349708165498,-0.6349827894839812,1.4168715571965844,-0.3637040114260879,0.3502604774932436,-0.9210272032560756,1.6524246128590527
430,-0.40410185855064906,1.5987607065175014,2.4558967739550845,0.927913899453304,-0.3536304741721841,2.2575249898477905,2.2935508977779397,0.6188321309494773,-6.017971287763486,1.4882173641753362,2.781734369711921,-0.9595925657157363,0.17525089518163828,1.738057991561405,-2.8540265787685994,-1.4994460728686736,-2.750732201844091,0.7891232689814531,2.0978801749162996,-1.648366904540345,-0.6390358909480787,1.084594693205446,0.6605013895760274,0.952721483458066,1.0877994164956775,-2.8448852935527444,0.7890634238393082,0.6846230886002989,2.972285517297193,0.7653350646363499,-2.5519188749987585,2.0857161289808546,0.2819114293637597,-5.23244753356492,0.031146985113653436,0.6699039917111111,-2.711137682115134,-0.03915091355939815,0.6417424377470802,1.2666940034988068,-4.6396454627080255,0.8260809634358273,1.555154879370762,0.1645844240054224,-4.919803648674857,-0.00085101090705475,2.1313636295706173,0.11215518553813197,0.8821615909964837,1.1984610657827255
431,-0.4833701501131564,2.5284147861167128,2.793358277403123,1.705890277223757,3.571498875541921,-0.3101257270097504,2.196948070589722,1.5266557890921835,-1.3776009429391873,2.679173564549551,-0.8629793017611664,1.6420169080431446,-3.226459567394439,1.9292065336949946,1.171993465970604,-5.476459869088867,1.6001011871990167,0.9107622879183648,1.2537517560044034,-0.21053176237936455,-0.9739258111836389,1.3482401645066115,-3.764724209274009,1.7109114628491957,1.050527476834703,-1.277604196353395,-4.034640869403905,-4.004096394004934,2.3686473955944,-0.16048043212076468,0.6347236612264782,0.8918508979850017,-1.5002791890451483,-1.6019719686204077,2.379426830640271,-8.427468292663962,0.3749966182383133,2.6325028273888345,0.7537417128029533,2.206588909920555,1.5712105899386364,0.7786038895540139,0.18676321233687965,0.9814500075853481,2.048373983455696,0.35716803471074243,-7.540580566591995,0.6627794630865695,0.9783352243730592,-4.19331489242767
432,-7.157979446168952,0.7972023929940812,1.0038521861344902,1.8159942248963485,-1.5301551550741248,1.5992202145856163,1.83662169181118,2.250908793594054,1.0782086250405056,-1.0829340944414874,-0.6362972846500181,0.5508718566613613,-0.11532680315878441,-2.3117264025775883,-2.9400818267562983,0.34918677519395214,-0.5227750764812367,-1.0200817547948375,-0.7923982016011539,0.4407447985926032,1.809512612470014,-0.7663987530404741,0.23150852472318917,2.7662093166505244,-1.4124807735138525,-0.7703929777203546,2.5228636981000596,-2.3302407700024785,1.3480308404298338,-2.7166950143666186,3.0558276623260965,2.117969602335816,0.7222529889256863,1.9768175790669869,0.6404832898612671,0.46962869395231177,-4.504562322564251,-1.9996600356917789,-1.4417245395516147,-0.5482517956775368,1.0650548946726799,0.056410218923582,-0.07361620117417189,2.34180708147067,-0.005456692856675716,2.758210274809458,-5.913583168697986,0.928593507058677,2.2297680138715528,1.8290587314097344
433,2.236389451883823,-0.14055148225587555,-0.20517435988349497,-0.11269735216030163,1.3666523076610901,-1.0607314396226073,-0.3393065618698472,0.4885148081809074,2.631196473626517,3.037470480724605,2.8688065457807896,-1.5083206828426707,-0.161801618441074,1.8606670572093118,0.8663560551122265,1.02445089063802,-2.267150953727734,1.1574840031268732,2.0564561444842795,-1.2275678331156987,-0.08001667739682716,-1.6904302324086853,3.2384621424247,0.7818140758505994,-1.824686493967648,1.1974710888530513,0.6132738000514415,1.972527841496103,-6.334074900558184,0.20080931021767245,-0.18013098153339335,0.6058355707118546,-0.7492867546866764,-3.8253647070654413,-8.518314784219214,1.5982916201611177,-1.971760929490884,-6.035820099256631,2.387855096552189,1.883884392521853,1.1612456842901908,0.395729575939197,-0.8720700433427933,2.0452541599888514,-2.661326764749277,2.0841950003023624,-0.8068972867305737,0.4586796635224486,0.010316444563602367,2.343393253449805
434,1.3832096738126474,2.1375558318559027,0.8279296712894251,1.823315310686222,2.014140356534529,0.7817233904435357,0.024644935704348114,-4.423730867318564,1.1554275554912095,0.6157841649038511,-4.432531779816862,-1.0941467274490506,-1.2430597190244654,1.3444557133224158,1.4617489702747428,1.3658962915811235,1.8570664896376448,0.653552223705189,2.0885036252814637,-0.4322173464165644,0.8165518203048068,0.872849858592482,1.571294878384327,1.6078180282659194,-2.8461601646091497,1.0496324742484817,-5.210962599720424,-0.10008991700053294,-6.235923928318345,-0.3890063276515132,1.1329486172114542,0.2961530144443314,0.24094610100503466,-6.216037126797562,-7.172329482789764,2.0980972593032563,0.9286813976203581,-1.9197710941218125,1.7029961257311337,0.6788323449281028,1.2237104203114342,0.37056536169853516,0.5061360514325903,1.1222541225944611,-0.030718685842365367,0.08825763646046347,2.574537804336095,-0.32011465204299405,1.8829839854721824,1.7665989120503132
435,-1.8066329161345216,-0.962288732144974,-6.900854789631018,2.6800525428940287,-5.362153544293126,0.08191721207958746,-0.8386692412466443,2.1261158794652966,-2.0337003435194942,-2.403957692709467,0.4154099138691665,-0.14337076199949905,-0.13003065878110398,2.9108008729209582,-0.19278783726266369,-0.10310860558228185,1.694477512600546,1.2138031526715127,1.9597770695785282,2.238290447123522,1.2593075200657622,0.3915334161949886,0.12246534141664167,1.3439755765161547,0.37657528678371666,-0.49228566502370796,2.237686535368194,-2.40059981645853,2.2639088621187047,0.7104136240716095,0.7094849944449804,-2.0268114937089186,2.06690399642733,-1.5000702679728999,0.7944992305819234,-1.6682579155850998,-0.4314097149802718,-3.8198774308059678,1.6153564996630645,1.3686865532432644,1.58641185047823,-0.9931911027492992,0.41064689232362017,-1.489953370238072,-0.07875168092715956,0.0470446772077171,1.515239267541895,-0.2988064509966817,0.4071341414245184,1.5296511636759904
436,-0.869706706323722,2.4545902674229967,2.062087421557548,2.1263459896573518,2.1763724648047513,-0.9620658433262719,0.7511882684931415,0.485995228588874,-0.2127591771385351,1.739554827733127,-1.6065209265654854,-3.181430423145371,-2.539093907440482,-1.8679058021597879,1.3613420681465822,2.4754062910728325,1.02753949331718,1.4041453396445642,-2.481340358162184,-1.6296534217979124,0.6760171856831789,0.06879492669363074,1.6046870416539782,-1.2409059590479181,-1.3327759487174164,-7.115329050112725,-0.952825446970925,1.1020175738994609,1.9631840041872266,1.3470391292975603,1.514734258382898,-0.2981968981233232,-2.7281399376432267,-0.1773588979069336,-0.5324409848848477,-1.0055141207982592,1.3715495380877791,1.7087660250952736,0.524896399414458,-0.6833447083709308,2.5213915448402644,-1.8315212449442448,2.7391557924412853,2.545924799015632,-0.7959321971706439,-0.5439865031223423,-1.5432797294604867,-0.6804874129251646,0.9421389438281391,-1.8823492167005833
437,2.636059695173132,0.39661626315877996,2.002780716128176,-0.43936822913945583,-2.848318594048332,-0.0017348726820411997,-8.08823218680811,0.07631553348515574,-1.29398909346199,-0.638487757741288,-7.078431345872313,-3.173982321303945,1.1610857866995437,2.3382883168055986,1.3897518454167157,-2.772363022030423,-1.4899364658665233,-2.0486273999529914,0.559561369859721,0.4817483854369753,-2.064821132347941,1.1554014524598912,0.442974002176574,0.8606299811997502,2.0855879591929267,2.204216791137,3.6823469337045793,2.095768509552772,-1.3741394293246723,0.5516242229225536,-0.05731843340217502,0.12383765995158491,-2.7593378317466266,1.701896352250873,1.2015493341706893,0.4095630935135892,1.2673827470186145,0.708703888470045,-1.5171557751194795,0.21642163958206062,-0.39596899502127947,-1.8572157555092135,2.8920103009237397,2.190634784824841,0.17066793448213158,-1.804503325819872,2.6233727408994048,1.365617969983993,-0.7734987553380703,3.4850145119553844
438,1.5216439557879915,2.1774433912257236,2.32728515158168,1.4779189337368046,1.7728162762513278,2.0626842821862024,-4.747643023572617,-0.21211861999320814,-0.44641102005793076,0.3545901949791608,1.464017526584513,-1.9039064685874765,1.3984948049826795,-1.740645981133916,-0.38551226607085454,2.059984966607508,0.4281549099725144,-3.0270391750106347,0.7703235016291243,1.0326241123982833,0.055360479764694936,1.931932425840662,0.23643127771168349,0.7623183887081808,0.8468533320088154,0.36508942976177217,1.2818456225083659,0.7396872897631335,-0.17207575513842777,-2.453915832322884,-3.875476408793703,-1.671311239756636,-2.6733763319262662,1.9945241064985542,1.0211985624515045,0.8811229376292307,1.6449437295023746,-1.324527875640407,1.1926828514693248,-2.117066317003779,0.28939538737787274,1.4760167910233681,-0.14692522658691143,1.4645353403356842,-6.67448621173446,-5.444558290781395,2.217605776014487,1.4302244604663454,0.08965682957457144,0.2475890177773712
439,0.7026652683079719,2.15109497957418,0.7122194380096518,0.883629938498733,1.5120841013540165,-0.6961947123431518,-2.306827982906743,1.932055707545365,2.6657891310147916,0.9393608894390573,2.209235844272783,0.5986316979133424,-1.3094972013429889,-2.0208482766370954,-3.9144825030673447,2.113410195857852,-4.506517968731322,2.078810784917746,-3.6497048015713096,0.7952814734826941,1.4127063715424484,2.6137213619751902,2.454307307658302,-0.18171357842415858,2.5263990925890885,-0.9196138950323016,0.6468090843494618,-0.601009285248371,-7.243377943751004,1.0963859421353312,-2.7905168735351014,-0.14711962447738536,-1.8567492290107772,-0.25777641417330965,-2.6734497185133437,2.3972058452742058,3.1071067646555885,1.25594022381701,3.463587741729158,1.6726854787913465,-0.258262503715291,-2.8736214949180097,0.8834595332529327,1.0430322686082345,-4.981671187587856,1.894090726418518,-1.0953522778014229,0.5904220036206915,0.767345672591091,-2.8351673964085427
440,-0.5187756253767155,1.7969526776207436,1.7494466112031941,0.7482446128884641,-1.6393244340266007,2.746167275644607,-4.027903310084581,3.6727240773243506,0.2717654460390371,-4.3638390989652835,-0.023375981593774853,1.5537161405194717,1.25840337288225,1.061920202818742,0.08645702399270494,0.8390011772123742,-0.29484438849772854,0.4489800774143786,-3.488030111643483,-7.0107392936139545,2.6229764945496545,-2.9148009841289424,1.8508699597749905,0.902474376076233,1.1999598511031744,3.516494592542325,1.2428579012817451,2.3159218848205954,1.1553942080008737,-7.93796330316862,-0.5546740087477922,-1.3078938035604688,-3.024049839401724,0.4455134002300749,1.0467363280863253,1.967641109283528,1.6360399794515184,1.0404394416520644,-5.7180099700202325,1.0934623161802293,-0.5847624308208319,1.3392224983638776,-0.2864364831731798,1.6710233587422318,1.0351213354675348,-0.7276804837358721,2.407239968151781,-0.9985674963658138,-0.15993429396972747,0.858437641576292
441,1.3354047358464247,1.120856824029972,1.3950014611091741,1.9020346591595487,0.4152525379066594,0.780285307320407,-3.231979255590103,-1.9004407243394619,0.3578517904436822,-0.35363982882025446,-1.504533987953752,-0.05213489930293136,-1.9861047939034684,-0.2623715494286296,-0.2221307054205015,1.2801101234227281,0.16318084178091663,0.915811982796702,0.8236436882702076,1.2083299677987576,-0.47261989121953984,1.43414367489838,1.5188513835863704,-0.8235705702282585,-0.5483398604521801,1.2288176110764057,-1.8379484759753897,-1.6540404263048876,0.755314438865224,-0.07531929620201794,0.7593381533768269,0.9322321720823501,0.5007141867813338,-4.271283633642503,2.1816974998733323,-1.8545070265919907,-7.5991091373993,1.309609279160692,1.7048180344522548,-1.6247532721964557,1.0833681411089566,-1.2997464022672514,0.9345195083947555,-0.7615019743934637,1.8603019917203167,1.4320022915635597,1.4132726571565115,0.8373448510626278,0.625215156342553,0.1267507602447413
442,0.4707405421718516,2.3679564547704626,1.6368158030605233,0.6850754597874351,-2.2751521019596783,0.41314025819050926,-1.483991424022551,0.5733639463974409,2.866915348412851,2.5196193187496876,-4.324685888131787,0.39834884107514856,0.41311786628753655,-4.036199523145607,2.2876614057637705,-0.8084365689931055,0.44750786746457827,-1.8535839541805448,1.5408944011557097,1.2525601464344218,-1.5048718408990354,-2.8217812875631845,1.6027473567590782,-1.8089700571130187,-4.873922071334192,-2.236609797173128,0.5283766214203771,0.26020070809534257,-2.986746034742424,2.1811468621580126,1.360775181157941,3.0336619103145175,0.8310292042634826,0.5597393419321337,-0.6975188212907382,0.3194442039253973,0.3750144170049179,-2.6351539008385565,0.03510773530143663,2.3537769069468006,-0.344067171065352,2.1010554121028764,1.1939714190871769,1.0638634510231304,0.7355005101327947,0.8974667065687001,1.8622842709045364,-3.786562747627663,-0.1482329471866599,-0.54239374155327
443,-0.2825371184192278,1.1171828535497346,0.6507496576521845,-6.090548998427029,-1.276711670992376,0.8922507204511092,0.8753174564807971,-3.2638383743059185,0.833456124026962,1.2046783380528328,1.4877373245523766,2.0483668501083274,1.7522035311195427,0.3936550273132804,-0.8544620310266184,1.5213857547723735,0.5150596500278777,-4.900090643571969,-4.016378142262169,1.4242605718460966,-0.3545289193595158,0.8611039072538862,1.6866291457288605,-2.729685787179365,2.0381254691979858,2.378972206729681,0.6224385618026504,2.758810218318519,-0.45441904479096085,-0.3400553826316113,0.06362422541364499,-1.3778509288595036,1.5118460605010187,-2.658998652951432,-2.122928734321966,0.6681507454956197,2.267940987150746,0.6586087187327694,2.422204319791123,-1.010908474532994,2.136384898617384,0.897758189926364,-1.452218515185879,-0.746911337516595,1.4163284992315206,-2.75998680398848,1.3146583715788576,-1.5322694163913164,-0.5940098796087607,0.39945047089960983
444,1.8701861452432649,-4.232995868089477,0.4682899621784582,1.8671218102577405,-1.8458251198043447,1.4054545462563066,0.9796187919383526,1.603077472092433,0.6390095627799619,-6.336549837314019,1.243365005430046,0.011037054045434758,1.7812791046859857,1.241695228400245,1.6623137131593544,1.0764793920379825,-7.367267172800213,-2.2861393720302665,-2.4539059163466916,2.547605922249586,2.021164386226203,0.78137508457087,-0.21418331543218017,2.3050470287868094,-0.22440434098510398,1.280725064817939,-2.040069595207024,-0.2095542448594765,-1.7575086346688833,1.2585328260634951,0.5920316474258529,2.453517557993811,-1.0098431207233487,1.0757020304406968,0.9795062762190376,0.5391972074050111,-3.097895636987534,-4.119008770728804,-3.412025981816104,-0.9647360841993731,0.9623688949801554,2.0046140478685333,-2.389232882778919,-0.03297432904709652,1.672506322041459,2.294641347305287,2.613044890147086,-0.10443537263862002,0.5812965214172436,2.2867507519928543
445,0.44041958102906165,0.6808196198242582,-1.028552241695781,-0.3493178427713648,3.544078050404214,2.0997843931257414,1.7688108721153863,-1.5622202758009704,0.7261467223760629,-0.006643769218019457,-0.9406048208050581,2.1355200547715008,-4.808735542087578,0.6978083954981855,0.393847005256041,0.416759326553402,-1.6506733549080659,0.14281223418919442,-0.007348513466957307,-2.544385523342233,2.060966046064594,1.4654568369101186,1.2132441240530478,-2.26293235672805,0.9469110926425142,1.27897321836705,-1.1011279222417194,-1.0746310755265744,1.287979355921701,0.45733858193684096,-1.4426578105926255,-0.2263914619024181,1.4619177879800307,1.4974292392826118,0.34026647289463696,-0.6346103639224969,1.1009255631003079,-0.46240285864971753,-0.3187845491105934,-0.42882257874403606,1.9188581328211312,-1.2737113632245567,2.439465289634898,1.843680245157811,-1.8455712949545058,-0.34920426999720977,-4.069770271372241,-0.7910637193559173,-3.808428949789181,0.6283744882975464
446,2.344583667852813,1.9688664905695519,1.1682853730400442,0.38178163764385165,1.322710016507572,-0.4802769108537879,1.7066528171480382,1.4260888325855947,-1.7628171585301988,2.0639842191287534,-0.1267258819226642,0.3970630592257738,1.9853138355534825,2.650740374574063,-0.1014571299883098,-2.3246299088736375,-1.7120022718165426,-0.22828259887407487,1.6891920895152435,0.9247604670128355,-3.0322014324760547,-0.7284441866324771,1.7313664491528402,0.8020785171799076,0.4627271727391946,0.7523340801957694,-1.713046630991764,1.2666019656768186,2.518360915323518,-0.09469561442272934,2.530435545910341,0.43412069225925976,-3.62200020736537,1.6732178587528908,-1.9734961172527212,1.806092297891058,-1.7939385677099526,0.6944244373193298,0.8642712943015844,-2.3243659964000907,-4.308200524134709,-1.3461703877483284,-6.348103728021978,-0.0012402486792666423,0.7738958969763292,0.582648063210816,-2.484525893825003,0.1353177940826331,-0.7258665597474812,0.17457209493715986
447,-2.2621348800788956,-0.09988381849392702,-0.29817567393588984,3.0953643637124872,-1.5909748802650014,0.7017982312790965,0.36379901267069137,1.373296728414911,0.3982820473273634,-2.7767642500439527,1.7165378200769799,-3.3126832440507776,-3.6275814022414625,1.7909013843040227,-0.45960751915822406,1.8836284529604495,1.689368111121794,2.265070988340937,2.183716806405932,1.401644316905195,-0.7808047560077016,0.8127010659651983,-0.25228174585649743,-2.152908407453804,-0.79773916374383,-1.983570698611759,-4.4120898733037475,1.178799302295836,-0.5484102578261689,2.469112959633574,-0.03771348373552463,-0.6150666171048202,1.2754233774292452,2.132883907934206,1.1243754503040595,0.7050574534288065,1.7754768576672184,-3.2616053938421015,-0.22602797460791013,-4.485113211520471,-5.679295243060167,2.309663230130388,-0.5257775590134024,-1.5337038180928353,0.4055837755060647,3.1328510121204167,0.3699395926861504,2.3904430002155603,1.2196283470397922,1.5545662761725798
448,-2.7480572926704747,-3.5219499168282704,1.3928582396468365,-0.21466048081902311,-0.23069621330439194,2.2897060353019043,1.0862470498356345,0.42650897473875915,1.4148478836262548,-2.469830888661291,-0.6209129909864215,2.58237559650704,-4.965643572376323,2.0592704697721693,-2.1176559933104953,1.7661161793970277,-0.31926642727469456,-2.396798402033765,2.174432789591682,2.252655263061597,2.3979476841975402,1.8297677851606298,-1.1016726781813375,-1.2193743388595477,-0.22104626435580776,-2.344272137027459,2.1221367077457822,-0.6240835867661767,-0.42743365980808523,-6.092310482406263,3.025425387131491,-4.991899369889192,1.0236630518531733,2.0214139487038634,1.1291641817611318,0.7549166029374508,2.7693352408133722,-0.4016076511223252,-1.205334211513569,-1.5764038428910592,-3.9490483000716177,1.437618867560991,2.6698562439932165,1.9069900668171038,-1.1382236582356535,2.0197239623453513,0.7723346263409487,0.9422900755820081,0.4145378159102062,0.21604162906007662
449,-3.2981381759275967,1.7541292024311157,0.5601366745070626,-0.02598367962378756,-1.5485063178584273,1.1002435260838137,0.2532467661679334,-1.8553910182753643,0.3268788902304207,-2.0717522295240176,-0.466752568585723,2.0782637583203245,-0.42126381819397274,-2.403613593514942,1.320467862460922,1.8653900241271435,0.22799746976202329,0.8087991447436202,-0.17944173947087272,2.8058079913479466,1.2215560896453237,-4.135210197831715,0.15702426029847594,-3.0067290040672914,1.1231516789298577,0.8518220046490033,0.4753453895595001,-3.2540208054333304,1.7958298473234868,1.2464591367632947,0.9456192543384487,-2.516063769607751,2.2212235616622364,1.2965470261111927,1.1909206008749567,0.6412858631259377,1.4117786540242663,0.7652334923943132,1.9229433772644358,-3.235918959092351,2.8722179299654087,1.7051842204893757,2.6744705633044528,-5.886982187214406,-2.890658880917873,1.5340658771730555,-1.5717707381699624,0.2696611945037297,0.7464063462591319,-1.4019099955328063
450,0.17596861993840562,0.8296257575209784,-5.773792527139614,-2.709489399838807,0.057161365295737454,1.1035456837517819,-4.035571738452498,1.8549225078605969,1.2595486338608346,1.1348392476718283,1.387357216148573,-0.6348938542081317,-2.534923353570017,3.74544324818629,1.2181512558892003,1.3417658383998408,-0.9606635174044476,2.7208286921417417,1.2493018313735966,1.4621507340119515,2.4264312511069575,-0.4702082276542727,1.3468655538726724,3.0033066788630505,0.2570973594703734,1.247872601171225,2.4355624489940713,1.3550026544215923,0.9450030532210496,2.5344485839779725,-0.12922810789431782,-0.10359937765534522,-4.401780308913082,1.8710951071618385,-1.483528849013168,0.23007603746507233,2.5656302928820516,0.6547482767982693,-1.8518355569277327,-8.421127264544774,-0.5907441937098614,-3.762263143092314,-6.155895615203464,-0.7801960798598717,2.1203243465013073,-0.03971517381918499,-0.6106432458659228,1.4367892332168304,-0.6893641410279665,2.1685995646190492
451,1.8537947258109253,0.9468776316664504,1.990002938039896,1.939254826432609,1.8586994199426505,1.1296367163767558,-0.4623661744942158,-3.142609170320055,1.0145818935701332,-4.438556027348609,-0.9740387091069129,1.5163196936954706,-0.14681855984340686,-1.6188324733257353,2.03910072005645,0.37147355144466854,-1.0272536469746818,1.2727029396682807,0.8861154019205948,0.6172166426693826,0.9902212914894504,-1.8628905011334362,1.9624881701002175,0.37402826629712216,-0.16921974421428043,1.562009537401157,-0.4767259994713715,1.3157361016712272,-0.18822281491547255,-1.4087951586149172,-0.667684079490237,1.7647889682043334,-3.53300430958757,1.4886050604545837,-1.9619926235223852,2.1365966194214154,2.1144390518057365,-2.6081438999411235,0.2609992133715746,1.3246331683477237,-2.2870453419167776,-1.6681009242934524,-8.198490703373379,-4.316825503909506,2.192267286784932,1.0903533923730833,0.8389427080058534,-0.8476134616305888,2.521940341445134,2.6314035489603254
452,2.6066168220663966,-0.5463294956866482,0.9589443305562426,-2.085378544670262,-0.19312244955086122,2.169329170401938,-1.1296796286177875,2.5516797087035363,-1.4142809811911947,1.2358768597158458,2.0502040388790452,0.6827148730904957,2.4778531114283164,1.9812840707118795,-0.03958650915985107,-1.9531067008762681,-0.8629464163466842,1.014070529613182,-0.5002020717495093,-1.7728099531667514,0.22243241496235377,-3.217176080265048,0.019526009292880175,1.2507165557038271,-0.8036069770099656,-3.2004127969685907,-2.61273050130647,2.461845480799879,1.3273693925772814,2.3550804407845085,-2.1634847179443044,1.2696990129796264,2.0238259728853585,2.1799493937098653,-0.9508943569122215,1.2675584609853225,-3.940093576647726,-2.07830952790982,-0.5738724589377915,2.3523030307935655,-1.6092168622684229,2.363403978192227,0.033899490684948574,-3.3342421435605214,-0.8650265206066203,0.5649761920070819,2.1409484658561486,0.6225304579211324,-2.8864763147445025,-1.451652679205158
453,-0.9883641142776245,-0.877235311626535,-5.1949937749753925,1.5502791593438214,2.1016685057377082,2.421254975326371,0.02477731307487918,0.5167796578230579,1.5623352727440247,2.8060823492713673,-0.9446529265019192,2.1015787663055714,-1.1889563887021293,0.3942615627173467,1.3328213870662982,-1.3140461794206884,1.3676069726567137,-3.6651708085610384,1.422903873844528,-3.3203100071775093,-1.6072752080821102,-0.7144668207741871,1.5671556610001351,2.011324188844228,-3.8278909597745248,-0.28951648963156895,0.902412842907669,1.2935780525210814,0.5690754376058873,0.27053653857135096,2.987427754954924,1.776579403687494,-8.534608700934124,2.423895870028754,0.15604624672079392,-0.5635077338581134,1.9226009311844687,2.3115603873886728,0.6540666026470996,1.2042816584766056,1.5114267903367122,-4.564081160317219,-3.8642967760175857,1.9413132804733748,-1.0662361552979167,-0.79001118783669,0.1724951917487525,1.164883950590328,-2.0886463343615906,2.961256452528453
454,3.336693021727225,-5.41565604151123,-2.3930617267530723,-0.04253573011767031,2.494305891252753,0.6349636205574551,1.887583469677622,1.4526680461943409,1.9380534442943587,-6.915102848984677,-2.676967471211235,-3.3093451373142706,2.065601563857078,-2.1598578143706666,-2.2012307464882666,-0.05771892309567761,1.443866558844956,-0.6327777865269999,-0.041773184831432886,-0.3230691149413021,3.672426043906932,-1.6914829149666426,1.1986389399609765,-6.3543955729080235,1.6449438550392377,1.0894471513097974,1.035926369325181,1.7205557058791365,-1.2109131087632852,-0.1385452663158997,-4.405627006102851,2.5507290897259387,-0.8661536676392165,0.31415503066969386,2.507780753520928,0.5801006737519634,1.8450587323367569,0.12173312544409587,-2.9074153356607866,2.065972449923458,2.454751033085213,-0.1434350161753386,-1.175609856793976,0.8957484588735785,1.6215249945560952,2.519668627816756,2.086167033207195,-0.007645971169913501,-0.8959090356036059,0.7871655935072761
455,-2.9577549226517963,2.362994003741846,-0.3749978310508597,3.075556985479232,-1.719116080057134,1.779281549290456,-4.202754109899004,0.6749187785932387,-0.22687350228473857,0.15898881117787944,3.01513460065965,1.7522597751278237,1.4967081613801314,-2.3522842750758874,2.106166664488221,0.3272949549176314,-1.8308707755876386,1.9483699881862684,1.5586142421048996,-1.2069926638524677,-1.787603019931054,-8.02172002793087,-1.2158452698806528,2.7485604395935255,1.0823925027832324,-2.4720420530923546,2.1030258065109333,1.4688112329384375,0.38763216499180153,-2.6560982858397937,2.099521217772399,-1.0115782425422557,1.8820986255072265,1.9622434241279003,-2.154597420181375,-1.9329388637851475,-5.528866770733041,-0.410113557700881,-0.16152950936789434,-1.1758817357757376,2.2696142592761293,-4.125288319201452,1.3897797463656514,0.17949891618945468,2.3330430945754896,0.9276077028080998,0.5432071576454511,1.497736399098085,2.755134609925316,1.6395514211656397
456,-3.664232092373438,0.07180575302080072,-0.9242787463744531,0.6310567561671583,-3.661959280971227,1.341260946189137,0.009249500776318698,2.917302921091083,-0.18262002730954396,-0.3759246297504113,1.0108190117896978,2.3746331819240694,-1.0787965461526898,0.6633612558054347,2.3257454759282923,1.310411497445266,-0.9319247028146842,3.0695823788719765,-5.702509826708947,2.2264546286884443,0.5420689342020673,-0.5732656406103374,1.195725647916627,-0.30457087115360437,1.642608105427224,-1.7219998328040589,0.4430630903386614,1.1305340498715122,2.0911040433695316,0.09082630232182254,0.6941562076794403,1.1466231288789652,-3.9882623817695757,1.8163815635628064,0.8704172610822161,-4.024089971429231,-2.697592819759838,-0.07122051068965973,2.922105266164616,1.7998765139656392,-0.13619268475643764,2.2540743709650912,-3.39350354254121,1.1182557897767413,-3.9617944306917705,-2.410110683471512,0.137049182983624,2.044551560004547,1.3189090524684195,-1.4051641565446884
457,1.9848842829142006,1.7016253952167064,1.181798336529623,2.0597381566979736,2.2137844688395036,0.8063516860599869,-1.2002419881693784,-0.9378991297604982,0.14035890056530143,-1.6430804856826473,-1.6493059355989912,-2.0837942827016924,0.23061671535824768,0.6300486129669789,0.25750906351521774,-4.059614525260073,-0.4973911717084283,-0.05762746604463498,-1.7647355123720523,1.6272094265008694,-0.6278792332788905,1.0898817711028532,-0.7610297300804234,-3.048985843032546,-1.010607510182961,2.350116251820217,1.3024318977050906,0.6635141985531741,-1.0856262959275087,1.9694997527593996,0.9096559260159589,-1.2744182508796067,1.2705982745821234,-1.4473746676250316,-3.6240667792249903,0.6344372606822981,0.1752839674462372,-0.6481841249993954,0.33108046286326864,-0.7373229857485848,-2.6791538752850457,0.6027119601342532,-2.914102256933206,1.7778806999696584,1.379556826693753,0.1368516324994058,1.9774076050212068,1.0502939491134908,0.3255534429764202,2.9717611253931566
458,0.18512075455926702,-1.0354743080382685,1.8933956700669667,0.22099564566266583,-0.6473648016754359,-2.167163617753096,1.6992595950469722,-4.924512115203037,2.3009874323300883,0.7918795189627792,2.3396614143680807,1.9823898234539867,-7.7310275628389205,-1.428171644851905,3.198312104912395,-1.7641885505876669,1.790927392673169,-1.592387634372379,0.9484616233675576,2.953745846619354,-1.4538786484946247,-4.002970841477594,-0.025762003637709086,0.07742883644087417,1.168383370181448,-1.9630539650612766,-1.5471856126113668,3.2083684894328988,-0.22301850756833197,-0.44243883364246805,0.20466104403848018,1.0000150034096063,-0.6799378342971067,0.2326497907522711,-1.6014043814599281,1.9266358330702453,0.7904855541912132,1.0661866265582702,-1.3937930718514853,1.1067217971225336,1.1937101129932168,1.0620671683408585,0.9370575150680978,0.5964142437171791,1.2091456931829496,1.355418968423677,-0.18304622727752218,-1.5122394144012121,-1.4732404806526214,0.35177318880694664
459,1.6461696641501402,-2.411300276163514,-6.614009686972389,-4.613496465836055,0.19818103221689132,-3.303986734195873,0.517544690618565,1.3152807230813162,-4.823355482606783,0.39547102743144524,1.341964803090852,1.3490722673185593,-2.004200223279037,1.9354422148497945,1.5763828693133535,-4.444852904304233,1.3159772501782734,-0.9251418787336769,-1.7557410871556014,-1.1527353862434353,1.622616254878658,1.4087620407695503,1.511237399757778,0.36255715929833165,2.810036955331149,1.6256695336777898,0.9996190263890359,-5.06096095977633,-0.7238425121067591,2.75709340504656,0.2557309402070951,-0.46689956327047355,1.812147058574395,0.9849897692340708,2.042855580975595,2.157522045782787,1.308069715570972,2.6495642828524852,1.723904843792599,1.2367115706694296,2.3044553715763794,-2.290290934002673,-4.671204614582092,-0.3888541424548624,1.6355699314938006,-0.8098118269945687,-0.7084408639521245,3.111363561655497,1.987881009183246,-0.7307184563359526
460,1.3044255931056274,0.035404933232509705,0.44422526448625277,-2.872465572100822,1.140934414508779,1.6154228736992384,2.6661112632093635,-0.07040069743798671,0.2616725159470876,-2.195641581532082,1.9603222812679726,1.5973900411791564,-0.4384162135946825,-1.4792852364876259,1.5731791276474554,0.7411389600083371,-0.9345391019311684,0.34122590253190044,-1.5887404654433768,-3.337467598372865,-1.5702341838925111,0.01561650902200551,0.23785152038375923,0.810028465198573,-2.4932694746698223,-0.3219970038497548,-0.1545803296464383,-1.716690223843564,0.22006789210806676,-5.933783756365814,0.8508523210179804,1.3113603793074313,0.06856219722982893,2.8880124621768113,1.6600304681749005,2.5580092746392773,0.25124640905944773,0.24547035395623062,0.04606709194093739,0.15716383127862077,-1.2215178149127572,0.5596156605516933,0.6529644949183506,-1.297617502340204,-0.8687952351298254,1.5219308315397608,0.6194748069333995,0.2494200638483708,-0.05278703640024229,-0.05696917615760899
461,0.704333725656741,1.6791358328428645,1.6673547865843226,1.7747387716984844,-1.135308155059212,0.45072797566337996,-0.2612818691365728,-1.9415124072438177,0.013000148633720343,2.0538917667814,-4.457976677350597,1.345652804832489,-1.294918226472598,-0.35020443236143617,1.4605021511096972,0.7109191823389711,1.501293114799703,2.000058728963143,1.4949874327682982,2.1178166171322377,1.4448663345768447,-1.771818648730469,-0.6365566870406223,0.5417736982581953,1.697274769040607,-0.9245790398124525,-3.115715329800363,0.3872968035638804,0.6868674359002425,-3.0077827164875295,0.6883779849765013,-2.1219051382261593,-0.3420547675026029,-4.937868702501481,1.6623300150140312,1.3658660468799315,0.6039568373983686,0.19815000311601771,2.280418327539322,-3.359570504162104,0.5874129363831377,2.7732801568278815,1.9199944089012657,1.7631291600574523,-8.753194956472933,-0.4812970363096305,-2.611367309471774,0.49206503146711356,2.294393057691265,1.1430465567448853
462,2.2541062228079696,2.4095288835190107,1.5381363451450323,0.5603727425486431,1.5983964497675935,1.225348712136435,-2.036398200464852,-0.2721359286534959,3.138846462836427,0.30223459982030665,1.4205128394907502,-2.3607404001397363,1.284631366492278,-1.6427031769934644,0.9762478586501357,0.5990754598334727,-0.18982785887903297,1.319014488783675,-6.299758460235908,0.9097956751542107,1.1582605005971547,-0.44531659274671487,-0.15113148415818145,-0.7584688027129047,-7.131107428353116,1.2343891956852775,-1.7978269171430794,-0.5709735592904357,0.32483811946788776,2.177604268899821,1.6950855258374506,0.2029630211190172,1.183704380149464,-1.1394452517586862,0.588148563391246,2.5528697664666185,1.5276269109530687,1.7883422184888174,-3.1472111529278495,-0.5059112501162639,0.7958330072407627,-2.0044817018716214,-0.6117778409772265,-1.543898202208517,0.7197973117972962,1.9603935194403541,-1.5937574685393505,-4.620420192044356,-0.2063710921378492,1.5835585458324442
463,1.4675809142751994,2.775429489565655,1.8308163889130502,-2.1114847109932313,0.29855909778810563,-0.08173260665478832,1.520032769726824,-0.45802040512420916,0.8488742891325751,0.035518378893536706,-1.380046101889131,0.42077476956370674,2.867215952602327,-0.7462755498966418,1.9253125165772609,-5.04094858709426,-0.07575951880520648,-1.3178749428200076,-3.505837267794737,1.4326296108436822,-0.3541428471667727,0.41790252395594596,1.2300033629255536,0.3895764919170288,0.37852285101019945,2.940417028109862,0.9757345453379669,-0.7334360841872822,-3.040446759432605,1.534077628029907,-1.9176225824166524,0.2726698905522795,1.3984081112620195,-1.7595503492277347,0.041951449364960425,-0.8239079835426448,-1.489108496989295,-0.06375120932609413,-4.250472944373541,2.026423734143625,1.95604557987757,1.9284292254045745,1.5904028482290329,-0.04860424895551052,1.2526711165580138,2.6527703685908874,-1.302304185179727,-0.5748096404910381,0.1442764060223487,-5.476890316812659
464,2.6895056683682355,2.229584224475097,1.6578585760842044,1.4330636837769957,1.7821165612689813,-3.085231656659473,1.8054100260320278,0.04002841032260118,1.2073175078980665,-0.8257839879462656,-1.6299054784055587,1.962062157410327,1.71322615429851,0.5655582605753402,1.7084142369394013,-0.9351866763609786,1.6000647189145245,0.2523579961672757,-1.507186684129203,2.2806516445091756,-0.08720082400657692,-1.953553795982513,-3.2863842006584525,1.6116332599941305,2.668893921427437,0.12110684673267524,-5.935539829362463,1.2697589394211315,-5.125234041861753,1.5930468441997259,1.7458813611283883,1.159964205464922,2.602933568214564,-0.9195193644765096,-0.14380245763299992,1.180792097690997,-1.4148145733326025,-5.7076682209793725,1.7755595305670444,2.305471223576003,-0.06137366061712424,-0.7807732586964491,-4.968494457289396,1.9403726262945376,-0.3008531086922046,-0.13902336146415273,0.23069974193784493,-2.795403158663344,0.8672338461375819,-2.397635042610383
465,1.1724596858287075,1.2310618125762827,2.8488979222774984,0.028811025645505417,1.3067980212795325,1.518523306491372,-4.839845709026365,-1.0811630820040774,-3.2482627122068415,0.9175355847081654,1.4381431451656255,1.1037634084505177,-0.17332749142044523,0.7310896255515322,0.9027901088265953,3.048669325345088e-05,1.865519677978123,-1.3428284038731677,-3.1776566204722894,0.12408623963440046,-5.181437541062461,2.5283891223876718,1.0632253922157155,1.093149703238979,1.5429563785356426,-0.9765221342412183,0.9729929870188561,1.1554684848258754,1.1418328608611947,1.071028374169877,-4.084636145633297,-4.359715925446531,0.9022499505756123,0.22227022232728988,1.914651331271763,-0.19340745853267016,-0.026715645036577307,0.1096597508760766,1.6496789974040058,0.9589284505051268,-2.843673203239206,-2.4995956436635876,1.1364511717555712,0.886490969621244,0.21161714934390474,2.056587832327318,-1.381325964539247,-0.47384385765248727,1.566740448378717,-1.4899220906971111
466,1.5155918406318931,1.8190845973633953,1.9544760770958503,0.10205437816052321,-0.8239580028750355,-2.273013336373162,1.150760138102167,1.2435231497224937,2.3783896419957964,-0.46351101198896405,-8.044346441566518,2.0273763853810642,1.4097941094560764,-0.39778124554446315,-0.08903089267877728,1.9720234197066233,1.2126844313296914,0.8962901997774528,1.7284106980609426,-2.2108738396089915,2.4124400710869467,-4.066764784626177,1.6821972121832132,3.0718842596695675,-0.0997452331555655,-0.6491050699235261,0.6050866163644049,1.86930676154943,1.0754340444119501,-1.2040864154360218,-0.6242369953009064,-0.7632296196802768,-6.980709038433802,-3.6763163090582447,1.6185846918446747,1.3225449615017975,-1.575203349468163,1.6161154673535858,0.020953324154638686,1.8153244224100162,-1.7151073077721968,-1.9799991702727686,-4.6620150236590705,0.4521399003269444,1.951860277653354,-0.30254566540794503,0.2406475171426452,-0.8295871472063023,2.6239298601112266,1.6422574454884526
467,0.0003221172354619384,-0.6796810968473501,-2.148083204120005,-0.40961134481838446,0.7998582165732513,3.048989820264437,2.0154106256553743,1.6123211227744982,-3.367168164721562,-0.364610045406188,-0.6103782820771597,-4.785107311869234,2.0058773528706038,0.7621903076208518,-0.6420427911038225,2.5545796220609907,1.5340708348501044,-1.4982309617145289,0.5002651917360241,0.7317860160502905,2.9119421330160815,1.7921603380158024,1.9813977014752,-5.6944686667134174,3.177110010186351,2.5390715991859873,1.1218494932843965,-4.508797551651112,-1.0519130477878251,-1.1813503572202837,0.8296653022955258,0.41371565277105393,-2.288763461429528,0.8556124265645275,1.705142728561066,1.676107116724129,-0.3622163206828857,-3.4701758154220474,-1.0302733299146034,-2.5443411206209436,0.9874763247981937,-1.8415677343453405,2.21747475629898,-2.001630755965003,-0.184159592952982,0.10482299261846428,1.0465966003475407,-1.4782323948764446,1.7183660566322683,1.4986208917932284
468,2.9467034415117874,1.353174118192383,3.02013080208134,2.161375852169596,2.638279172342394,1.8856035654880103,0.7163004857892306,1.568718806289045,1.3348712809999812,0.42846093004764896,-0.16927732610463675,-0.049701564887660865,0.6227433375545957,-0.46629314949760836,-1.4050274134061924,-8.039277503966474,2.656251487534512,-2.481325280156983,-3.9920391009658145,1.2392976396122064,-0.7421596872265379,2.3325302937713324,0.8702808124606749,-1.276585178194721,-4.113537754159052,2.2387514893824263,-5.492777429923705,2.9896225607415405,-6.450846563193594,1.7534573591725917,2.504880960283314,3.0926707864265635,-0.5229034654357525,-7.722187120148969,1.1603874289389031,2.0214125119330815,0.0836761562179884,3.0098164197082644,-0.7860660549640439,2.8697789159667106,-4.583947681172323,1.1795451960503094,-2.0896116190464307,1.583252259350259,-1.6968340559793873,0.3821316175825187,1.3897725868478865,-1.4067793300044809,-0.7223268269844629,2.175625830971688
469,-0.2994618162533973,1.4915088903335505,-0.07629974434165643,0.5014400458966355,0.8978782202903561,0.28202037907758637,1.6789130394757188,2.306177307063881,2.3249447817308178,-2.3836990839387147,1.5787078012719116,0.24920632378374563,1.1126878974695846,-1.3501733089024732,1.2965074802217833,0.36045079712091166,-7.018575463458197,0.832554772178363,-5.581432178808643,2.0114848556471623,0.2329191273596649,-1.5783197964532834,2.1014639530317973,0.7423067743176599,1.0094297266869718,0.1700484398420894,0.2967262393791179,-0.11498065727723006,-0.2133132884488118,0.5367585161591499,1.6797010260636323,-0.7783401073747926,0.7936045507791532,-6.822860509260324,2.20695352211722,2.1031651133091094,-4.2498792192108725,1.0694808990486089,0.7663914387105919,-1.2928404749639908,2.163987120863438,-3.8444630187000053,-1.815654593799044,1.4077123917740728,2.4551133056108023,-0.03271276247491972,2.2244241438634567,-2.36938508082737,0.9011709130115362,0.03655131100362663
470,-0.6318842355181342,-1.624858063362792,2.0950468305638,-2.163130892565885,2.602515226283486,1.3576492162139466,1.662590531433858,0.11576751087214099,1.1534876621666799,1.2154950940891691,-0.7749915218481203,-3.911522172830992,3.7166614089263836,2.130275322693917,-1.1741642763952314,-3.5584565495071736,1.360101206453383,0.48153670610566746,2.4179963512052454,1.8138808245523879,1.2676878486047136,-4.011470226683841,0.7652943087492545,2.119021292418967,-1.2454025250347929,-0.16602030019080516,-0.37927687931967924,1.232082212460659,-1.7132800952336407,-1.90528248340686,1.2954218115591396,-4.9500222454036376,1.4406509155542313,0.10642188966697486,-0.5652298541061036,-3.629133507490268,1.8763236635995555,1.5741281537334482,-0.3748538668153385,2.7150407094578455,0.3300031034698323,1.5556606458605358,-2.7710425841358646,1.2530675491809529,0.4694154569936231,1.6659797804440677,0.37225551635055254,-7.4916329271721125,-0.642743048187123,1.5229395055438846
471,0.7438854816319269,0.4345080540113395,0.7729273142021329,-2.457057605269953,2.5001736785764743,1.7488229799039638,0.38566669888515204,-2.3604333903641814,1.959747264904129,-1.2264580206102709,-0.7007982220191371,-0.6019191294026172,1.2887394016002243,-0.37676228795000544,2.361385588017559,-8.162482337860679,0.7333034699848291,0.5428308219331601,1.3526067940759021,-3.144245294837159,-0.6023137353121211,-1.625586968979916,2.3446358235765015,-5.316609370148873,1.408473939630131,1.0266004657164967,2.347844192538508,1.2324385874711496,0.782473042205166,-0.2575197999574783,-1.7126159217891797,-1.851224325895478,0.20793098142359412,0.6955316099662117,0.6642407362554312,-1.386489759168728,2.026746101218603,2.4543965367006617,-1.1228880825702898,0.7487087365178944,-1.589796770587645,0.20093896841795456,1.6660850656012234,-0.8582453629266773,-3.9534830061296447,2.1061670956740426,3.221204088858053,1.3479790471902393,0.7854950934727185,-0.7855582683813207
472,1.153304117278243,1.1101454665878774,2.0120635486531495,2.60862331657849,-0.4520709741526163,0.21717091791554566,1.2352421827899915,1.4130806847069146,0.09180747390353616,-1.8047939926033454,1.0037167215065663,-1.425820683424579,1.6760395082804518,-0.03213924646646937,2.504005136523071,0.583468272875634,-3.113164574141833,1.5892513913452717,1.692494309721225,-0.39558014460006774,3.022430236765201,1.350304884025237,1.4908749326074369,-1.157178366029286,-3.9494726064206906,-1.455205889842139,0.32739318521445515,-0.49560537172581487,-1.0447730023126418,-1.110931601294558,0.402914359174515,1.4800277995156952,-5.63292252169249,0.15609820020180099,0.365011419503392,0.4302313829367561,-5.989964256378998,1.3842089542530096,-2.645305502554975,-0.6146003082640981,1.8137620194905817,-0.9460869984165283,0.16430620246530658,-1.2833993239834767,2.346892827887051,-2.0814290378198237,-2.7102734594682065,1.9826491149646377,1.191720431677021,1.5414788622445692
473,1.9434345076222046,2.662436955042247,2.8359259200230356,0.9838741512570666,2.4256858349579375,2.4018604137413995,-0.7613872800404708,1.761070778590848,2.6208952175857743,1.754692216234179,2.723724053320774,-2.919076106277796,-0.1484665360916777,1.2443438775932405,2.538452703299279,0.5110855400254213,-1.2351394572550838,0.7078845070321762,0.6585500775129356,1.450697916018393,1.597224695413932,-1.589050571617407,-3.5388753832143767,-5.789740356671748,1.8099256499900909,0.12915463709741903,0.41677086852203704,0.548924828600736,-0.613563891596737,-0.4881346368559658,1.8610888046370064,-0.2583727241642011,-5.0401447542286295,-1.3054669054592587,-3.1681223386897077,-0.8130236043506613,-4.578069253064442,-3.128241059414087,-1.5963207120599732,-1.6521302444238328,0.7100285202631111,1.6836412569546257,0.15239608936134452,-1.314009410739235,1.050811728509978,-0.6360093272033192,0.021230487773070905,1.1891021766360175,0.726847493440034,-0.5484173536376504
474,1.7301430507392643,-2.215613054591631,-1.1386051893886906,1.9518734108823725,-0.13295140798468363,-0.4424103456390194,-2.7421041736417937,1.4409935263211904,2.2621875720514852,-2.450344672749642,-2.871762657626915,2.01060733371502,2.587338616493571,-1.2749558070412057,2.0848329671102173,-1.746402698972613,1.1745207731515923,-0.9801729281348619,1.25604733317443,2.265069417923269,-0.8270454767731099,2.477466010063154,1.3216135968014888,0.1419423879858588,0.5832220943399005,-0.2954621330419007,1.0036929777113683,1.8651732015098101,0.9669417939523179,-1.0258622933591148,-1.3207420965293322,0.6186985346718998,0.017106749808403876,1.4886889919900805,-2.864882447794301,1.2068472398348407,-0.39812849919767057,-3.1993757254243667,0.5621928421620215,-1.841260714207376,-0.37375942960468045,-5.026275870592355,-0.12691533964755752,-1.219901361315702,0.6643693674841531,-0.07407818034580149,1.6860948819985042,1.1337707589076773,1.5437596410774526,-1.456182568256998
475,2.8237317479737483,0.4974054910553205,-0.15354173974951557,0.7961276290518109,1.2471290704697187,-0.8962617291966852,-2.2796522070281284,-0.6863147026473868,-2.9663701150506228,-0.8435397091587715,3.1526188734303604,-0.6776232404429425,-0.04438656021622123,-1.3897094246280055,0.17298704853557823,1.0365338658179866,-2.0933237451939943,0.03956714459080324,-0.02805113463805764,2.042568273568256,1.7071363405550688,-0.938393844700327,-0.009023538067468806,0.8620126700705679,-5.587059151668335,2.5491597117181715,2.348074974450124,-0.6709827178440042,0.2511709168142211,-0.7536310912244746,2.9995057118830357,-1.5715796384902356,0.23562844158570417,-3.7422926622021553,0.7399974345761651,1.7292258865399903,-0.9557247263944602,1.135300722189878,-0.04659089773490521,0.9691782962791544,0.9247709139841547,-0.5192850388302235,-0.3311609171825358,2.7066447936579303,-1.115267848806499,-4.523706828670692,0.6564744884769054,-0.5028647721767845,0.07392809838688041,1.6294594362819126
476,0.7784898175844681,0.7249847229903157,-3.2307562025027066,-0.9877063127404231,-1.0315579024103654,1.8573306246802561,0.24064816354776308,-1.867790873774556,-0.4734594080101102,1.6518191471143062,0.3436402172943893,-0.7517327414634378,2.1464400895566027,-0.1871555564148446,-2.132659996576736,0.6108866706831746,1.724087402610726,-0.8458759831536149,-2.163930898316017,1.8519387303489028,0.03132594170878722,0.9919873109527413,1.3506543784194234,1.8880132444366091,2.104272896602901,-0.35298755112101077,-2.8080918029718225,1.2015187849460935,-7.274539418940322,-3.0329346530838768,-0.37257545433745776,1.5763338721989335,2.8970270976981416,-3.908243942540035,1.8644940676190243,1.1954982546054684,0.14867548414617815,-1.4808763809894705,1.778062029772924,-1.4526531582157638,1.4037511777469214,1.663877261193452,0.8338537311182348,0.2768429193706563,1.1292829510493623,1.4193765082455356,1.6916020043192943,1.1423058500313559,-0.10473902467986207,-4.058754090350507
477,2.5051804051100723,1.2680264777338355,2.0800670824534073,2.314276196270975,2.2636908635720867,2.993827601121457,-0.5747642907118218,1.4374877652830915,-0.4653912150712385,-2.7539741658223935,0.6315467182161516,-0.09659524893757432,-3.890875324847234,2.25539949719689,-1.7790374909488813,0.4177829782298996,1.1372979298221804,0.7829139583726334,-0.4811630806562972,1.673085365197299,-1.5604182191812086,-5.795796586039482,-3.493090210997333,-0.8170131160870051,-2.8391911057828194,-1.9131615822510941,2.0225453584970223,1.8192735450455495,2.828663203795218,-1.2802036235778411,1.165683090059491,-8.373655410668633,0.5331559896260742,0.5856723849988521,-0.3224971301086583,1.8937354072782333,-0.3602041700620031,1.7981841099535227,1.2862618894165077,-0.18975079180206755,-2.263842698537159,1.711673232724523,1.4247046220839361,2.3532138246771384,-0.7006090714449043,-0.24486910849455068,-0.9917568459672879,0.6218414988402854,-0.028963262000215373,-0.588367245578576
478,0.6433802425167725,-0.7119648366091624,0.9962101419582146,-1.3017771006973362,-5.604242094572879,0.7910046268353641,-1.660826449370579,0.6995793871005711,-0.6926374317710877,2.810605895777085,-2.593553166726349,1.0470801190053276,-1.6474593405550522,-8.28346429639427,2.4771644197643554,0.368847849137226,0.8229245205862732,1.952197001190299,-4.765047388867748,0.3080005252477438,1.6555469190120964,2.3759504529305957,-0.1275479503641268,1.7576880351592883,-2.699517493088331,1.0598093269307762,-2.9441438664726363,3.1908770356355634,0.4444062987143296,0.39546230279269334,0.40973967061471495,-2.1668600850420763,2.3696941064754276,-0.9669901067791544,2.3393279222171746,1.0936874265622363,3.575670287596961,-0.04116522675227419,-2.4148094820609716,-1.1069619654358291,1.1336070647466618,0.22655977045245823,-0.22264029547605269,2.10871022541154,2.2051749134374083,-1.2218800959384346,2.404336560846411,-0.6351171228992714,0.3751179191994458,-0.22975517198131268
479,-1.5414746049097108,1.6943323653388518,2.2217678907074307,-0.43919600400907743,-1.0344918921809398,-2.0667566499015404,1.3787199137024078,-0.3095595018281436,-0.45370404432030753,1.2811728199944805,-0.7647902713039372,-0.6242988345395037,0.9755163474131079,-0.6020002936273325,-0.6164507067468366,-6.849078378003394,-5.1863667191770855,-3.8545475219949505,2.347005769902481,-2.4010720364377045,1.2981329092241176,0.19622833785607607,0.7197536860128633,-1.802768357591133,-1.5835612367759229,2.1959794688767027,0.9754586786445465,1.1326361894177275,0.14198546617217467,-2.1639226621335252,0.3193827879803326,2.4049764102235502,2.2583814638555793,0.15827926730530795,1.2346537872142362,-3.0726397008847055,1.3068900000167871,0.03366695953843202,-0.6361329605705253,2.7183975538914638,-2.384416856458013,1.2657966617658118,0.7949995357795769,1.9120298602702044,1.1834530722662944,1.6703958183544336,2.1939599891644153,1.9099389735784955,-0.2566855636446306,0.7200228125710488
480,2.023294120743141,1.3025774383549966,2.8411139215927177,2.24569273587058,1.9823672982504283,-0.4391978736704214,1.331662627938194,-4.031328877064447,-4.097587958778509,-1.5313509826192497,0.34234673652125647,-1.870886844446538,0.17261743009559272,1.5667502817352892,0.36258805433864616,1.5668712167660943,-0.20425363260415352,-0.032463627643087634,-1.821187003461266,0.6249756218498019,-2.022172404184727,-1.182741730436276,2.322504904704086,2.2345326856218715,1.637414878718463,-2.2010691789980665,0.9070724598617996,-0.009974255834853452,0.2268555778218344,2.5843776388546096,0.7712179445713421,1.4004398088285455,0.1928499794282903,0.5334032074693287,1.5211092633231864,-7.264403038123832,-5.177165194679403,-1.782265633888536,1.575307766270139,-2.0711615847515885,-0.12169551918802846,1.275479654719768,1.7906696059756277,2.0999840915622614,0.9108808732863798,-0.1856810432285423,0.5055403940281602,0.31433312231867827,-0.9726117568465824,-2.147633200972951
481,0.12353125300877199,-2.9265731141344498,-0.32507594973744336,2.8797374999936807,-2.5741917488341484,-2.1607600423324413,2.725596951556483,0.5178867488844388,-5.3058253753279425,1.3592620523445662,-2.4323066319224065,0.4634665043105075,1.5831917550885652,1.22962585136665,1.4359850072078926,0.7617896912109741,-0.6292008221460641,0.2275068589835234,-2.0454944970142366,-0.6762402739701878,2.3340495600430513,2.5549005637934257,-0.28958751015303896,1.8286260407918236,1.006011532177614,-1.0233413195161356,-1.112699535154321,-1.9940017408344968,-0.9819020124042925,-0.21596113264448924,0.4801628335914536,-1.253071050985052,-1.2661181663232632,-2.666900334191036,-0.5539848148998754,-3.2874496335934547,0.9255782798630205,0.6693778165381383,-1.9277370741872986,1.8856937638143179,2.2219886473747965,1.5569319213643023,2.1892793605681597,3.461750318771578,-4.483681471242547,0.5334830608177592,1.5902062459702986,1.4978222252927562,1.7930863408638658,0.2955755659562209
482,-1.5775061130344827,2.229361460988694,0.5374354234573957,0.7703311654152154,-0.9316601765334376,2.7274224336670327,-0.05876645635955313,2.0454896976973735,3.540414083719694,-3.5034310927628045,1.8662898616047081,2.637358026496034,-1.8292531835488957,-0.8624136904576609,-0.03128489621738151,-1.5985820886273538,0.6432720916761303,-0.6346849206359888,-1.1451324589429532,2.096916237801227,3.0900794767176243,3.1132469019877282,-1.5305185224148277,1.6570775622098268,-0.13990285766379973,3.376278038342154,2.275863077352985,2.4013650587209217,-5.970724982451804,2.0283305851578253,1.8988049002180531,-0.5569649429277872,-6.609011418544204,3.1633699766086196,-3.6068587843394955,1.45793176172773,-3.5825530630644575,1.6764185787986494,-1.2368941271304381,0.414079567416028,-3.9213426651574093,-0.46644103260975456,1.2789977556966763,1.8734616650529468,2.152576640324686,-0.6347188294792234,-3.61600082977537,-0.02116461002368286,0.3124338903551962,-7.198794176508407
483,2.0632529272562454,2.2497654908723685,0.8866585472031767,2.7642105299010176,0.947246090681487,1.7446343951164764,-2.4672862141178076,-3.205754954909688,0.8150454424047782,1.2920109225240348,-0.3933782658687166,-3.722241106151561,-0.6328138983027962,0.1429924087081229,1.4350727157878551,0.48098383591077365,-1.9719181960570857,0.856467453477701,0.43281540838760435,1.2860418850976023,2.616680709769829,-3.960857769404077,0.9414979425044301,0.26403392736072995,1.2853125147973299,-1.1087709366943974,-0.11898481056685828,-2.8146830573156736,-0.23889446408677717,1.507327420077877,-2.1040639660762874,0.3223457875383078,-3.999612075970031,1.564033510135391,0.7610673225947933,-0.31205241836829867,0.6125960206531644,0.07703196619014818,-3.7139530633754063,1.2151024119636324,-1.2625218881151303,-1.015350432132971,-0.7569512066512631,-4.078375838894662,1.7701250570028058,0.7422662868284835,-0.210401731860145,1.5588329560478713,2.9084553565658435,2.544959051559791
484,0.6983485445119815,-1.9649436504574274,2.645827296912348,0.373868476678183,0.8820768521918554,-0.586585977105452,0.04500944673094054,2.196785530995813,-5.66893258492581,3.013856391218048,0.2097754355480701,2.479235306690659,0.016179102965152126,2.135928816689087,0.9660875151646371,-5.694648672908467,-2.1164381737436004,-0.770587864844348,-0.12880776414790773,2.2677032632341936,-1.7003326791832762,-0.06529118259340994,-1.2691678803870756,-0.04340793186332803,-0.23111384646069588,2.295861059943981,-0.4531126392496718,0.7923951186953166,2.0229090007739905,-1.094978665155102,-0.5763250070199284,1.315602888508506,-0.354886484269179,0.6089910737572195,-3.8291007160565202,1.4090863804303373,2.165790781494265,1.1892570446259514,1.4162904414851898,-2.421027850964017,1.2622199329136525,1.779571877814579,-4.247732461546179,2.512578765055411,2.316719463617832,2.5417171256471387,-0.5097270844060828,1.4893315718131785,-5.057825577714264,-4.264029811105769
485,0.580831327243458,1.1501020122065522,-0.3262165523175229,1.7281370247621828,0.48714775130434607,-0.20662572374454857,1.1134431977639339,-0.32398775923151657,1.863839503353967,0.3788248303315065,-0.9859210754553667,-0.46976142162118695,2.2772466905732887,-3.442046929328135,0.3794164994271574,-0.048542685863572466,-0.8712383070276095,2.8933331344000774,-3.310747946333511,-0.07686998866544048,-0.4825684708751785,2.4056492358466572,-0.11223015147199877,-6.426421536970529,-2.671955570683628,0.2399496913193513,2.301737469053989,2.4188096799067966,1.8614911797066451,2.074567970639051,1.5112419750187658,2.0657422241313825,-1.4722673385888951,-1.0162006393211698,0.04586440692613181,0.3822357095101534,0.933391743323984,-0.2531037983675697,-0.7224409662544788,0.3394494474387013,-1.279715838471665,-0.5658034425821938,-4.963175345031575,0.8327970094164643,1.9691972031316296,1.3860645107321656,1.4215972491960573,-2.2016437683386325,-4.529909575135346,1.7172861550169034
486,1.1395235201214415,-1.3718494023254832,0.06883176398584112,-7.898305070679235,-0.1745307869780497,-0.1608829126021032,2.8130415520799654,-0.24592038827323304,-3.244753814669422,-0.5810712280550145,1.0895027256477103,3.0046440467385023,-0.22790744267753738,-4.173801972374338,-1.771956201031525,-0.6113796748447013,-5.8750220484357945,2.3794407461256672,1.867294289447738,-0.5205449990051161,2.3400472830760197,1.578980515936614,1.9229258186808402,-3.0274296980520026,-0.8575515813900632,0.5036689474594658,-0.9543252138344753,-0.8480063531331945,1.0697675358940337,-0.8528467983542605,1.1539160882167758,1.9035160674048974,3.0281310080206394,-0.19628712670496107,0.3869603586223054,1.9019287812028636,0.4674926974717071,2.1631199733598026,-3.75078672750407,-1.4622305596144978,3.2857488900487275,1.1943873088483148,-0.2774380066772171,-0.5470061318178878,-0.5145617648464773,2.2611983540197964,0.8177232898772369,1.5681273105664513,-2.3095266964557366,2.5460037274830607
487,0.3286555850582742,1.4763195819593737,1.0837726001486048,-0.478360421380545,0.8252933529826461,-3.8816880402306637,2.165203655854193,-1.3943217188229093,0.696155833223493,-0.7153756648976186,-0.23295761062857068,0.0912954417563201,-0.3986361599004562,-2.4528263492217155,-0.597915083495395,0.6225804692714041,1.3779021614821723,-2.0348279711854422,-5.147317866144384,1.7900478123274022,1.7958833738751463,0.4616275147543769,1.1010588858418804,-1.5097596394760933,-2.605854983509798,-1.5138669244404515,-2.4594418479045537,-2.8990018578779617,2.3901082710449324,1.9886854262450804,0.054026211126133816,1.7090623239179266,2.7536374483505166,-1.465989329969557,1.734478990889842,1.5618530333843639,2.229929771554046,-3.885885949623896,-1.1488941921757299,2.2086233438332203,2.034992950303438,-1.4679240647316947,1.127176154114467,0.397557104496868,2.8468902882970157,1.261502737240673,-1.6994963930380935,0.6799070280245303,-1.9488311441649175,1.144945861462035
488,1.8085615116140632,1.1576949997598587,0.5430072172127849,2.1333311317844026,1.62359830533688,1.2353453155324603,3.00967844627164,1.195958706622676,0.3206154309643683,1.2311529565813628,-0.2526625685788355,0.8217801880249089,2.7299610195699247,-4.926502229570216,-2.3794192179794287,-0.15310384333254845,0.7232743851492112,-2.0445130236031925,1.334087674764397,0.061653781246442385,-4.338491601132729,-0.02648825594227855,0.16217972113114598,0.9309498914814895,-0.24027388909448444,1.7757351842424258,-1.9844594608882167,-0.6404375999128087,0.12506411194558087,1.3792786780916524,1.999940809939119,2.9864933912562375,0.9365230692379845,-0.3573575441071535,-0.9823058833688698,1.1269720105209937,-3.9752907546616267,1.5808664103338104,-0.8838124659167859,0.25225587998219456,2.065413375111773,-2.4195069630144177,-6.0400816889620295,-0.7087757524867033,1.2933100062363572,-0.4852740023406481,0.9347684834870371,-0.27589731462680867,-2.172658427961996,-2.1921396059513816
489,2.50731834563801,1.4465092108125073,2.5145339533107256,2.661189451323754,3.5534828538978838,-8.458367484087063,-0.9453169857378514,1.7063361731800804,-2.3249405229726756,-1.7644015716422965,-1.490354665044464,1.909829064242945,-0.9948230588119014,-4.149463874312616,2.012100144634651,0.8744405717174883,-4.2000662978917145,1.0277473459146576,0.5235000260891303,-1.346858677895976,-1.1594804341156904,-0.01088272198868978,-1.800335658440856,1.1161593076010208,-1.6381947544268867,1.5721397418745835,-0.3039883886893868,0.5903976345714828,2.459165708806099,0.7080291600463653,-1.6781185243817172,-1.0237424221623304,-0.3217448770416862,-0.2696037940942446,1.3606246856823399,-0.00849731602768955,2.023960610299691,1.7808534955704465,2.461390453889452,-1.3627428747049164,-3.5469604948823132,1.6157875834316036,2.6764029596420005,2.162963380303813,0.42853111503126584,-0.11849796259353251,0.7661897587417874,1.226282609758437,-6.449601174447427,1.6811191903816929
490,2.3934777528902087,0.7151019863045098,-2.0141098485185696,-0.2037866938335453,1.2611300232636822,-3.738804442937006,0.3186992930102992,1.4371718187745697,3.4589765475801055,-0.3709569371891108,0.5559481033483991,0.8621430049037588,-3.8698563607786713,0.9751818377203056,-6.29034969387456,1.2069952145479128,1.0873385315184354,2.521135904350688,0.13771186347960818,0.5436920432389707,-0.28602638734467956,2.5290887976891097,1.577393830303302,1.9318011994236564,2.2582249658544677,-0.8384343328232484,2.209098319509301,0.34970223611432427,0.7319965349013415,0.8890907245272048,2.1155323646267714,-0.5653274606500043,0.47860670203661915,-0.8979715783013713,3.0432794267146623,-1.8380394228396328,-0.4588517158650154,-1.2529764142244373,-4.577627190326856,-0.7061611541687913,2.027365039343285,-2.7958260624045916,-1.948941368577307,-0.023871515726917814,-8.396521265239171,1.4004588682484842,3.410559738655418,0.5339424362235743,1.729950598600571,-3.6163558620800185
491,2.465336047436833,3.251771705409754,1.93350009520783,2.3380715538490917,2.629091301661439,0.6541487439290323,1.483482047514638,-1.4699124845616902,0.46006742861148275,-1.0887586819152144,1.6515914523088502,-3.9604465712592436,-0.6807765303081164,0.6866443820096615,2.97412847447817,0.1931202235756455,0.957724362003626,1.7382828232318674,-0.41916034954632053,0.7682416050389707,-1.3758895532103166,0.01633237413043087,2.237187868865567,2.1655943908799036,-0.31222650820011744,-3.3504793759562137,-2.3142232208372393,-3.5604684559845268,-4.231582170941374,2.2175537159157277,2.9503643847335375,1.2706738470121381,0.7668135849453543,1.9685554699977166,-6.386146638791256,2.0334773314330423,1.8559395820860907,0.22816452403569976,-2.3292397501622215,-4.275791984403149,1.1082164179238925,2.4625230187050926,0.859675063247769,-2.6190996590392643,0.7300494261419228,-1.0915595189741687,0.5910251398556303,1.7527971878093154,-7.488006010023076,-2.446378109872131
492,2.1929047165983206,2.1080930525899055,2.0305808694831335,2.8477800400607873,1.2584476910523583,1.9040911802395133,-0.544980797576808,0.6638869276086456,1.1656510565419285,-7.895619800088287,1.2705396441206132,-2.567047279301635,0.893890563554212,1.3370167315648733,1.7968072831265984,-0.7133801416430368,1.4269581928108495,1.4087200452152082,-7.608318991199386,0.2583080993814635,-7.223769134850473,1.3247601194107927,0.5696846690898143,1.6895042665002138,0.01750646976059045,-1.8494824406766943,1.105535867448312,1.881452365051108,1.4973262717340177,1.6540179833289246,0.03768060656995775,-0.8783229322020709,0.07923460208567867,-8.550446826157772,0.7426759781515901,2.109466826920028,1.30109621718844,1.2423875653079413,1.15606805683885,-2.074177157721638,0.8104701480294274,0.4198400897175585,1.55605540963096,0.941694525811207,-5.079806972008267,-1.0435891690280084,-0.01970967159381498,1.497464160657942,2.4164068052656735,-0.5653537843995595
493,2.20857377996927,1.4510777816976281,-8.593457466799094,0.18436159333906676,1.219519668463748,-1.6588873009350253,-1.1899777303482697,-2.4077942643684773,-2.9363359110814713,0.2973557529075155,-3.061201207933671,-1.814889675364527,-1.1258339035615066,2.6907005393389283,2.7672141342265557,1.8594651878085107,1.6935433417488883,2.3322943999413654,-0.4170968707756355,1.294464019181679,2.6480863491862694,-5.226125650509548,-0.19412525641494582,-0.8179361378893439,0.6819171881736263,-0.6463191008917883,1.1141471590088594,1.100351216102185,0.40878079974080794,-0.3185208924712546,1.6880871209121486,-4.959085731607447,1.5340965317640443,2.138429204059039,-1.4360262870978158,0.15640155008383516,1.131311485484808,-1.4939965000410922,-0.12278699795150327,-0.2769920144843532,-0.5680977525252029,-1.4490589729647905,-0.8831168080187304,2.2856995372516384,0.4911195490854263,2.0426488362894606,2.158030996555863,2.3889022898014267,1.1864236115054845,0.44465881040751665
494,-2.917000842584115,-1.9568559495508229,2.614754303782275,1.7529985213700985,1.84372605644019,-2.255739529675198,1.8166040873045053,1.3336272881282487,-0.03653579909860838,-0.5131679793142672,3.176392713156054,-3.8045536178003703,-2.2425864593022924,0.4833904213101192,1.3591725675646398,0.9985211505390019,0.598010138826675,-0.08922797930438264,2.88115424636826,1.6736727418560284,2.344603972551852,3.137059624177065,-1.323242378926989,0.8560567065345914,0.888107188647874,1.5692423735743302,1.733533856883012,1.6166258908511382,-1.3386149745709206,-1.5296401995515616,0.9333105659425103,-3.434302855988615,1.5930595693057117,-0.0630205035517104,2.9242888654533963,-1.5315462817413712,-4.531116285099071,-1.76248990018588,-1.3462603474373847,-0.6112641078999355,-3.2781486680405534,-0.5757278379669746,-1.2790657516103874,0.9358753174878691,-1.0568060966536237,-0.42259474920924944,0.0281831201934315,2.2603443656979745,2.1161186726473713,-5.568925231529945
495,1.6388526804577186,2.355332304516183,1.573565763144536,1.5380201250016254,1.7998570831638112,2.3267919616818875,-0.04032053509346678,-0.520274121288324,1.039533876298548,1.4369148513645196,-4.213361673271184,0.8942573806316814,1.8407368179407384,-0.6547864080830994,-0.1959468736795591,1.7063389958450608,-0.1279702546429684,1.581676385091297,-1.5099201042889545,-6.8287933024833,-0.22989892713820925,0.2974227436054617,1.325584688877247,-0.655472473581856,1.4957763692526638,0.6497651927270081,-3.0314429153994062,-3.734183713029358,0.5114841386924338,2.526141605481168,-3.504135327169619,1.1070489933853334,1.168813187953413,-4.738850419106898,0.3440233215282804,1.2775768850268223,-2.192589856787749,-1.1801949932381532,0.8477587078466584,2.001937258115475,1.6389201474493005,2.3025080496128343,0.7446111923753804,-3.0792105259425124,-1.6162377613237178,-0.21385818798899425,-3.870331726368187,2.4078749200494967,2.055927049068306,-0.2972725762794193
496,2.4053242816418394,-6.035106539225187,0.12230982290056946,1.21868407678528,-3.3572205145445,1.2415170624685699,0.5314149838287783,1.3126023456294424,-5.806350034708083,-4.344154090753345,-1.3762939645800136,2.8524472376618006,1.7971297897135052,0.4744257922757926,-2.364801614361437,0.7037225406551206,1.4046197168734755,2.112612416316906,-6.130367052455818,0.14480596535190404,-3.2520717898023586,2.6128964510158514,2.780019376116624,1.3232783414139306,-2.3337490144989834,-1.307998026665203,-0.3409472407185987,1.6877328050478018,-1.151321665834664,-2.083095021490691,1.8801276064854644,1.909628440149989,-0.014534576290535561,-1.4256967466916652,2.036737481714394,3.0238375398038295,1.35602351109116,2.177898634054348,1.4417162852085639,0.3100008395647933,-4.710861644559686,-2.915033298916156,0.8312374690433311,1.108772056645356,1.748746993222722,-0.41042118156445184,1.512147721750165,1.5786856983628934,1.6593039259482674,2.0596168089187845
497,-0.9338351665596729,-0.5561026581483057,1.9086408430551858,-3.8532953748626353,-1.3329742088619785,-5.718849336982415,-0.8691382288019351,-0.7676352456232234,-6.865911821418183,1.8086690059831998,3.5193609802577233,1.1130768405281932,2.263443784408645,0.1207082658756935,1.8189826241998963,3.204064073342318,0.6827221226163562,-0.5441604635327035,-0.584175733817383,0.8194211051560121,0.38901661934726395,-2.644611614087883,2.561441601276838,2.8812587281863333,0.41501183213814663,0.19369702380169596,1.2141255495984336,2.2470049456886385,2.992375838482349,-0.2751046463314184,0.4498407859866296,-1.661070851949594,1.7599675403295851,-7.648532796124097,0.23270686867277135,-1.4499152661260322,0.47496145261571154,-1.9986598791554337,-0.8701106586669161,-0.3628900314952892,2.978615241923258,2.139341894121647,0.302939516110146,0.29827639870698786,2.0039132028992737,0.357808021594777,-0.26518751093410575,2.616437469376039,-4.389545751280575,-0.17612293151993352
498,0.17553113850588087,0.84580340074212,-1.055798023763698,0.0046654457963564155,0.04611256311555145,0.8526365351416056,0.3134081637335244,-0.3787048843148124,-3.8744913083529653,-1.6640522744834714,-0.1151377643434941,-0.3897538171080326,1.0041600341215413,-0.33706980590336766,2.839511966603262,-0.6744687834988357,1.6880319636434193,-0.14046996877112417,-0.024465761339595105,-0.23308245793682136,1.543107237291172,-0.07182412611222588,0.21747627286767912,-0.25118002623740665,-0.316087026897538,0.0010426459395445065,-0.8697733391411493,2.7297398035715053,0.8255583010690213,-2.781908024513223,0.10000176767858271,-3.2023582521752996,0.17394431760394014,-2.1711740256592655,1.6312282695777482,1.6106849183579293,0.17818257321919173,-0.9096093786405381,-1.8067992984454921,-0.6806374909689987,1.3399271184104982,-0.1249688584767652,1.8599789766430486,-0.3028793213410461,1.4941697898877755,0.2371038367582985,-0.7822029642169204,1.2887961663290284,0.9823094292747938,-0.8242156532409863
499,1.2517093963026502,0.5045424732682591,0.7979206058746078,0.9031900836705242,-0.7721849425444738,1.4270762050526504,-1.1181166504160078,-2.9477567713398996,1.9421258583146752,-0.9122634385131168,2.1611110683942734,0.42240409452957195,-4.5186885715690375,2.195351019716373,-2.8117136891813965,0.619912227248995,2.4704998667811844,0.515912505238604,0.9429743795719059,2.94875079991989,0.051299337579117754,-2.0611495582432795,1.3359546082789375,0.19148721474082908,0.11962163101692269,0.42877644338525567,-3.162952144107062,-1.8424481549024616,1.7999001921027786,1.7915948115493543,-1.3056170734701373,2.1496163212409978,-4.090924314637916,2.1147451525899545,0.9911098696725187,-5.998952593068199,-3.394804335479207,2.1180167345315053,1.986574083593113,2.580884772302906,-0.7470459814250567,-0.5249224454208967,-2.6472628732406305,-2.5204629228627375,0.7566433867138702,0.5148977048864882,2.5379458951310943,-0.534379610610884,2.2242497818954785,-0.8851524540628599
