,Species_01,Species_02,Species_03,Species_04,Species_05,Species_06,Species_07,Species_08,Species_09,Species_10,Species_11,Species_12,Species_13,Species_14,Species_15,Species_16,Species_17,Species_18,Species_19,Species_20,Species_21,Species_22,Species_23,Species_24,Species_25,Species_26,Species_27,Species_28,Species_29,Species_30,Species_31,Species_32,Species_33,Species_34,Species_35,Species_36,Species_37,Species_38,Species_39,Species_40,Species_41,Species_42,Species_43,Species_44,Species_45,Species_46,Species_47,Species_48,Species_49,Species_50
0,0.02665169967208925,0.016149045883194227,0.002730558956492905,0.01742261376181563,0.015444798996481428,0.09718317989571877,0.000616877212443101,0.0041773940258180075,0.0007961750661238014,0.006705713690347812,0.0545414363734194,0.00017903490699200034,0.00018695109675920032,0.01743443389076393,0.012503633381984822,0.03904370259897407,0.007895870072447514,0.02345390216769114,0.003084255890034006,0.00556834979209041,0.07396255860142083,0.011863112581926821,0.060142429391461805,0.02121793049200834,0.0011758592807519022,0.021390147864476038,0.012526900299746622,0.0009717923231210017,0.008107720548368214,0.009407231428249417,0.0009769789858682018,0.011068171358017818,0.004198418863470708,0.003489601609419106,0.006986742355584412,0.029595800194601552,0.002990701339842105,0.00559304049136571,0.07112994309420702,0.0015471386736785027,0.03591387896501076,0.014370517876207326,0.03148926152731986,0.012821799858378722,0.08560371649745956,0.03321818446416936,0.0008748182366348016,0.024708361449381443,0.034597404089316365,0.016290209926853927
1,0.04613053559066141,0.05758640070035144,0.018793002475219044,0.007592444310964518,0.017840366706948045,0.09030340758173783,0.10326764208928126,0.0008947226008168022,5.3215688758189565e-05,0.012775641249684732,0.0031555856439666077,0.040170124285771096,0.006412921485215016,0.016715713628412843,0.002815021938015707,0.01574159404081034,0.006373522269501216,0.003292533050917408,0.049376684574547615,0.0008796072018738022,0.00402874075804191,0.014248591722541835,0.0015309889203190038,0.01193182247537263,1.5939433847657555e-05,0.00023085364426050057,0.029057452691376568,0.028782893960629368,0.005927945202913615,0.05613539173743924,0.0070169908215194175,0.0023225977127969057,0.002049287561467405,0.008869499287161822,0.02091743633650515,0.0010253635006347026,0.06959861589724267,0.022862492013903557,0.002434534646628606,0.002988224518971307,0.025069729076312563,0.0019135843188144049,0.004853852398741112,0.05521790111630883,0.043679626128552404,0.0008383465840313021,0.0423859082506881,0.022509109670277257,0.0010849858118125025,0.010300606687432826
2,0.2131165987052607,0.016803567199431633,0.025365536452693543,0.010902363177925018,0.0603331816119552,0.0534726869659503,0.014755010990724326,0.014732339103953126,0.0024845150800326043,0.01750778217717113,0.0007487565062310013,0.001065503001615602,0.0007829795336345014,0.0546311747133042,2.879910731892022e-05,0.020389278126638034,0.0037751978148107064,0.0020721202522241034,0.0023346671870041044,0.003788581845553307,0.006768973218938212,2.897178159447274e-05,0.08973671487756306,0.014155616983048324,0.0004566554898339008,0.008894720374018915,0.01658052346185833,0.00019259587122130037,6.435712923932985e-08,0.0007091070318753013,9.249002837780269e-05,3.441401396322643e-05,0.02063837325930924,0.013798647921866023,0.0018397431245317033,0.0044483323556820074,0.0018883902715712032,0.00042298818845850077,0.045121908608906684,0.02192505919032424,0.00010512448537480019,2.5323049823731734e-05,5.7447515773395985e-05,0.0027628554379265048,0.003531193093561406,0.022609578637672142,0.034680478455059165,0.002176992417832104,0.1671081776725991,0.0001178992708736002
3,0.11529121426084749,0.02248269311766046,0.10290445877457537,0.04322014691312251,0.06583477109707697,0.011721291313932429,0.010043225130494125,0.041036540868756806,5.7389685220570676e-05,0.0002847792727405007,0.006079191379049216,0.05028430953427223,0.03290892313936658,0.0028748192399324075,0.015845549923513943,0.0019818141300327052,0.04166602905867071,0.020397934558140353,0.008885856869785123,0.0013004452412114032,0.004270986543544011,0.010620424149663528,0.014436558386832736,0.0007037159796130019,0.0016248454681216042,0.00010433684782650027,0.061115570102048454,0.00041454421133370106,0.001947966889743105,0.054475479563840336,0.036868336296486594,0.05237093277335753,0.0014440761638684037,0.008823818909843023,0.026342777004171467,0.0010125215338236027,0.0001146919205764003,0.012650303331466033,0.02253358771927706,0.029537677693183675,0.003120957595894908,0.0011049424539797028,7.7542381302136e-05,0.01869162089467585,4.980123366226784e-06,0.0014080716618764036,0.002449817548555206,0.004980139514640013,0.00422301625441641,0.02742437657427047
4,0.032168115743437864,0.02163282005413944,5.3014030142779634e-05,0.03158432128679076,0.006569973799047613,0.00972389035621412,0.03316407146732967,5.191392700671635e-05,0.1004123138116855,0.009971315381212719,6.6407367263835e-05,0.055257578358045914,0.0002093912110695004,0.011953888287058324,0.03574160937542687,0.005556212300647311,0.0004056576294020008,0.027537389417610456,0.004510044013064209,0.0003449296152737007,0.04580751270133999,0.008000831554694615,0.000968318205092402,2.603030677281008e-05,0.03092157786772856,0.003872161302064108,0.01590681540911423,0.047150907335037295,0.008447609522486218,0.0007497978367596016,0.0999494777311893,0.01483290369863013,0.01508906411557483,0.005543391788719911,0.009093039546540418,0.004443414712952409,0.006299593857350113,0.023329252602243847,0.002489641351488005,0.0035957767283386075,0.0005320147637843011,0.0019203726008934039,0.04368726573089479,0.012390482080013225,7.217077953056627e-05,0.013134428687041925,0.011071061348919923,0.010861506288760023,0.09941118052541109,0.07348754158876405
5,0.011585475575999822,0.0480618703487318,0.0058804687516491125,0.059393620246256516,0.00525973366229721,0.04282005790821868,0.003876494220770608,0.017295023930462734,0.0026201871650806054,0.04541859148684999,6.225183453502947e-06,0.004351098355434009,0.07212467124929253,5.94000416211998e-05,0.00533752831527811,0.0002539158875386005,0.0010348727516065021,0.022009568167283146,0.022978354091923545,0.002646424599008505,0.028261707728385654,0.007498975277153814,0.043169809451193884,1.3147061900325831e-05,0.052882674428517205,0.0025295329323586054,0.021550168990472043,0.0033373900572763065,0.01902081174150664,0.007461335978244315,0.00016218951301380033,0.0012518117727878025,0.022597952533794145,0.049557597051600795,0.001902625591268704,0.02375146146693685,0.0018074881327342037,0.04573153750329369,0.007933563429458515,0.03429466120551237,0.007311608527172015,0.03322319258504017,0.005778485380465311,0.07301566697026145,0.008104636482915815,0.03488489818849047,0.04150410029678108,0.03103835858480966,0.002737059138028806,0.014671970059868429
6,0.0032931593777167072,0.09173344990463571,0.001761100692659204,0.09132528366910381,0.01425464149105903,9.825252345427222e-05,0.014010653191444532,0.020245758301555544,0.05795091829045353,0.034029530359685076,1.4760513947937761e-07,0.011576507367480527,0.005804883384843013,0.00014300907596130033,0.00012461087863100027,0.00023054992180680052,0.00041028042712740095,0.014905455847044533,0.05808111546017383,2.950241159476551e-05,0.0033994522836147075,0.007057053977581915,0.038473454393777584,0.007852602164537918,0.00884680692763502,0.12211045470639227,0.0007555307204840016,0.02657003787636226,0.004002360317210709,0.020597660135067947,0.002270757939755705,0.0029982238236170066,0.021627740191032748,0.013077967137274429,0.012002902109316826,0.025751795016921954,0.015802620219898734,0.03170136079375207,0.00014673157141300032,0.043572147782739996,0.009712881533924122,0.03383731725946468,0.011202705120965025,0.005614171723587812,0.02686985368302386,0.0007434200685145016,0.06533416855799874,0.003056769917743207,0.00034848229524780076,0.014653759569573432
7,0.11783140378209245,0.03564385668056388,0.023214754271682948,0.030818439754661166,0.03500825016510758,0.019912537607656742,0.0002721235612216006,0.000914912233645402,0.016750304407100035,0.0001982073427740004,0.04046450683469068,0.0460230441199607,0.002900846831090206,0.009669814165791222,0.005122152576080311,0.015904461977196936,0.008240747508334317,0.0006940004524306015,0.03322790041672287,0.02369139486775835,0.0024127561848346054,0.00458478609425671,0.00043456588354440093,0.049580486285867004,0.002527834615180505,0.02840197110130666,0.027195687343069357,0.01873657111522754,0.0015467173805750033,0.00024709942469400053,0.044498030804960995,0.007033532722183314,0.01402594113035173,0.0010541741722896022,0.002378294945083905,0.11794614390090165,0.00012576649312420028,0.001014182286296002,0.0035754770648565074,0.003359682139534607,0.002503985292129905,0.0002919496242151006,0.0463904115148234,0.015221546767941633,0.018152037529393438,0.004048121719047909,0.09099525023761809,0.02487167135511065,0.00033727165841990073,4.393656599464853e-06
8,0.0035067731789322075,0.022995805987472348,0.006816689067739615,0.1259372378589962,0.02445260437040125,0.06103798147961463,0.08343437337453279,0.010748068863569623,3.293535448350159e-06,0.029997611780411864,0.03217353989309037,0.017393585658056737,0.025669822965922955,0.0008817918614622019,0.022633752533876547,0.012543030052832926,0.0478288358219125,0.004152957665814509,0.0012473152004605025,0.007909146525991317,0.0024044941733076053,0.0012801150982434026,0.00015983296717470032,0.013710777257825829,0.014513617123621132,0.054697442978276216,0.002300111146129805,0.021833391456043745,0.027071559909027355,0.0447111877957131,4.408212483669092e-05,0.016392174586713434,0.01872778406282914,0.00954599037921712,6.231525125166582e-05,0.002930990549434706,0.0017403429047486037,0.010006620185061321,0.008273532991493217,0.012506309283393725,0.022295715680279448,0.01988955657161084,0.012475665363042326,0.0017180809191446036,0.0017696406413042036,0.05452604835326732,0.03211044894166367,0.022884437704813448,0.00949117289307412,0.018562343030917937
9,0.016000159014705927,0.03935742317317957,0.14723331487900745,0.1764468347601121,0.04092642331549667,0.003117549504616406,0.0008866560796934016,0.01058060249914742,0.07026939051636613,0.013050854934717223,0.004429017009836608,0.02089394557858854,0.013367956589951824,0.012516586277550123,0.00011643160344200021,0.0015070958556909026,0.0001129928515395002,0.007940425218928415,0.009601014052814816,0.0001736315394836003,0.019901084966845835,0.02370876490946784,0.026964641920158548,0.0543640076255625,0.011721841067320321,0.017531445853783433,0.0036096733593474063,0.00590377354590621,0.03898279139547107,0.01563802515250153,0.014200854139283226,4.3269727395346215e-05,0.014968992673351526,0.001747071455753503,0.001091403741807702,0.004350476189882808,0.0016204411124531028,0.01819115996934973,0.019973402861551134,0.004814489674730309,0.021266422502226538,0.02143813531307894,0.0002441609870291004,0.00025704940815420046,0.006134087033522111,0.002982000269755505,0.009456897926637717,0.019494534002865035,0.01188719645892752,0.018983599501011535
10,0.10165096914676995,0.022068327183709557,0.10642593601417806,0.025290471198556264,0.01284131926555943,0.004806195880107512,0.006749935445813517,0.004671952488893411,0.0033794390692948083,0.0035694444952476087,0.03143852900445858,0.0010993497909846026,0.007797172956895919,0.004559762355266711,0.0032872524345976084,0.005907195753901015,2.1559288332228225e-05,0.05638551693912194,0.016759002529033843,0.00416044265589641,0.0017499182979864043,0.02790077938715837,0.030940086928511676,0.03413471323741198,0.0005341340045707013,0.09361709198052633,0.009646324711525224,0.007591772776949118,0.006475927664426216,0.025380925460597562,0.012091363783931929,0.005316331034673513,0.02171539761590005,0.00403169958979451,0.05708232056270444,0.007279340489566817,0.06703568033709957,0.004659653586181411,0.00874052074120212,0.014157174877493735,0.002398934966894006,0.025956411652067662,0.03230557568216377,0.0006010530340132015,0.0012893927225237033,0.02134444811284615,0.0010547888424336026,0.00399944866463321,0.04649464565250191,0.001604369705091904
11,0.02597771546560606,0.01306206304420823,0.012034688105467126,0.0462209910322071,0.011809958604356326,0.014124508643056132,0.028627738513521562,0.023211513060251952,0.027604490795633763,0.003521994848470708,0.015283822826182935,4.918915142373691e-05,0.053778982845004215,0.005360457292870912,0.005680920253477713,0.002159652876822505,0.048112066990067,0.034086722196169275,0.0016275182458643036,0.01333167601666333,0.012815120815182829,0.085380156283838,5.4656054851926115e-05,0.009872875023439523,9.297768534685944e-05,0.037983929348171484,0.012883556531279228,0.00461116491681701,0.01673440674932934,0.00022399469811400048,0.030372840886949266,0.003581285381695108,0.0002749955707488006,0.04792807007501541,0.0017234164551196039,0.00936971401754452,0.002697184988194506,0.006361227194511014,4.630120898033131e-06,0.01891184085854074,0.02664871365668026,8.87361292984579e-05,0.09100755028511101,6.145969115043196e-07,1.1591730182175913e-05,0.020273255092662444,0.035510598116742474,0.005065363135170711,0.024458463235053955,0.10939039955927475
12,0.018420229950916536,0.017782743865609834,0.017550711271010534,0.055865922520579106,0.07365131448448874,0.0051858518001990095,0.006733333753024513,0.02068107726186434,0.0006804586919916013,8.35394465873771e-05,0.055333104219095305,0.0518906397304848,0.012204378449594423,0.00034639331463030067,0.0008712454186647016,0.032463180098263364,0.0002485346398752005,0.0007037602749269013,0.013964504368952526,0.06270630333566822,0.043456174094178186,0.006737294310050613,0.002170139398079304,0.001084143313847402,0.009181179787048218,0.13479853763454966,1.182273121110823e-05,0.003614854550908507,0.001962485803274804,0.0011229895428161022,0.013818646178060025,0.043947553140098586,0.13578852391588145,0.03203587281903346,0.007406461125006514,0.004087281799833608,0.0038277240466425074,0.011936647822121223,0.0024333572842877046,0.0022397341921670043,0.027487939406898153,0.004283171400162908,0.01100203669473742,0.001579327726044303,3.5620146912122835e-05,0.029116433281671357,0.006178392803299812,1.9229037401822635e-05,0.008851346977749117,0.0024178521395993046
13,0.016715356072816146,0.008004700760926521,0.004220601924154711,0.0030946951588875084,0.007180624678309719,0.0021785581937145055,0.023810811000877164,0.17773454419390078,0.015344061500158442,0.00367556042392871,0.0786314394481699,0.0007790557556811021,0.003051975344783608,0.0356719835404972,0.0005650031795254015,0.002289637041516606,0.026756486324322173,0.012151260747552533,0.00401110071727981,0.03954546403986171,0.0031221823056708084,0.0020900078414827056,0.0017237002722731046,0.004902556995323313,0.034940983159021693,0.031772114921222484,0.002966515795282608,0.009703277440808527,0.03045135596343058,0.010291270407868428,0.000770754702962802,0.0006641961363942017,0.08611153688065784,0.0050766560682433135,0.0035777447524883094,0.0003222382221306009,0.00010626460283440029,0.01928913365721925,0.0076891074947656205,0.00021856394533390056,0.02620042369244257,0.038196363618026405,0.03370334980885689,0.028123340568474677,0.024722473117012665,0.0020232834781186053,0.07489609866381809,0.00012653431273020033,0.047517950646897324,0.003287100481343809
14,0.014091890189095534,0.03833739835978979,8.623234618171066e-07,0.0033334589198073077,0.014509387743837334,0.0005669190930192013,0.024246249265580857,0.007941693470590119,0.0863072435328402,0.05540444083161893,0.08952671122899951,0.06443258390632395,6.543301911511691e-05,0.04467080706869651,0.06360041741140506,6.472691197449988e-05,0.017417182328334842,0.04935332756588722,0.004403918438111011,0.004981443259455611,0.0015494197934565036,0.00838760389725202,0.0006973596168336016,3.851808071788401e-05,0.0008992835386716021,0.001662763484315704,0.0068303999195728155,0.00015953897556810037,0.005249227347113412,0.043433113548190204,0.06954614584100877,0.0440509695460939,0.00020084920130020045,0.003442048431349708,0.0006702928626939015,0.037196151672096785,0.005234047785958412,4.63911740100839e-05,0.022726176853956552,0.006859127833860216,0.002924525841800707,0.03476939932363508,0.00010951109442050026,0.026050814923089364,0.0004894247095174012,0.004283117205950711,0.01684594150917174,0.00821548098777792,0.019356408917128146,0.04481985121554401
15,0.03097675597060736,0.003925657888919308,0.007218735671985614,0.017686629115129034,0.0006215905529736011,0.030859386927177358,0.0025172725776815047,0.19804192053783445,0.02159651000997714,0.0041787945391451075,0.06055543249517421,0.03519215212826077,0.02697911276809645,0.0029183036945431054,0.009560529819941417,0.018574969680935433,0.00024136142720130045,0.024277102607742945,0.019399027818029737,0.04430869751004978,0.022885164338893642,0.0063873474932333125,0.002851004391347505,0.005568563341758211,0.0023024584722486042,0.04605916314519039,0.01944843769309504,0.0008188696708504016,0.01735667307303533,0.06309028131944902,0.03859441545735957,0.012810478560165824,0.02628808817556965,0.004866544347394609,0.0023078420211492044,0.004880968095540709,0.002710899982897405,4.032458082337222e-05,0.0003500006840055007,0.007679296317349315,0.03555654049959667,0.004547004924593809,0.01741165980583783,0.039878721179081374,0.002092581774829804,0.004038081556486708,0.0036742152101482068,0.03349255978619816,0.00565071734658921,0.006731153013875613
16,0.04141359310401608,0.012898073450255223,0.0061120800105129115,0.019710506838518136,0.0024720115681052045,0.05009459507221019,0.008114775531056613,0.012410371966309723,0.03731538629938037,0.013360530053340725,0.00043048291990590074,0.001765585095987103,0.015457572642623627,0.03202408548772276,0.008791743589103415,0.0014191258654937026,0.0013239229017183024,0.030661487085786157,0.0028737976486489054,0.013202455779611724,0.002748413390632905,0.0032197459327942056,0.010197955998718717,0.03384824875249216,0.06698398744901123,0.004901375752731009,0.07646893607249534,0.008068191375815013,0.05142437878429759,0.006725428296066912,0.006196247722083712,0.0039240671000434066,0.016391445607537927,0.006773064623610312,0.004884630596055109,0.035740496379348265,0.0002182030659777004,0.001698675357963203,0.014116664274981924,0.015742302859707926,0.01669295352861803,8.269354780826802e-05,0.09526469700152267,0.059177346475054,0.01188267550998332,0.06644960489248923,0.0543665138776731,0.013626012720594724,0.0002782706863960005,5.458945718901405e-05
17,0.013063482416497635,0.005380316964974915,0.000717263235390802,0.017137258467114946,0.05016612485960683,0.027123548593380172,0.0032412575928897087,0.008623487516864023,0.013176403490218834,0.006215212074771916,6.560134302506302e-05,0.039819664402284405,0.01891883938683585,0.036155685137067795,0.006197245196793416,0.04126024691559271,0.1506995698782788,0.00808968583619722,0.012255276334007833,0.05756962567193055,0.004446970790647112,0.02946829730654528,0.03464861352599469,0.016190698107315542,0.009037255035737525,0.007098926351206619,0.05178575730232164,6.497719780441737e-05,0.004541585145887212,0.06452670722551007,0.004835373568390213,0.002858995288002608,0.01097884981202573,0.008432624368547822,0.006022828878758316,0.005014646062736413,0.010122893404871328,0.001164602253307603,0.0007123149387497019,0.055632291617582943,0.01117388303240823,0.04570697073544602,0.029197192690202576,0.012610848154936932,0.0072728901962695195,0.0004501764697231012,0.002615117146452607,0.002816321959649807,0.013022324248715435,0.03167327187052978
18,0.06353073058767585,0.07081480996866676,0.04863498695475791,0.14692871747498984,0.018859794180391444,0.0003083522208993007,0.003895444952641909,0.0015272276700467034,0.00012038330460460028,0.0028434396556520063,0.020028902062210543,0.012375375763859529,0.0036874064696684086,0.0032517576286949074,0.0001761807617692004,0.005454104375270413,0.022980095779809553,0.0022571869476854054,0.0015908770001558036,0.010845576949513326,0.004542269226650511,0.027622906001781567,0.003013452794463707,0.01238513199092353,0.0061874914019809145,0.008601596231874321,0.01601443988017914,0.0001337323075386003,0.0423113767203345,0.02532914395848146,0.023728918227519855,0.015569671883498736,0.09885324854215663,0.001628643963528904,0.03288193326203968,5.667517581825126e-05,0.03325695192303338,0.030886463244341772,0.042046185489482295,0.018801205141427645,0.00032824988918470077,3.6989204789171963e-06,0.0003442146400850008,0.0457149613093104,0.014894306204492435,0.005639826694971613,0.0062305682085158146,0.0011497504542137026,0.008083686063540318,0.03364794953918838
19,0.007532514946880718,0.07599896880191258,0.05106201725716242,0.034551686648187585,0.042662780561397794,0.013179246798990431,0.050916995351402816,0.002562841056686506,0.006618924970816715,0.0010212466288856024,0.013098780246229432,0.006901525161055916,0.015480923443129237,0.0006705443556409015,0.00014429114787980032,2.428750674630716e-06,0.02572654972694386,0.019816202243850244,0.03055711870083167,0.059247819554160336,0.0014776654919308036,0.0010352197184659024,0.026363094174553663,0.023735416140184255,0.009857938101359822,0.0023951911986732056,0.046494272106243614,0.0018140779709505043,1.2295888401549706e-06,0.007532403840225617,0.1223921190794884,0.02547667246308816,0.009651743583121923,0.004662352118971311,0.01246611589455663,0.002399030728541806,0.017147895572092543,0.05461482872787232,0.002611898810373106,0.02203730030766595,2.2295119061581675e-05,0.02191236214258425,0.022797469763921854,0.011742579642739228,0.0008340056138325019,0.010129543649348025,0.018760670433710547,0.0010228077533841024,0.019482769428492346,0.0413756244830069
20,0.007405373769010216,0.03252561864573587,0.024120296053597952,0.02044359911141444,2.8625960676820157e-07,0.00031253912986030065,0.001845479376243904,0.00025167486641320053,4.476028552772101e-05,2.8516561903423404e-05,0.01812994700662694,0.06582758668630194,0.0034128992030965075,2.9076701688310542e-05,0.008224200755070417,0.08250978384125918,0.01803090956031694,0.007766541781998216,0.11369366382644344,0.018063036782046037,0.007374077714424116,0.0019533684406513045,0.010460149417979922,0.0014408841102623031,0.017145445340630835,0.008292522879470018,0.07069566706591025,3.133976724618614e-06,0.016273657238586536,0.0071002651698426145,0.06768547856905414,0.006141441071352713,0.01886815323244134,0.07424084049171085,0.0022604399391620046,0.013228645608486028,0.010746892823374822,0.07092246795988925,0.02853436685433096,0.009124669323325719,0.018490964823796037,0.010479216162885422,0.01993332568739724,0.008245892030287118,0.0023513261640015046,0.0018303581757136039,0.05826253270152393,0.007498550794250315,0.0056390439862635125,0.0021104320421090044
21,0.0020850071950001044,0.06256213960962734,0.0001361867993889003,0.023598675003456648,0.007021811183450415,0.00496347695484981,0.03853450637469518,0.025288674763177352,0.0029918264837821063,0.04322328276511199,0.06539641633179114,0.003681909123665908,0.000940851962899702,0.01026489105344552,0.07478378137575506,0.0011077081906405023,0.010868246492486222,0.018086028182521037,0.00010322110666130021,0.01361745488514143,1.0300057863419198e-06,0.12106031236144385,0.025813128862800155,0.015685008349546236,0.0039252778611435085,0.009411707093817018,0.002962662939039306,0.006452344984952614,0.03319696726934767,0.06875072514373264,0.0034757268021114074,0.0034972562642603074,0.0016135411743177035,0.05119101749086491,0.009869884112997222,2.2439367718093625e-05,0.08819421300243148,0.013171542575012128,0.003369845530818007,0.01024981654577972,0.0015077951359291032,0.00998877524087292,0.015134390144641631,0.001397183396197703,0.0017912196757663037,0.011217441262752025,0.06261145762534824,0.0016392072437818035,0.001482814978819903,0.012059171720422627
22,0.001479659682564903,0.017958246414996135,0.017975829702717935,0.026224859045538854,0.04653447244492209,0.0006704552261400013,0.030504665560681363,0.02674416887024665,0.0003640802744031007,0.004728092181390809,0.0002858243473961006,0.029852493845177658,0.0037394586727156074,0.0060913753765235125,0.0013769700624842029,0.012198393918189625,0.003972426727333208,0.0031881401166190064,0.0006837338486425014,0.002840587858001606,0.0005620185273067011,0.02986368966469296,0.001517392150053103,0.02155599603480874,0.03510885870281557,0.0025330414366997052,0.060191372595633216,0.017634474037897835,0.08115399581373386,0.004018441377139908,0.01577336549617233,0.02358428688060655,0.027736784866324457,0.0009077626514329019,0.03162885681869336,0.0074690336891436145,0.000514692952240001,0.01049687427145032,0.12719690676475995,0.005833478554473612,0.07946442705231915,0.03396609676397027,0.05214555343695271,0.008314551090144718,0.00016684105705710032,0.006038196695274312,0.0007616872591478016,0.0024812735589322048,0.07266032526689804,0.0013057903565400026
23,0.10656557381558723,0.020094125750150644,0.0045394065713402106,0.012813927365559028,0.06908375446594456,0.021808872385907247,0.0007274257142467016,0.00444269948912681,0.023988687862739253,0.008065239730291817,0.037666137934465084,0.008288184121124418,0.0005308782258126012,0.021026128094359445,0.011235545219713724,0.0009226619559259021,0.029259482667627266,0.002809686185153706,0.011459581480512427,0.007580215611835616,0.002106792640435605,0.003065172082830407,0.05270575951606682,0.016145944164745036,0.0035030853487638077,0.04182189753213199,0.03510140659160017,0.0028717608261738066,0.004062614927428509,0.06917173915879996,0.0009222569872913021,0.006705153842556715,0.015405937490819834,0.00464488259021741,0.011259103663115524,0.005373298686794312,0.07782406900572586,0.0038305277421193085,0.0007799494737580017,0.005441437012153313,0.03055899016726897,0.003133645171329307,0.019649241088087747,0.0011781986052282025,0.06152293133644094,0.00017083767364080039,0.0026021892604254056,0.014438793353550331,0.07483176480789566,0.02626240460518116
24,0.0066039797216340115,0.001149484007519302,0.027820147135137745,0.07171474713759313,0.04080924701339557,0.0008248476029358014,0.0034414361447937056,0.0011031861360092017,7.368144949513414e-05,0.060854605365506506,0.014205388563381624,0.003159578236059105,0.10166346987448006,0.0004922056672851009,0.005192463924079308,0.020580424395673036,0.0038969202848517064,0.03047327368909855,7.281491658770504e-06,0.0028764275869399046,0.008486103139674813,0.02833835851405055,0.007938449711723014,0.05197981756940568,0.005234948495573309,0.002827650899381405,0.0005343089469831008,0.010966903610802018,0.001117076388407302,0.0007626359920996013,0.007573716402770013,0.027349476576062647,0.0005724695578245009,0.060706221533578505,0.04297140737971257,0.08885961766262296,0.0013400958550728022,0.00566805603674381,0.01663202290796893,0.0043895476980835065,0.00016547028072210027,0.04511368348597348,0.0028611503543018047,0.01207745798548712,0.005339862343372909,0.003016078032109405,0.004829216904142608,0.01896334961516953,0.0617501411519247,0.07469190954072782
25,0.00816826129456302,0.004982247637772211,0.00020231926491440046,0.020264943656278348,0.010159952254317425,0.061699310999588544,0.0010378485495778024,0.01256637266389663,0.0010673006022128024,0.003024970961247807,0.005594868066426513,0.005396251518728713,0.06592607066649045,0.009344616781374923,0.016500612051696437,0.00022828090706190056,0.016505491531893738,0.0005745391576614013,0.02986651549373767,0.005883645973377114,3.883107070929559e-06,0.0009518118392598022,0.0006621345816010015,0.006017946387025214,0.01745265511072374,0.002164379958888705,0.004908795506721011,0.001672109948246904,7.087363327353541e-05,0.007604525935475418,0.06554098105969755,0.11028812329320227,0.03799005945671929,0.03107830932085417,0.023972558876827255,0.021953481448833252,0.016121875552053938,0.06282177897002285,0.013766454597643333,0.04906197197737061,0.06340567565125385,0.001340007076992303,0.003974662085058809,0.0038010306149129087,0.027097241630725164,0.011999867798111729,0.023348807456116255,0.07620095647576398,0.03492138601618478,0.0008112346005515018
26,0.006705765258888615,0.0411333272690462,0.025311856297323358,0.07253623335304436,0.041763613816223295,0.0006662902387508015,0.030085539177307368,0.0074505542205746175,0.013436522153193232,0.0028797499770169066,1.2016817333236509e-06,0.03754573750061019,0.017462489659006243,0.005848135446613114,0.005052762497513812,0.01836025013812274,0.019193822267176443,0.0002649946520083006,0.03862877920791419,0.023940951329827057,0.00043011353853100097,0.00016385648111080038,0.0010767004690317027,0.001215955256341903,0.014245562569154433,0.0004677268853640011,0.0034067593082940076,0.00043590890560330105,0.0039576482211988095,0.016203829233508438,0.005272516448231912,0.011559113741300827,0.022807005514080252,0.0444535197269904,0.10363444390185823,0.10423018109640135,0.0003539330111077008,0.00016216734959110038,0.007874304959306518,0.009731072377442423,0.008429409551818218,0.053314340801480224,0.000421209494048201,0.02030417487851475,0.011892294459419828,0.0031742483453286075,0.12197586221912528,0.01279461165867333,0.001701120855905204,0.006041832599342914
27,0.08683161811411466,0.0030947100890865056,0.033575035544056664,0.08161596185387356,2.3243359884748712e-05,0.06630658289853122,0.0022043002106420045,0.00038782922609740075,0.01986652490096794,0.02014674299343254,0.07516126234525224,0.009245032769297218,0.045928838055058985,0.0017491731358245033,0.0504915478178612,0.0072013809622267135,0.023223634613644146,0.0038153794875187075,0.0022858704508681043,0.004038152776918108,0.05371010293187271,1.1141134391613166e-06,0.002660549457155405,0.014186572064787626,0.006376168750640112,0.03591474437706147,0.022255784094550143,0.03080235816902556,0.00013076687425290023,0.026883604804474052,0.003979282692833708,0.016790696951181232,0.012949485495263525,0.03740201699521837,0.0007739476770183014,0.0005662684742756011,0.011344683963562521,0.0001621922184556003,0.0043814562917404085,0.011299114741912721,0.024326467559100944,0.003925234416384708,0.010888757662060421,0.005288568800691611,0.0014296769562004027,0.001662730002348403,0.06374352379861363,0.030041856849234855,6.887028656877233e-06,0.028922564182829555
28,0.0002965459207840008,0.0015492298304799043,0.013262306907296836,0.005815393784499416,0.0017031753970585047,7.959458808985514e-05,0.00722780691244452,0.01707511823404635,0.0019659120421928055,0.008588018431920124,0.011579090926576933,0.0714476666328721,0.002935105533342308,0.06486321020224538,0.006442434321043418,0.001400841298965404,0.051675843121539444,0.044087302473967825,0.01099771317962463,0.036648780574907704,0.044225521117133425,0.005706640598704016,4.246862315556096e-05,0.0063171139757862175,0.0004265584150113012,0.003859683256397711,0.0020771431836205056,0.008798796971056325,0.018741355218423152,0.000719797171980302,0.008628767198489824,0.03641140912049821,0.0010423071075288028,0.008359896577530222,0.04803117110087013,0.0015455204698655042,0.01815390441849975,0.003294936823349609,0.014007721095225838,0.1530881952304813,0.009275471763128425,0.006563898851693518,0.018973336054728153,0.09638745483221826,0.001054742292011903,0.02164810829259866,0.006233516754385617,0.0023119692739081064,0.08498078611585673,0.009450717781965726
29,0.0026259161379160074,0.019404514306796555,0.00347681881780681,0.01714795719515935,0.0035444003424012103,0.034463974606622594,0.002370220176301207,0.07592171645081203,0.0014560454690023042,0.0343055186476448,0.060430373656746875,0.001700373463045205,0.00038013596829440107,0.03857957057364201,0.011266818968403633,7.740895821176971e-05,0.0009105976941604026,0.012897643715029336,0.009428136844353728,0.0015709953944603046,0.014127151125286041,8.0703172010772e-05,0.05485827494122196,1.9348868101041774e-05,0.029708401589945786,0.00013092652626100037,0.023080006576886167,0.0035462041941491103,0.14505886414233063,0.022902662178677965,0.002444452256296307,0.04054486373502402,0.05507480324723146,0.0025071724443754074,0.01748685352732765,0.006738048433169319,0.0033802880552775095,0.01732748338480775,0.0033309744518119095,0.04571784857414543,0.06698348717992589,0.029845307014280988,0.034232669166376496,0.004591644226627313,0.005799007682341416,0.0001657779618966005,0.0028194602602486084,0.011620629991256333,0.019087218480560157,0.004830329225338714
30,0.015247931397680237,0.05300755766765053,0.003785528872214009,0.02456926423684636,0.022032017580472456,0.0015094585679590036,0.004971550084077912,0.00797233780950332,0.018684406091303445,0.05350252426028343,0.0038848264437352097,0.00048018654424460117,0.005742925115950714,0.007323326595305318,0.05144251992959813,0.001609609125430204,0.03557888887291879,0.0015271478617974036,0.011380097161175228,0.019869387400426448,0.026544429455991867,0.000842863414091102,0.0005742546820910014,0.026368804343498965,0.0037934744101127092,0.0022644386340221058,0.0005832805874664014,0.04342671142010741,0.0018150447985504044,0.07518387927825779,0.0009807954187025024,0.018668533696358545,0.038385370743474895,0.004979839249215612,0.003267729882085708,0.004115426239044911,0.003283178193731308,0.022503320305215756,0.00406493477513481,0.00020995790234400053,0.06912407746148627,0.0006127640934382015,0.09589024118225724,0.0013714783476156032,0.003991463717544309,0.1602955127263431,0.017869987750618644,0.0026768167300195065,0.01714496666208164,0.0050449322805249126
31,0.03440392179106638,0.06483603119864685,0.020149747935814647,0.007750866478129418,0.020469902582355048,0.00027788461028290066,0.0032800597567136077,0.011915460614264928,3.0698361834351384e-05,0.061376989681595745,9.279107365181834e-05,2.860892867031855e-06,0.015930161406161537,0.016618360742594238,0.0017232372665624042,0.02545703612276136,0.0866681778748965,8.98912557943678e-05,0.02064608192686655,0.003015424361033107,9.186995217484691e-05,0.033265930669401575,0.028088390806033967,0.0009476296126968022,0.0062402757246438146,0.041470409687554194,0.00404595163746461,0.007801235528243218,0.0024612278708080054,0.007599099952230217,0.001713213464425704,0.0010188624306310024,0.01771927552482844,0.021233706624795148,0.20423254775040636,0.027530211714614367,0.07140099605117317,0.006455561248162315,1.0837928390706642e-06,0.007570158909346517,0.0029480114623897068,0.02532881928187826,0.013832873862694333,0.012069312007106127,0.030718034933847373,0.002560680844583706,0.020659764727535248,0.0034329675970624076,0.001657405533106304,0.0011689048634305028
32,0.03215988053908497,0.07237567023618528,0.07307385946918038,0.21903047542317652,0.01226548495967013,0.0858858868094212,0.00027640287306740063,0.025277826409027863,0.03441974367884798,0.022490504482912455,0.029879403208008273,7.231434040438463e-07,0.014824918096731336,0.018633296729648845,0.00011222874829730027,0.018242503541129346,0.039189809787399395,8.550135176894041e-05,0.004004317518815409,0.005556599048819114,0.007506059224311619,0.0014000950523563034,0.0038305702570775096,0.0022558154055381057,0.006530105506218416,0.012700329989360732,0.006188305991930414,0.018126844155095845,0.023538693601836358,0.046985465115272115,0.0035665322504288086,0.02348396220375446,0.010533055583449425,0.0008651560415113021,5.009329900669343e-05,0.00011647110618590029,0.017285381068216442,0.0009847820996127024,0.01930339939757935,0.0009480263857387023,0.006824934847053317,0.0011200709120694028,0.011011688898385028,0.016512705094943042,0.0032255083657836076,0.0032716914138809076,0.003647239885449809,0.0006606673068303016,0.01635292841079984,0.023388385075727457
33,0.031995437716622464,0.0006034942049271012,0.011578716555325722,0.0030322305834869063,0.00934096434865352,0.02890206030659166,0.0018692165508142036,0.0022763014811848043,0.003602193586506807,0.01513521008217033,0.04194557305720728,0.002050653131522104,0.02909192112103486,0.012546328933322025,7.099535319628477e-05,0.009419532672751519,0.01939385210973774,0.0028584754780110054,0.07665317573534715,0.0002055923998598004,0.0022717466263198044,0.002028198132713904,0.00024622423347650047,0.056356784968417714,0.0012533403489615026,0.10415723874985851,4.276064993477075e-05,0.0005976188822447012,0.03601736739184457,0.01587569022144553,0.0077956226890273156,0.0004991671564768009,0.0021370492734165045,0.003493743280690307,0.0483272885243664,0.09595696788021829,0.019652904508721137,0.01554893451899913,0.028397566413400657,0.059216355254313215,0.013464855210954528,0.0008906883053011017,0.005673016961146711,0.009227028905855519,0.07622523026747215,1.4465522298503976e-05,0.00022324625541100042,0.05448582341051691,0.008877424955049517,0.028473725092873256
34,0.005858033071453512,1.4596771613580478e-05,0.050352908227807205,0.02032981015164014,0.04130530361307919,0.0069958104732473145,0.07583961709833667,0.00020073961390340044,0.009609396130492021,0.021431845492576145,0.029610202688732563,0.006498584775041314,0.030532540447729666,0.06775725032626453,0.07779938297781487,0.02746812529696836,0.002334854795029105,0.015368347155968532,0.07485002423092205,0.007597211877820615,0.00045775021327700097,8.694153423444327e-07,0.007899247420801017,0.004183942396457308,0.0003822706829949008,0.00013109278716870028,0.009534749979161221,0.0013481197225031028,0.0011917208689153026,0.003691450830577208,0.058698904849153626,0.001446753949204703,0.005030863910644311,0.004008954960264909,0.017410988930137337,0.052833220111767214,1.4541186777159647e-05,0.03325411751836567,0.012844258288719927,0.010935142267502623,0.003907956307617109,0.011466775927344524,0.013608018194640529,0.00031064732353200066,0.10701251112346462,0.030253686371566862,0.019813827680952342,0.015946120315798736,0.00015107729845790032,0.000475833950449301
35,0.031972923024268865,0.021828827687686046,0.040150084238463585,0.01482585169708723,0.0009072582508276018,0.0004292216103255009,0.007836236205012715,0.02379848160297515,0.06058453310630582,0.02557610847682765,5.683490247003733e-07,0.003419755063005907,0.01574307746647753,0.08582021901180686,0.0040149775385306076,0.00531458806366561,0.020034499042667943,0.03212135532697026,0.006400814356170013,0.011519560098273223,0.008089200793100616,0.025761876902949853,0.0016370815610051033,0.0016620243183918032,0.0024631249820415047,0.002953323639683306,0.060631560791279515,0.004896286419314009,0.13963493246722178,0.015630911711936132,0.004457268893686409,0.0009286867137479019,0.0008466102929889017,0.0004609600577381009,0.0004396380410600009,0.003144783847337406,0.00011283499414320023,0.022367222264121345,0.05803725153022592,0.002580342024058305,0.006317438248802113,0.005394953820873211,2.923463633013361e-06,0.02453302064365515,0.03261451663839576,0.09246041369709639,0.027665351500149357,0.012166476499892024,0.02945413909387146,0.0003559039312275007
36,0.11019551353761937,0.010724138948529627,0.0789428243842105,0.039888785482405605,0.05253648478605323,0.0007855108356682021,0.002770470776766107,0.004080550921449611,0.029595087385659875,0.018295444479458446,3.1858599086503495e-07,0.01965115614347715,0.00780124464862362,0.00015339770834050037,3.995523982881182e-05,0.002325906549245706,0.005986523574203815,0.02779302760089297,0.025568974781443665,0.005035700179384813,0.04582253895420202,0.010232369156204426,0.009843600574757824,0.019476784628996147,0.0010435049988275027,0.002372447314890106,0.028155326342118474,0.01139667824630113,0.0002052764620735005,0.020176287907568154,0.04223651567462061,0.054587611648488736,0.00783213778574812,0.00014991212420390038,0.003646428650312409,0.03639725070028509,0.013122331684965433,0.038730242137451396,0.001154915138842703,0.02357923834346876,0.10514623618072266,0.00011178326259110028,0.02267067974973266,0.013350803653708835,0.013735667814176034,0.00026411639726370067,0.0011210034742071028,0.00823597748552002,0.008061288394846421,0.014970028563652838
37,0.03059864533665707,0.010096124435568522,0.0004262266875638009,0.000917556386443402,0.12460009413743188,5.512085195030874e-05,0.02141914625153225,0.015324218821571535,0.010008722553023923,0.0021734881887562046,0.021759586009421447,0.01419724303002693,0.005922921846211113,0.01422725429719023,0.009920266468753223,0.042226324279023494,0.011854989806697726,0.001345589863426503,0.00919138713587312,0.006701127462168115,0.0017723467857244039,0.025420896914939154,0.001354170734021403,0.00881929695821552,0.015857836804700234,0.051453862301247114,0.045410107748789806,0.05833900272702973,0.011484802639074325,0.08225577085767859,0.015107433466634733,1.4866569253957433e-05,0.011028512867950424,0.00023551255287420053,0.0012939844714644029,0.0052163141241841115,0.006249058857311214,0.0027638096028586062,0.005870843967826813,0.03983594382774599,0.07660214117500207,0.005593532324038812,0.000863660089977702,0.0016802089207223036,0.002093024570873305,0.06989671497515976,0.015691048594317435,0.012678966989407927,0.030440746860473367,0.04170954687121189
38,0.018670953932428444,0.0411285239756631,0.03260577538396477,0.010323764996492624,0.19682870092158378,0.0413013648079546,0.021051394173961648,0.010090937710448125,0.0009284631475244021,0.005845467785803514,0.030338589119319068,0.0007537265808807017,0.021334706693776948,0.028882306730169467,0.005526218613033813,0.001963594939416005,0.0046345005145878105,0.0018795720942913043,0.0010773644568960025,0.01631362709248064,0.003009828327672407,0.020041106454490944,0.0032739662489003076,0.03308014795892308,1.4842202459342776e-05,0.01277576258317033,0.03294538271243708,0.037099126215026486,0.01667104334185824,0.023841237160875557,0.025438217214420758,0.015763181906976138,0.000862789378521702,0.02137188514662625,0.00399689715068261,0.0011332576591202026,0.023685947086294155,0.00028156565832900064,0.03873390872476459,0.03041123172832117,0.01657338214179634,0.07806858674979988,0.010598866605030724,0.0015172695012801035,9.18713871484771e-06,0.00014869580681650034,0.03174551299593827,0.0006356965176849015,0.0022793541678174053,0.02251256984457375
39,0.0002801552637601006,0.003166348538070907,0.0017420010505043038,0.045357134648844104,0.04710727300188371,0.017318742177945236,0.0033348730298173074,0.00025248018585620057,0.0023378083749279054,0.007254846899390616,0.007021343857126816,0.10033150950456592,0.006003138276033713,0.038395191067584086,0.005681619072426613,0.0022434921049729046,0.08161841731347177,0.0003964776960625009,0.015419761839127535,0.015795831357705736,0.07026271725675876,0.00891656345364472,0.00019208633675780044,0.029026836350793367,0.00021114532146590046,0.0025681534269582054,0.00421196905764811,0.014147921285592332,0.05446112487397492,0.03460833819974038,0.05708799288862983,0.054831558808578526,0.019530390199659842,0.023118170910048454,0.0070899716791561155,0.07157562243540835,0.0016172935991531038,0.0014819605378620032,0.0003473284897772008,0.053730703310893815,0.020306890136734545,0.0040844470409453085,0.0038598857868477085,0.0007887886479094017,0.00012698527718630028,0.0037009956287836084,0.00012980412000330029,0.027964667384077463,0.01668532251182034,0.012275919783112127
40,0.0027510089342600054,0.06894830194962373,0.01617128969763303,0.0004859750313272009,0.010679976347618221,0.014994668425143028,0.004812958140875508,0.007454784436948814,0.012997016453683024,0.09606922020665648,0.012528797488895124,0.020519861197474436,0.0028157744203856053,0.000590088646335901,0.07733710046142206,0.0007684619592296014,0.00500783290138761,0.005887766716375612,0.0503755342874445,0.02529075657731865,0.004650815254198608,0.0001523669215510003,0.003596125101447707,1.2972247016104125e-05,0.012239654185350423,9.352936645335745e-05,0.010237986651196719,0.018970419606368135,0.008071203022494916,0.001597465287967903,0.019119977533632735,0.011907073862363123,0.03563720680286957,0.020437244483042537,0.002870477416097005,0.008777671637725517,0.015289046306661929,0.0041330365183774075,0.0002630896284548005,0.07355685672971324,0.00508254678123451,0.08049770999345365,0.03297406595539816,0.014178787353672326,0.01096543004766692,0.023899313326654747,0.0018599137027680034,0.026938762260033052,0.06236822261007232,0.053133855126025295
41,0.00043396444407110113,0.012285070433784934,0.0027273446190153074,0.012595330220853834,0.08539042529636592,0.0006004017977719016,0.0009144891178617024,0.016628025386525747,0.0029071081514293077,0.0731939043819701,0.0025193420998105066,0.009300527615147524,0.014757386034200539,0.012172141434491133,0.020723098884391056,0.010525336881592028,0.0008914306587396024,0.0788170120623035,0.008163921575410422,0.06693160983583737,0.012673978461112833,0.004006576506721811,0.03477505760608759,9.295751502801165e-05,0.04663471035503083,0.0787300809752193,0.014592363151517638,0.0014549203773518038,0.007825328782222021,0.000374906715893501,0.00017470526243060046,0.012552468141083033,0.0041679229859724115,0.053818232206725845,0.004969475198113613,0.03402140299395739,0.0027316178221490073,0.008402824162224723,0.0004515832603983012,0.05731500101596445,0.01912629064864655,0.017794120604145848,0.002659322024140107,0.03515572469473279,0.006558755637270417,0.07918838151369711,6.11284733981562e-05,0.026818737358063373,0.00038828082500580105,5.273794121866021e-06
42,0.06215976835336784,0.014529288465596233,0.07588358841989447,0.1435228277633164,0.006719418816391815,0.032026091101883467,0.020754114746222945,0.055207962270557825,0.0031080034571391068,0.0008213536425633019,0.011763148296853225,0.01873583201472844,0.024218202562318852,0.00968638546301012,0.015141676575598033,0.00020914040515620047,0.003078186048245507,0.0032989769484392073,0.08184587986741548,0.0017314381001700039,0.06079784260156013,0.011327689837562525,0.0034848164954199077,0.0001802605879910004,0.00950522573991222,0.0032279740478620075,0.053110309144317816,9.192188165307356e-05,0.020611852401113746,0.00421121616656051,0.003954200273749809,0.00011607514423360026,0.0061365193033233135,0.0047266350651263105,0.02288240448052825,0.01693381751018944,0.007548445303546016,0.03946876067534449,0.07038661067260395,0.006321754901789414,0.0009848875165308021,0.012436536193292328,0.012104059286810727,0.00038057313687440085,0.0007469916791445016,0.00014339807777300032,0.002213030517234805,0.005499478426325412,0.006889757238757815,0.029135672374000166
43,0.025007728695607755,0.030196848287731566,0.06469716622194734,0.026997626307512658,0.0001794557956963004,0.05031756035907281,0.024455859481102855,0.0424079720340443,0.005440197314395412,0.03085547087434177,0.0061694482124640135,0.006769344552324915,0.006691959214578015,0.017413347498900538,0.05636991069438733,0.00045622645194020103,0.004320053722956609,0.0009786566278544022,0.003555908522620608,9.927908303985065e-05,0.002018773315546104,0.037688154174547586,0.010446830862777923,0.11374772060161775,0.0014249383502769033,0.04035832674679209,0.021000087526583645,0.006403678918839914,0.0020024335530346043,0.012848782730652727,0.0054928878903877125,0.003062838185449107,0.03349961605551548,0.0001298333638144003,0.0007252363526306017,0.0038108128531532085,0.00016690232367700037,0.0006010367486888013,0.015148661253571833,0.01903538384484904,0.02609805323797016,0.08602762717777729,0.022229482725426547,0.07851648511338868,0.013307955576602429,0.02733608006322266,0.007225936738224015,0.0004777194058699011,0.0011889088153279027,0.0045987955412646105
44,0.028038411684621258,0.011744622860782825,0.06133906215255473,0.0006675392527543014,1.913768826669398e-05,0.03154474727084437,0.00956846887224742,5.1097900320752996e-06,0.022070606984256044,0.03807227138608498,0.005458857651021312,0.0017667811610161037,0.001362426295299403,0.01998666526646084,0.026552130413354556,0.009285465765086019,0.005214562464281611,0.013002379068961527,0.000490154355756401,0.030877182028623967,0.036247957812830175,0.0014725924372797031,0.06929857922543875,0.048080975935570106,0.0001973804043570004,0.06434069383839913,7.761074888519055e-05,0.0987521008476085,0.0010742559578674022,0.010250090640027321,0.00014823996173130033,0.003935554584997709,0.0005964474545681013,0.12866209211465257,0.009963879998884921,0.008345509062160517,0.010362993628171122,0.0006547129244439014,0.0021456791056244044,3.8202990133219e-07,0.01367456904630913,0.005746802134869012,0.0017856680654063037,7.831063136099173e-05,0.04224233991541029,0.07995774672581707,0.011094960404799122,0.0015988122838085034,0.01427056940063993,0.017875910265874137
45,0.028726172215581266,9.592903678980754e-06,2.7994540255127835e-05,0.025595674614551558,0.0005871501528801014,0.06884013744323057,0.005295325643143412,0.0005382936841242013,0.00014087649150880033,0.00421224910860101,0.014801529340919734,0.06100741531279714,0.041323898644754296,9.842104051230283e-06,0.019057743630636646,0.00815731819354372,0.0405395746865486,0.007900799637698718,0.006852645101146916,0.003526515797436908,0.026610441087724063,0.045515723663707805,0.03398879624551638,0.0003672723769740009,0.00020580301161240048,0.011746078190306727,0.005853288799139214,0.03569884143511258,0.0010058049937908024,0.00011520181557010028,0.0014699431396395036,0.02184656818103895,0.07275493956725057,0.003039552823264907,0.06656410654063025,0.005966277976229714,3.569467017767397e-06,0.02480024143012696,0.062269119038095844,0.04883914128869621,0.0011172316145836025,7.991329425495122e-07,0.02185074094058115,0.02618706444234086,0.0040458763120890095,0.00021702551415480053,0.0031542320935866075,0.03401688013621688,0.0457943741142586,0.05780431538071233
46,0.020062974120062544,0.005171995507579011,0.012444204698231928,0.03741244974245608,0.003975643101127309,0.06885505639988325,0.027979616373200962,0.0011100886513268023,0.026349979393829957,0.06125343732376444,0.011814452796828526,0.02656500974287726,0.016287221402198234,0.03941286705832149,0.0003852331188101009,0.001260246606240503,0.007299541362977316,6.051151650017405e-06,0.005284211513714612,0.013859535450293932,0.003593500750725808,0.007269832140578816,0.00015414453550180034,0.0019043874533151044,0.009417474860942621,0.0070427428357736155,0.0029322656651097063,0.058095695523246435,0.02136044085802765,0.0008159957363989018,0.0006756043580725016,0.013554259839323629,0.0456202956626921,0.01371568658237463,0.002726267129294406,0.024564155140466955,0.05163434245677172,0.07254895111558447,0.024971613229755555,0.020143086173609544,0.004894476048579211,0.00836073373229122,0.0008848902062670019,0.025453942768866956,0.038496585071243386,0.053736913407562314,0.03485716102197628,0.005566742279542312,0.015855081777752834,0.0423629161229782
47,0.017108851535715532,0.04636864703308098,0.05942295053847681,0.01166850004868682,0.018868692711988634,0.0037833339223378067,0.029279664431590052,0.0003138879376974005,0.01772732856902653,0.00013560059972200024,0.00010028520726230017,1.2864351266411538e-05,0.003302133813432906,0.0008997372519831017,0.018678648744308336,0.031518262266121554,4.29069096307612e-05,7.325009849424843e-05,0.08031627855239264,0.008240198965265113,0.05747608576750111,0.043391786063560776,0.0066896919567292126,0.002918679962573605,0.042949180620939977,0.007448634670427013,0.08550910831993445,1.3720088721912238e-08,0.007890412350867014,0.04548781054068978,0.059324485248355104,0.01035492152596762,0.005094229018429709,0.004083719799011007,2.200525243911333e-05,0.003862440260323207,0.03603929223363786,0.0003073214742840005,0.05169213938360059,0.01058121484231632,0.014624953433738427,0.00014320950586700024,0.019207713690788636,3.6732644205341374e-06,0.08557195963787856,0.014322712699642725,0.005125539478557708,0.025796373964271445,0.0019978552690641037,0.004220812555614708
48,0.0025617271047778055,0.0019867211040882045,0.010732503144641024,0.00014920721215380033,0.0440154008672589,0.09463387884940791,7.832283310908088e-06,0.00017985804803540042,0.003708794352368508,0.024497569348582156,0.011815395698042026,0.002716170098184706,0.003674596559959808,2.578529331953157e-06,4.84386275445073e-05,0.005630383696670013,0.001720426665708804,0.0002778033966324006,0.042615797679355596,0.0054404306307230125,0.001397678429195203,0.0009498622479486021,0.0022369219774223048,0.11672698618508506,0.03563674118674968,0.11554109288114454,0.0037211399440683084,9.25328807113517e-06,0.06105678734382884,0.01840178024697054,0.005706165690074813,0.06840900755602715,0.0028417545409666063,0.014671339577265734,0.035030175573151676,0.001402131033834903,0.07961584690950468,0.010465011918983623,0.000859679859358002,0.004421787644817109,0.053100899284048916,0.005671042860440613,0.0034153690365524075,0.001714737646214804,0.020651392547001345,0.03555702952353507,0.023452200229268652,0.0019927338466656044,0.002673572163094106,0.016254364931932535
49,0.1040258382218941,0.0012307439937570023,0.012210330536119222,0.006834428330567513,0.011354552759457421,0.0034288235629992064,0.031125157101161958,0.008710854375057515,0.0013573469030245026,0.007504672123845114,0.0021769000493624038,1.4883306610749807e-05,0.024426744362251444,0.004787951357205009,0.10776052486323741,0.030171626754203255,0.0004122913288960008,0.01023034697956232,0.03697003283325667,0.05760926927714291,0.0014145741306874026,0.012032116207533623,0.0028231151372553054,0.002625726764121305,0.05447547403338741,0.0060727560948775116,0.06115107489837232,0.006636427335163412,0.0018462842568883035,0.008661616432614415,0.039404598494661075,0.0500340626720519,0.0023152880761025045,0.028550125256242755,0.0030686680743239056,0.032018125102096964,1.0350251808020896e-05,0.006010580306785111,0.001532967923534403,0.0024878028727496047,0.023042556665140147,0.015111712303759328,0.12598176380708895,0.0005583314951091011,0.0002106147378965004,0.012783693578434424,6.135593806502296e-06,0.0011759160210059023,0.03551874396454027,9.547849234966521e-05
50,0.032135129011976585,0.04101051553613181,0.03249105517016408,0.002577974036272507,0.12694800490007843,0.027523546790843772,0.0385400449452304,0.06358331606862956,0.0366075012322636,0.0025075597113336065,0.0024916965894042067,0.0002366331959366006,0.0020943094540448056,0.009606058683251525,0.06832244020724298,0.0005833462033412015,0.007027687008263819,0.020056945671481353,0.00796181862643472,0.06415872643095896,0.00796999242552792,0.0016413670739383044,0.02540878466891757,0.008345743153993123,0.027364908899717474,0.02589720267047677,0.014540613493397438,0.011575122813959131,0.04506045329150552,0.003389917857439209,0.0030311792428511083,0.0013613941757930038,0.007276446102050319,0.03492363526998189,0.0009413315600618025,0.0036391483217195096,0.003049819797016308,0.03358341088093669,0.0039809300922992105,0.009479959082287825,0.00016127042173460043,0.0010679123040197027,0.011682084146247631,0.0016362747539291043,0.03352305433322309,0.001854354443549905,0.00042567819129480115,0.08673697134069064,0.003179526243784509,0.0008072034743714021
51,0.0003838508379239008,1.3102659900793636e-05,0.07723552900930217,0.00024622540063380053,0.13255385869065017,0.018712736803099837,0.007952338561886617,0.008793368103578818,0.011492242934168524,0.011649471714705425,0.006750775618757314,1.1077418260487916e-05,0.0005911765793834013,0.0046948073622317095,0.0013770569498182028,0.00864291235536192,0.0010980314265517023,0.001939294719264704,0.020658958836251046,0.11905824767254125,0.1017627535343205,0.0008629338157177018,0.001838115987538704,1.9553827359309136e-05,0.0473781318287409,0.0005422074708614011,0.004235284487113408,0.006546147878477014,0.06739621943536293,0.026780819415328054,2.3011161421371755e-06,0.01009499344836952,0.013288792008657128,0.025417428602970752,0.023178721818461548,0.0006715130540067014,0.0022375686708583048,0.00013406759568070027,0.0006430401418197014,0.013025068100014027,0.0005040863930491011,0.03751059699719288,0.009458494405504121,0.008520235831736217,0.03225046515585847,0.04431142220450219,0.01898213162707674,0.01025799087076242,0.01900975872756834,0.03928409189467719
52,0.0013066088149302026,0.00533670976842821,0.08633418867799887,0.09419983285830459,0.002536788580885605,0.018953062741873937,0.0031894890637873064,0.0011209885541683022,0.001565659096838003,0.02119846135109684,0.07060863904951895,0.008764122924727518,0.03989060495141258,1.8327754942814974e-05,0.022800755254116345,0.03154365654441836,0.0003782981429487008,0.001468352773429803,0.01058740977795082,0.04599071456939519,0.020973347797873743,0.025033327322243948,0.000500787865605101,0.039020084293240075,0.025266665475969452,0.02466917646835605,0.00010603869339560022,0.006774247181932914,0.0006578101489910013,0.00025924275546630054,0.008355999184810017,0.02547030654648645,0.001003943134860902,0.05120385123548141,0.00012470964079980024,7.49293893347093e-07,0.00011387062188510023,0.03142767880859396,0.02952522053113366,0.02507531449983735,0.0021854485319981044,0.007871165234940115,0.018969786705750138,0.011915183542282324,0.0033203874797162066,0.0014092528753291028,0.0009288654317860019,0.10025398117989569,0.003893808938394508,0.06589707732787843
53,0.02275212719327674,0.09754712201067127,0.025825696330717542,0.07682353755184493,0.04346600526919717,0.030028790576287347,0.002464291845506704,0.04217698741087777,0.028711558793542348,0.029238993820073448,0.0004381263632088007,0.001119237405884202,0.04433480823361548,7.7542055175757e-05,0.0009826537112837016,0.0010554831473602018,9.59486544269986e-05,0.00047150820515110074,0.02553896426970394,0.0009286044446785016,0.031267548743548756,0.1190627353132856,7.291073814485351e-05,0.015246586532002126,0.005173269003929209,0.004143964628533807,0.03634703277296796,0.014625596079963924,0.0007245877552640011,0.03276181287755456,0.033162002419864556,0.03410096713996576,0.04682212108296028,0.010185494969192218,0.003719311269364406,0.006450007126307011,0.00586538912609531,0.0003630212828676006,0.005614682634324309,0.00014054139798370024,0.0025988248577426044,0.007252732780971012,0.023274342982987237,0.021008687797831233,0.01968680160581733,0.03739906529123526,0.0013928675978720024,0.004986164679072709,0.0021219621113640033,0.0003509801085024006
54,0.01244834988922563,0.02591152022158786,0.07775361677944118,0.0004705203429038011,0.011208465488999427,0.005903642343615714,0.00046041501415600107,0.0011100163444788026,0.00036402124191320086,0.0032452825651091075,0.04701997663990681,0.036798483819866785,0.05085829926402432,0.08746554637045151,0.0018364795907500043,0.0005794416368556013,0.03049653175444357,0.01759193054559854,0.018889462991340745,0.002993710295737707,0.002606467523855106,0.02467544148727226,0.06596117407558265,0.06108220530028544,0.0012052459568837029,0.04577238996697901,0.08008424624582258,0.002401627036362506,0.006371973744465515,0.013502172899684332,0.007589988705321117,0.005611707621591813,0.02918832551946167,0.003400406054794508,0.03713773171709328,0.015392546311453736,0.00792193228828352,0.06995595423552917,0.012094132883112927,0.009498196001380523,5.956519579621156e-06,8.326606386921001e-05,0.004227378711599709,0.0002787613687294007,0.04776409718461131,0.00027101898436990063,0.00019360147445560046,0.001672113420927004,0.00881272422505102,0.0018315033311857042
55,0.06489732739990924,0.03985817021645789,0.018576411489095442,0.05146090445674811,0.035286736914212274,0.0002656653871275006,2.0129465496426005e-05,0.05069571205222531,6.7724664881798805e-06,0.003163095342045107,0.00920078633544882,0.001747332633664104,0.003058831220948707,0.0007193505381674016,6.197404480687196e-05,0.011586789049098526,0.010328490462482022,0.006477385283527615,0.0038715039607613087,0.0007316985827621016,0.05074168138024781,0.024518009317202456,0.0016825664210370036,0.00412770076547591,0.0004794611377440011,0.07784572835988277,0.03473724008464698,0.0010387163043130024,0.007060456301497916,0.003821633835072409,0.011121989620864824,0.027669410810187662,0.007976600339687417,0.0006527940123032014,0.002024102856454404,0.027471898512540463,0.029986784379376467,0.008467735066778418,0.018179007931408243,0.0468557323946076,0.11212500732514635,0.0055239569320261125,0.06143113363851504,0.0015118051712352033,0.0029163948061261065,0.05152358340628421,0.031444056694320266,0.02606167548943266,0.008933322232947119,5.474717116502655e-05
56,0.009565171212763629,0.02649407896748518,0.05609743886555857,0.01329058973526374,0.0015429331729679046,0.004576493454467814,0.014559043955942543,0.0017814651190115054,0.02914385277863849,0.0011302102453713036,0.008717884069349226,0.0009016286352200027,0.0024828474747293073,0.021758488940148566,0.020667230940376063,0.038072618142865514,0.030688283305259093,0.001304818872474204,0.03606487328890251,0.047790611989225844,0.08034868929587843,0.0009154832401957027,0.002984046862309009,0.001009284906120703,0.02620314670915768,0.03977994896707172,1.7198921744968984e-05,0.004124724380877912,0.03854174135463222,0.0013621340559691042,0.031992103512406896,6.037809283736117e-05,0.034725845759344405,0.2004168182857707,0.0010832804222597032,0.01590333646891735,0.0002731541793683008,0.005535140974754416,0.0019442351553058059,0.0050103733685343144,0.0031934886625843094,0.005184283213389715,0.002795458041637408,0.03984962635777272,0.015029525600350846,0.014820815992044146,0.015578164423351446,0.0031621365747132096,0.02112158931976736,0.020403283734911463
57,0.02461973512376647,0.007977254181209923,0.0001116637711384003,0.011157373393588832,0.002810486029277708,0.013803836873092038,0.013223947042780636,0.0038328426403451106,0.046363301305931935,0.02097733951301006,0.07688202250649931,0.00012900341067940036,0.001828546308764205,0.0002553945683615007,0.0006356551126721017,0.00014673031234560042,0.0017508518928526047,7.533177848063805e-05,0.009272582683058425,0.02300083856482566,0.13419376206086947,0.0360807868676014,0.008787537109681724,0.04145438757402332,0.034176503072856995,0.03301501197652859,0.09083999798611116,0.024236702294651066,0.04806172890186553,0.02477160518854507,0.0003947247397871011,0.02181663450498646,0.0012419286977723035,0.0003955007549466011,0.041673178844501016,0.015243291776202941,0.01763144248443005,0.002880695145785408,0.06088821190711657,0.0006935408105899019,0.0002516138871458007,0.0011773224844416033,0.003328850162461309,0.00040564904972260115,0.02838128700349558,0.01435893264974474,0.019688381010221554,0.015175641464461442,0.009349240422423227,0.01055117215434883
58,0.03183216656373988,0.04832422746896033,0.01130931869144833,0.024092305736398065,0.001559443495042804,0.04755091371032843,0.0006744174537451019,0.005022500999272913,0.003920871254920011,0.05338994126529135,0.0002909814626519008,0.028569504951117375,0.09637069245132597,0.01528296332511524,0.0012649315497909035,6.956150584751986e-05,0.0004812602280763013,0.023835865210002163,0.046303856370172626,0.006144525114913117,0.0004936874992770013,0.005215028153042614,0.056612661395195156,0.040819646879184414,0.05370806343928344,0.004911155524724213,0.0064537770918074175,0.0037991600627952098,0.014575809650431438,0.0031394367799738084,2.7166784241397934e-05,0.09160147814545255,0.0003398210124977009,0.006360365932549718,0.0038425766127977105,0.007804921571072621,0.0063481840149548175,0.020518173910124456,0.020974173184822555,0.028059531869154275,5.662599129473411e-07,0.0719655314600063,0.01085303708130053,0.017421751754681046,0.0001515377677639004,0.015482565178179442,0.027174694359358372,0.008762655977154322,0.02565486244677127,0.0006377293933291018
59,0.10085465851691221,0.00939905946994132,0.002671866627606406,0.011823929059782724,0.08861141785414038,0.020002472881195443,0.0034183016973155073,0.0007542467039551017,0.03910786415020278,0.0009826379970276022,0.0011760833992071023,0.0015004564529134032,0.039240342325079586,0.038240227922549185,0.0469716769130296,0.0015228567455389033,0.0034240448431196073,0.002875430680732506,0.02742933013849816,0.00457099212784031,0.0001355978473363003,0.022292530715096848,0.039778857086440585,0.03789726092276458,0.0005570419359784012,0.0003870335940362008,0.000965516294156802,0.05392213199107581,0.0997649832888956,0.0012840790080086025,0.11679500539082376,0.0033161396525089068,0.025558462293272355,0.0006709518604609015,0.012149560987484726,0.01425183933221473,0.0018411370276828038,0.05830373577370832,0.021656329623666447,0.0011410131804796024,0.0003251361293812007,0.00480079744465821,0.00021329500975210045,0.02498738888214955,0.008039276409464417,4.0153410498353666e-05,0.000918813464030702,0.002885633919506706,8.279117460742452e-05,0.00045960984327120095
60,0.001493653237571003,0.009851647306842019,0.0025785152873611054,0.049673786848584395,0.01568580817749143,0.02123844494884914,0.0013535572078829025,0.004005798440472808,0.007529308107460415,0.01996521248880474,0.004206231143489509,0.005513251861565111,0.0007483133802641015,0.0012952188139262026,0.005540436339742411,0.017891893892913235,0.01556449501361903,0.001568941039794403,0.04515840060024199,0.08293170588092437,0.052802370624909806,0.0034245612359540068,0.061151314722019526,0.02088209538278794,0.0471745693195988,0.018181908519282235,0.008108147223694916,4.043688411404798e-05,0.006037570278054212,0.00464044475235181,0.007564529739307115,0.028901107635549757,0.11867021727113963,0.006134689906155812,0.00024628556616840047,0.0004220731760199009,0.06440836127591643,0.011516582435089222,0.0013789614801158027,0.01637637630307523,0.002417559011740705,0.01642236490013913,0.00509875576473861,0.03263195316567846,0.06310921202119023,0.039525837177031176,0.017528211873342636,0.000509584138873801,0.012809784968220326,0.018089513229939836
61,0.02084876929917745,0.02536951406901836,0.0032204402969731073,0.0022737137442792052,0.08033102748824598,0.001759351540800004,0.02972431190638837,0.010015027056696922,0.00018377957897980043,9.12337985440281e-05,0.07661448370316278,0.008438136289170018,0.02232485914364695,0.0001699593575781004,0.00013870881416120032,0.05430028949741422,0.14858977255415853,0.002441440468332606,0.017360517970980243,0.0076584473770678185,0.011727564207805227,0.051761205931630916,0.011728594204438328,3.1698004793036574e-05,0.00011040743422540025,0.004172484546513209,0.016631658112054838,0.08144041833277779,0.01334612873747893,0.00028043874633090066,0.023758453981967156,0.03892185616750979,7.941316933540495e-06,0.0006816282669279016,0.0002492285190526006,0.0003854299646231009,0.002960034163365207,0.00032861557366600075,0.0007036377658635016,0.003997402196410809,0.03599080937829338,0.00880813400027232,3.4477312216471617e-06,0.0011908437062462028,9.511683916827486e-06,0.06507740620315496,0.00447958674207621,0.02543289399434166,0.006511468699420516,0.07741728773191257
62,0.09372201825063092,0.029000748195768266,0.0433049586410612,0.013903892255403333,0.018534874164166742,0.07688037696302638,0.005684004073712613,0.027628907917120166,0.00010898795048960025,0.022392169220047053,0.014498641968987733,0.1666648926757512,0.014119959680278134,0.009185491865690221,0.047057735903252414,0.0001256839838707003,0.011524504316120626,9.227549353341717e-05,0.002142416017758105,0.03238276984556818,0.0016416078762250038,0.01319870003781833,0.04902711131324501,0.007950154024243318,0.0009526302112810021,9.7152667517951e-05,8.427436537241883e-05,0.0002541757408433006,0.0014513295740381034,0.03771279796472199,0.0409544392235698,0.003616330991364108,0.002626641953352406,0.01633720543381834,0.00036060841605020086,0.0006390792841702016,0.017089111615695637,0.0436927544633426,0.001198048809686503,0.0007872950628837019,0.0031816833588363073,0.005551548238863913,0.005563742364294913,0.0011291741928418026,0.006889288974581417,0.020084388681683944,4.828874667610429e-05,0.034363956222315084,0.05046765497410502,0.0040935158343245095
63,0.02462166439369196,0.04353756401919891,0.0043770386835391105,0.1240823161116317,0.009227856920213223,5.58481817789337e-05,0.010776111397295425,0.0014833218900795037,0.0384563668156985,0.021214037311241753,0.001163276973305203,0.006059255462741915,0.00045320809231940107,0.0002926035401929007,0.014091780015345135,0.0009489325602006023,0.030061640015772172,0.053298784761363134,0.060746383179538344,0.002164785360624905,0.006738032246293417,0.030244203254763673,0.0013580023245129032,0.004606570863782611,0.012068636668526329,0.0004910601310475012,0.0038580670265786097,0.005383842355159413,0.047212356175453815,0.03641533936148159,6.28650147525822e-05,0.025419337291263562,0.019633026812279148,0.07180593538407888,0.002926349082265807,0.007194624147692718,0.0030624205119543072,0.0018031958153842044,0.05065630182272082,0.015222612759078937,0.006752234157740116,0.10443883829913644,0.042785686783372905,0.0008358173832757021,0.01637487528667364,5.281146903332494e-06,0.00011925435465720029,0.0003748090120053009,0.03459895604039959,0.0004386928009923011
64,0.0013655513673583029,0.01807137488452814,3.9358788594131956e-05,0.024373557011487752,0.006871459251913114,0.06541513366860974,0.015514305208756433,0.04406710094219079,0.0005680786409333012,0.05434385268774942,0.016032482058971533,0.022233647364096647,0.002812731154453506,0.008019243446041217,0.007516139336254016,0.00981061770032272,0.025941773314567554,0.02010641984114144,0.00039949066079730084,0.03236608994106057,0.005650791782524712,0.0026357700899157055,0.0025745260826337056,0.008943066971505018,0.012846046382892528,0.11843390905564775,0.021427241422115845,0.04019697379136118,0.011530812597049125,4.1919353596158765e-05,0.08604396074231908,0.0010097106670954022,0.00952457777757752,0.0006289169172373013,0.0004905641314198011,0.0027595177465851058,0.0012176689789203026,0.014453065247114332,0.031060963831135567,0.008917765994794819,0.015279344516999433,0.02254392119635415,0.03261135697895747,0.029572629417562564,0.10357001788520963,0.02502979979441185,0.0031463149286020064,0.00013331049432900027,0.0005619904348432012,0.011295137519461925
65,0.0010655257774347024,0.06363280705789155,0.005121657341818412,0.0024385709398041058,0.005851337593347614,0.008662028231164121,0.005264371589387312,0.011355909153798626,0.11685766254564407,0.0028066394916007064,0.012542679946183929,0.013810950295913633,0.04822932906560611,0.020208888507031047,0.013761729162143231,0.017677562981461743,0.03349973737422208,0.07063371608243596,0.010578149479390925,0.008470814058668319,0.0005508033266388013,0.0016175179379750036,0.0014467050896486034,0.0008346884043823019,0.032545414653485476,0.051242858679615415,0.00022530477603970053,0.004736240399911312,0.05109107841801952,0.004947054552568511,0.006592826505470615,0.016120205714201637,0.061450703143136644,0.002557498623952906,0.023537813470435456,0.0008328486876138019,0.0001774015987749004,0.012068102460311928,0.00839645651101852,0.026052115809975664,0.0871928528474931,0.00022475945749430052,0.0009397740672468022,0.012139770104214928,0.006129126580931914,0.01836776356832194,0.016735837163940538,8.222470127492456e-05,0.06854851734451027,0.010145668726446625
66,0.002691481752746907,0.025287109661064365,0.005170935018007513,0.005412995203419214,1.0855681690668375e-07,0.0025933774573171065,0.04231980224963071,0.0794537316903196,0.0013742204030584035,0.12701072218600304,0.018058614034447744,0.0010607396004309027,0.07051347264667518,0.011806842087194229,0.0030810026580948076,0.0007704550884904019,0.03600718156582259,0.10671729623782938,0.0006990625990678017,0.0006988414640086017,0.0007171799635012019,0.028641767740364674,0.008790251297785023,0.0010144972970034026,0.008170965537402122,0.013332798947424335,0.008125650194996621,0.014514913209875536,9.112513590540864e-05,0.005513687778502914,0.006493176403722216,0.004949090993979913,0.0061734088925518155,0.01579854977488634,0.0047379653246659124,0.03188633579887618,0.022278456665272155,0.0005071815694926013,0.032701870557513384,0.008575060292977122,0.004984908309143813,0.06406699692890677,0.001914180145858305,0.03590846050542079,0.00010106567530860025,0.001585439672771804,0.02311120987236526,0.004914273803342812,0.001640832495873304,0.09803070705386445
67,0.03116224661974157,0.0007424301642207017,0.001331122712230203,0.002145012288487305,0.03725821915645059,0.033442721126027176,0.006485879407151115,0.018762591333545044,0.013722957056679731,2.139064692961828e-06,0.008535415419570319,0.009718803806804822,0.005875362840058914,0.005212890834390712,0.10809853472309625,0.012518840793947229,0.005067789211762212,0.010645330951611924,0.030742180416474973,0.03187005273398988,0.018663862080947845,0.0014040650147623033,0.004878692106603611,5.000493992080306e-05,0.023103002592494957,0.002602758777029506,0.03149387719110588,0.00853184844975392,0.024054024894245855,0.0034184303951425078,0.00048020972856550117,0.02257575019301685,0.0418434237979389,0.05303953530150012,9.384588696490454e-05,0.028486299064020167,0.0011106611859359025,0.15007148018478095,0.00034828224408370084,0.021294244886601348,0.014812276000219235,2.177553387564681e-05,0.026777085445852764,0.04939189106448482,0.005544690785130113,0.003055062187059407,0.019207133354262045,0.06348466477859985,0.004974723742534111,0.0018458775316330044
68,0.02791034056578667,0.0037076756841846093,0.0001638780305374004,0.0019369118690560048,0.03569875516950309,0.0026797078848963063,0.060367769713836346,0.01201469714579923,0.034347058673075886,0.003355688726136808,0.0005641150158797014,0.004011266098865709,0.0008735160109164022,0.02571793546912436,0.023401175296699054,0.03673410987871889,0.022447151953356257,0.006687007289807817,0.00399673552449521,0.004996198524901212,0.00838393586633112,0.00019739578840280049,8.336072963324563e-05,0.08812431142454272,0.034112424563838284,0.005036292510171012,0.032400881285308575,0.0872330321948731,0.0019209792625651048,0.01257830697846873,0.02380341750627426,0.022598575504400056,3.682338929255939e-05,0.0010369205711871026,3.5239100020778655e-06,0.003774706970408409,0.00858019145855042,0.02042873064197855,0.010800438279988826,0.00837211223718122,0.029003825286232868,0.058192015994201436,0.0035084544525556087,0.08236849405632389,1.8116432172671645e-06,0.06607715271818866,0.07133522518219948,0.0005609871490466014,0.005016673819774312,0.002817304099284807
69,0.0021674213793427054,0.03333041376170678,1.3702687126807732e-05,0.011311339910715826,0.017451070880355243,0.002037830764047505,0.0015063667411156034,0.0428277776682275,0.010832709387925627,0.035183793153192686,0.09543255689643253,0.007452997155959617,0.08145576536173349,0.00797582547997062,0.06733325775373995,0.0002237612253294005,0.009625306009601122,0.00402201329625741,0.00014352567941950032,0.00877682950188402,0.06370391299780635,0.046765326840267914,0.013529507747232432,0.0018905339302055044,0.006652955974668816,0.01792676771381994,0.0005325716346750012,0.028597437814721367,0.05250398002886322,0.011632041681536727,0.00915808738375452,0.00891989649935432,0.027477238625260463,0.005788676359341314,0.000410471337765501,0.0018560063178273043,0.009353123191804022,0.028781683499979765,0.0017144621710331038,0.052196904477751625,0.03756509886762359,0.0020402759557530048,0.004855836268663712,0.003841678590745209,0.012135980595792727,0.03855072293931839,0.023898687101670955,0.018159785986832242,0.0003852766403990009,0.03007080613144797
70,0.0016844967291388038,0.002417668191777605,0.004995478079780412,0.03404599997456598,0.02396806956013215,0.06048397487240993,1.068741989763263e-05,0.008898104733043219,0.008425019513425018,0.009259679917965022,0.015917440407366434,0.028071611182736163,0.05064985226416311,0.005292563650834012,0.0018576472277277041,0.04867767511333021,0.0001779076893371004,0.029896228320019067,0.01854261261177914,0.003098381140354707,0.0029599876949725065,0.04952612724242971,0.04878363654724381,0.02698268699873736,0.0007322797872273016,0.0007025091423524015,0.01445019042790953,0.0009018204032946019,0.0448266223222369,0.05494879532249442,0.00017050972491390037,0.012111363976359427,0.010531832032297123,0.0007144558525286017,0.006302196817419414,0.0019270912406033043,0.06207907159972794,0.0019075932169480042,0.015151311341618233,0.001380317703686603,0.08110548976244518,0.02278111313129245,0.0048588850241835105,0.0019786445261465043,2.215665605646329e-05,0.00456340091367131,0.011198100109355824,0.0932153171921949,0.06628991529032176,0.0005254793995476012
71,0.03299103074275918,0.00803212401827062,0.05743839451300093,0.00457385591017701,0.033447311993698374,0.00034062663488170083,0.011380344573018127,0.026343540362845263,0.013336917067047632,0.00023334247435430054,0.001290971580354703,0.0003367280557056008,0.004633082769969311,0.07912281967001387,0.00040451620499120094,0.02726551815372486,0.019168933003361144,0.010019551966146022,0.023322624964067756,0.020929445265539647,0.0062583572405768145,0.032757849921411675,0.0002116573502376005,0.018758379238194546,0.013743575758890531,0.0017690771488901042,0.014337070579292333,0.011978896514766028,0.06255923831245935,0.01782892507304034,0.00432629820481681,0.009915800480387522,0.09387489022115492,0.010790975567633925,0.000447939840362301,0.06576760963527516,0.0002928651444267007,0.0044236408067755105,0.06522123679986705,0.019645071781610245,0.03498096055018218,0.0004969317580103012,0.0022110396728629053,0.009795685257820923,0.0035560037244095084,0.0014978236969171036,0.01276074904019253,0.03665224313242668,0.029220487459842768,0.03930704016333839
72,0.08544870487894819,0.06803441145335186,0.01837473917653904,0.025610323327597655,0.03968537549398069,0.0030090857320676065,0.0034158181652575075,0.02704507546497226,0.03166195785716957,0.0003606286132895008,0.009901288985009622,8.176861948114378e-05,0.00038991682811830085,0.005235872272910711,0.027495435818239863,0.005073867040633412,0.05887895754000813,0.012221037655270328,0.01362814673158363,0.07222956401835516,0.02220712213277875,0.0002785947026316006,0.0003091668295275007,0.0002450485924756005,8.813076190791646e-05,0.03063165231753097,0.05262710910435702,0.0017782614670898038,0.021719044752557648,0.028348587478604963,0.010896410187794624,0.028079754151177562,0.001345453417702203,0.020675458887377346,0.00033092458096570075,0.010388685466725023,0.012843595749476328,0.002428652122485205,0.02354806769309985,0.0006385049298574014,0.011569389872964625,1.9746216758516928e-05,0.04894968593685261,0.020077326271668444,0.0010172777319980022,0.0024628632060137057,0.00469090643750231,0.017742350278302437,0.04578134803970341,0.07049890500932855
73,0.05807869684963433,0.04313355097366439,0.024335291094523953,0.08196636233380176,0.0012879525881460028,0.005683597652942612,0.0012348615499557026,0.017580335801072638,0.02248918491391215,0.02878499845503456,0.006499939244247614,0.035815481593032175,0.04128895839619269,0.03197999203835317,0.05282556407711091,0.047921817219187306,0.002927073156939806,0.03270413375890387,0.0004370688715315009,0.0031786121044786067,0.03305604782224317,0.002275796632205205,0.00017665204374410037,0.003636894347618408,0.0012630080269728026,0.05922239462178042,0.00022020862505630045,0.0031736995319338063,0.0035488044714537073,0.0007440549913604015,0.020644182837945745,0.013396807325491228,0.020327900566729742,0.003190778866118307,0.0006964183222681015,0.025665167448480457,0.0048084450033365105,0.015387867449265133,0.03394295455062057,0.0005757747373616012,0.08514937780353218,0.011190977838396824,0.0006958137694169015,0.03445900649702987,4.4675621185001656e-06,0.0046502834207862095,0.026261273211132155,0.030974373463424465,0.006512473209334114,0.01399462233017723
74,0.001895481826247104,0.0005974376825828013,0.013680222031827031,0.009435575729211622,0.026137664558338557,0.006453430763578814,0.0008827328276257019,0.010519574534940623,0.011696700957384726,0.010727180332901725,0.02111661728725095,0.003925605311250208,0.042210154935387795,0.032281238300668466,0.0011320379405054025,0.00020539806374980047,0.06985161271861065,0.028342600449709862,0.003478220419290008,0.00851167101090182,0.03370800452620828,0.02592721691390026,0.024792434602220956,0.0453208174696304,0.00905873230172512,0.0009186593052853021,0.07794133847016957,0.025771891814507456,0.01696219222287104,0.03216972522306217,0.01779797341444554,0.022994406762828754,0.007515484798035516,0.003911480792370509,0.024472591650893556,0.07034139553426325,0.01411628842696223,0.0003231180974307007,0.0009768390381351022,0.11140592963069006,0.0035270595522175078,0.046687197482892004,0.0016681210659029036,0.0006610747054890015,0.004926167302474811,0.009730441967485121,0.0005110449906110011,0.038184397213829185,2.682861948182034e-05,0.024569988422017054
75,0.022121642181087264,3.18756351911446e-06,0.07007382441740169,0.0005878926134465016,0.05878951852167997,0.0028691936400089078,0.0002552143110367007,0.017017008120698847,0.007805409115807422,0.005541478877650816,0.00015196185213810044,0.013817081584318538,0.00048437361075510135,0.08417535662172254,0.03809404799700131,0.013559827928374337,0.01448997513287564,0.0005795604651960016,0.04755566051887073,0.0004610493606223013,0.015221724580975642,0.010123125785384627,0.027576292441759576,0.0004894802350274014,0.06063394659706007,0.07221469896963459,0.0002603644471224007,0.0012957707914530037,0.005247378242261114,0.021086169367337457,0.023517635554380367,0.029699775061163784,0.017028951671594548,0.006400103187991617,0.000693369358370202,0.061605798888646875,0.0034562762528348094,0.03946562147930911,0.0063970611261681175,0.004020659005638011,0.0012459853791472035,0.026817951384957572,1.82782968107032e-05,0.004105984011349311,4.125059859286196e-06,0.13345436952307096,3.5490366577739125e-05,0.006475710099614619,0.005626650588339716,0.01734798781194805
76,0.005790735317799116,0.005383612429155015,0.000747188484679902,0.004186140687868511,0.057674929008536456,0.007806879139955321,0.014609472377604339,0.033364422136354294,0.03423992635264969,0.020622982473072256,0.009896663842396127,0.03044590453360038,0.004810787622157213,0.004693843234741812,0.017245518652056445,0.01805307320264835,0.016856031756981346,0.010137699849428427,0.09198469651502306,0.03045322838473438,0.003036469620217108,0.015470926877001741,0.0009065211645913024,0.006504147607504018,0.017034621602048744,0.00403168388213991,0.004587962002713812,0.0004483518566832012,0.03326698068322939,0.014230941795951538,0.0013948343696534038,0.0004947868632548013,0.028009869854168076,0.004295697888159911,0.00799112524014202,0.00012437221286790032,0.05952078320037936,0.0001533736258195004,0.006547023495241918,0.00020586257811720053,0.0015864066441675041,0.018152550734990048,0.04038903031461641,0.0007037922270439019,0.03142319380400668,0.0024807483178426065,0.20295649759380352,0.01816209312722265,0.02959968546665228,0.027285929348327274
77,0.0032164816775512067,0.053393485526131615,0.016915309213779137,0.014909941467135934,0.0033048570774900075,0.014695121843058833,0.0012882214072383027,0.030000173432870664,0.05881672415563153,0.025917245565351858,0.005240163799404811,0.0440587613314826,0.00036357636725070083,0.00015233639893270034,0.005549388277580312,0.0020993921773072048,0.07018564148065136,0.011134046139360225,0.015171253898977633,0.000462615248909501,0.0011861282548975027,0.001766676447697704,2.7230702797738078e-05,0.046120615989713405,0.0015076609423048033,0.00036022362063570083,0.019033481443756942,0.006152465035202114,0.031795342941696766,4.861796276518234e-05,0.010357977700036422,0.008068408343325117,0.11152845944077595,0.0437876798194859,0.017365899250282337,0.00411649134580731,0.05622124381893572,0.035835551002630174,0.005966674061205313,0.003958360150415208,0.0007583241592225017,0.07285331757100447,0.006305995651606214,0.0007312433816469016,0.007178820798778416,0.014230324806125131,0.03518978415896527,0.026848674623187758,0.012632231859214327,0.04119135822978559
78,0.0001804903218890003,0.000614102840587101,0.0008979702926225015,0.003666435399164506,0.0049557248296369085,0.01932506354437003,0.08309402688702114,0.08541821064149994,0.022933576444242338,0.002862511452640105,0.004139463345521507,0.01122257490214112,0.004928505741858608,0.020579627345216733,0.01562735493239053,0.022650760898073337,0.0011246563471925019,0.010125047477053017,0.00606138602573691,0.015332265193937326,0.01263723852886632,0.00013319847920830022,0.0047889227259487075,0.00630266866919501,0.046495770661450275,0.07415467660332073,0.04287514395977657,0.026955861443959447,2.7609232504110284e-05,0.07302704316696572,7.62978482539412e-05,0.06469686209004061,0.012816883024657121,0.01121657940061102,0.010111902582214618,0.0009844568295848018,0.0004105999214637007,0.03049076427645195,0.002295137449183604,0.049932650714017486,0.042367800768666766,0.012022685767640321,3.7418134932871584e-05,0.011600379440437718,0.00614310087442401,0.02972341612229585,0.018845034165638732,0.048467438808675385,0.010686302566972717,0.013936400879846022
79,0.05834254961218481,0.06040809694399891,0.01562112162506163,0.06638421232039063,0.07421779765487733,0.02280972631215844,0.01694316269354593,0.002321813673993804,0.02066348527618274,0.040213770853328175,0.0026106881106392047,0.002116311744585204,0.0050865100715860095,0.034093475975576264,0.007557661887366414,0.05995756553304271,2.9117640059607918e-05,0.004345479994219708,0.018049765966009334,0.05569323398912911,0.013369838856062227,0.00511011144394881,0.002793862971568005,1.7115502070271755e-05,0.04004577324565508,0.0499322709475018,5.6851513892835405e-05,0.002301395169816304,0.000519056783199101,0.02601780844157535,0.01741624470947773,0.026387277512409348,0.017967534372486035,0.002543377153888405,0.0008720062926240017,0.043481361779604384,0.024295350615508245,0.007686575800507815,0.009075504506937818,0.013952572264637326,0.002512646842274805,0.018722425874588736,3.8028034730198575e-06,0.00976338981180502,0.008818463896278217,0.06157560409400212,0.0012855096893848023,0.006858646634629213,0.0008162361551873015,0.018335836437069836
80,0.01185206745319773,0.017228254993709943,0.022224192231517257,0.0003169939169619008,0.0018170469549978043,0.005780769693318014,0.00010636875877230026,0.015295679573917639,0.0001652843840160004,0.0007514057617380018,0.0004512143641557011,0.019164142362329446,0.13878819410052554,0.027093214022087666,0.00012504873125620029,0.0005645139140694014,0.002094917638406505,0.01176705240708483,0.03508776913970278,0.015123902916982337,0.050750736683913424,0.0007680013069638019,0.016943150941280842,0.06197585313852105,0.042064088940537606,0.00836301482470732,0.020126324248109447,0.005444638663122813,0.005581556695178914,0.0010078261744480023,0.03778670250967389,0.00411168808266251,0.014368311942585935,2.2165480182391625e-08,0.0007856068665636019,0.004595601531837711,0.04859718465911542,0.03177760852120338,0.07875269238671219,0.03459161275368208,0.00414867726321201,0.018525695944026345,0.004774753470994111,0.007121804640483717,0.04614821887467721,0.0016098147175865039,0.008382224869552021,1.924199232539868e-05,0.05071981463086703,0.06435949724122846
81,0.04803409083509472,0.015424492458833539,0.01968633453809525,0.09626870729352624,0.06395147591590246,0.06195468307817685,5.1239525306695605e-05,0.0024428111236145062,0.0038081337798019092,0.0412758411168916,9.385860425254206e-06,0.00844952093859152,0.02839661679416327,0.00015905846456450037,0.0038379184231152096,0.007654888747937019,3.085590810173271e-05,0.005056166511303212,0.010129130558856624,0.0027241973040953065,0.0020513934827118053,0.04710659629924872,0.001270346534140003,0.0013142654583010033,0.00035458772401410085,0.03196592430901188,4.9406195622026425e-05,0.0006480244171332017,0.00035073373986040085,0.041193219787292706,0.018907826237359045,0.005334393665763713,0.0005914235718655015,0.001642809793043804,0.045437619474361514,0.13252217976205655,0.0033540354467087082,0.003275801857145508,0.007734105780949719,0.0013035737761728033,0.022535174760689357,0.014919440194001836,0.018366574359801144,0.0007519959944629019,2.9903288763721957e-05,0.004872424303771912,0.004228094611337211,0.03358323645175018,0.126401731236884,0.008557608309377822
82,0.018284922398185847,0.00015282526454880042,0.011566560264590532,0.019115852010335353,0.009720845061862726,0.049345121862351335,0.004189868759708711,0.016367044230392945,0.031791769354820185,0.0725884882373417,0.0029024407210633076,0.005540702527593115,0.05148763045957554,0.0390756722543637,0.0002209776446121006,0.009108696266055724,0.001138644552427703,0.011503777331117132,0.004500578742181212,0.00743242079213682,0.055083869873210844,0.010643728697658228,0.0051105306418685135,0.005030722824311713,0.009496191155488826,0.1152926349935785,0.00036780076412720096,7.699525343052058e-07,0.006314931893714417,0.001575932756690904,0.04856768715559413,0.028894473332574777,0.0059736832334919155,0.0018285555599872048,0.005496033290220715,0.005151596941132814,0.0711345731721707,0.020278512442369955,0.13865203690671096,0.0036116145383501097,0.03485348846512069,0.0002963227794026008,0.0007443957564091019,0.016074224653786943,0.022670743754633158,0.0023628476125281063,2.8371766718247004e-05,0.013451449266463137,0.0005199893103807014,0.004457447773506212
83,0.006732306301207314,0.06601975209317584,8.674267689165959e-05,0.0002895611581415006,0.021868325331864544,0.021949001391126644,0.024030255822943953,0.04436121006333729,0.0065708387616039135,0.019763650691929143,0.00030792884615860066,0.009456275888292318,0.01819290749606934,0.008608626032178218,0.022651055985448948,0.008082081936189818,0.0012822689273730026,0.00012336685942560026,0.00036845397585660074,0.03126368703754617,3.9257875957868497e-05,0.002385324622340605,2.999557587443707e-06,0.022624353078181947,0.040515516347270686,0.034358346873324466,0.054641461926804115,0.006434994423035814,0.023536521137784348,0.0023027426901785046,0.020917291261934645,0.0005840963129433011,6.439863109328342e-05,0.005547032303480211,0.011028379767775622,0.001412105419963803,0.17621989550113645,0.0025007283909616053,0.002298023869315405,0.007416779690831515,0.023961732792018953,0.00905966364507882,0.04075477950896908,0.002939243165276606,0.05299635687176981,0.017935731037473538,0.034533749161344766,0.06820019492520724,0.020991618135289346,0.0017883837989097037
84,0.003514357052692508,0.07826829418742028,0.05088139816013981,0.0873793144461595,0.02157607704657635,0.0033356444779611073,0.0022147204695995046,0.01877211164801544,0.02855404002333706,0.014155935966955531,0.003953086850818808,0.03587532799618377,0.017921363414765638,0.003984181825479409,0.004072057047938608,0.00028497696256780063,0.03322850348222418,0.012117153625360227,0.0007335465730627016,0.00488058136050281,0.014098084019725732,0.00412237511487121,1.2565828681633267e-05,0.014395451535656231,0.08072253954901318,0.003970628485973508,0.029949470085069464,0.005928436156643013,0.034791864935910174,0.010076197886391823,0.012215339752888127,0.02410813360112705,0.001003939250043002,0.005007287754523911,0.08355330742254778,0.0007880938903445017,0.007770921144809317,0.0012928854154744028,8.49355061576846e-05,0.023636960741101352,0.009888676365853322,0.0024428595000800055,0.11171994118840425,0.00020704713667660046,0.017485347939400337,0.04874238852977151,0.018707719792856542,2.804622285385109e-07,0.0001313530751059003,0.007442295314908616
85,0.0009225292948088022,0.042366721338288595,4.013998346870392e-05,0.019686205358352245,0.002957847318762307,0.014851842817785135,0.005985859881247214,0.016216498369805737,0.00024744256747150057,0.005346264967807712,0.010095762976725825,0.010891252956739325,0.018248733281951243,0.08762137046087401,0.0032522525646246072,0.15948536541777705,0.008677663349022821,0.006880223347223916,6.972714258168506e-05,1.346649375638544e-06,0.0015588927446999036,0.0015973809553911037,0.0006521570320618016,0.008834132947453421,0.05885084974157514,0.017075075294450237,0.028259558338225566,2.0744945533557018e-07,0.010087321030332025,0.0015513014099407037,0.0009081234251743022,0.00038445427757510093,5.070160420334515e-05,0.015222539074724635,0.0023406903595387055,0.029194883087144668,0.05084929520694722,0.00840404286074222,0.03606094540508678,0.06847617757058927,0.18045124322738912,0.014245358947173234,0.005459015911322513,0.0013656496105009033,0.0028643566806030064,1.344130787313771e-05,0.0010482287938995024,0.011264505022781226,0.028408689440584566,0.0006757311978673016
86,0.03790791626285259,0.042000674808759,0.002959947155084107,0.035541269213563785,0.0062467738941235145,6.7767344256288945e-06,0.014029107570454533,0.006267443790241115,0.0402466989672724,0.00816770761254242,0.020020222725218844,1.01113495235327e-07,0.0036278828600628085,0.0015254992833212036,0.03323060096281578,0.00027873269646490063,0.007972765407593419,0.015221494290990435,0.0005525112914482013,0.024074360226408055,0.00031662727697310075,0.003911715328001809,0.0051943760285713125,0.017728314872567243,0.052141129094133924,0.00453830781752201,0.004838253419609612,0.013119918328389532,0.08029894072098438,0.018212897387471443,0.03387571943121448,0.009856673006539423,0.030918464468850673,0.0009248577260239022,0.0005573158900715013,0.003383532253464708,1.2384537643395601e-05,0.14655762831410885,0.04733762163043591,0.042862926481353196,0.03162232476111588,0.00022359645807300052,0.08550091768986999,0.0039955813543646095,0.019046426135397344,0.002636730768365206,0.015579413676362636,0.003267026341258108,0.007381805011394718,0.014280086922730133
87,0.007023456360081418,0.004798835006978012,1.7766146009293784e-06,0.06858325102541436,0.024031071752574257,0.000807096107007702,0.014795655468125236,0.022503779908686357,0.057039720023391936,3.71530339709405e-07,0.0425343493875095,0.01711156485956564,0.009417007505911523,0.014290176269696534,0.013525619258116734,0.058469998307394244,0.01627807450259014,0.00016500584870540042,0.046945868062578416,0.002518557275082706,0.05424527840942323,0.05688803862905264,0.04903961504005522,0.00034719856660000086,0.0018250433930531045,0.012632183336031631,0.009767311590152924,9.43172166270234e-05,0.0015501524150581037,0.008822729060732021,0.052385597969517125,0.005960223862536015,0.006654080584470517,0.0009622230818034024,0.013761723387818734,0.00031021061595240074,0.008882871082321822,0.029903503619503273,0.0055955113875200135,0.0021754020862055053,0.00018888592267590046,0.021279548263839553,0.0005851197166556014,0.05129648989328193,0.08982155150990923,0.0006279753520659015,0.014981831265858937,0.02035391952791845,0.019018518861337545,0.0392017092776715
88,0.025068253743052264,0.042398984886450414,0.005258578288205314,0.006763364019390518,0.050098717031464034,0.010671859947748828,0.0004377495113145012,0.04960195490753983,0.004305727668032511,0.006584848806636618,0.0017948897600304047,0.0016606283504497043,0.015085950756672739,0.11727344393247612,0.0357495855187667,0.00043430199452650114,0.0028017453641055075,1.1819047103258802e-05,0.03508518695970549,0.005539700883768415,0.012567213419760533,0.01148587219148453,0.0779324842341446,0.07418772196603729,0.0007590078407328021,0.002198729955735606,0.00748022094648252,0.028891009498769476,0.002574992116913407,0.01156272999365163,0.016962260513903246,0.00761124964878992,0.0004755258536115012,0.016700492356234446,0.01473982168342684,0.023269415146618563,0.0023770741738704066,0.0039161930469946106,0.0034237330170052093,0.012809750212265535,0.014060847069500637,0.013940326417050437,0.05125867444038574,0.002238113204820406,0.0006171839963390016,0.08871922866390544,0.0353771962976438,0.014273583607847638,0.020138054329215452,0.01082400277941913
89,0.1189390382862107,0.07265365671260278,0.03174915011178298,0.007338168723190719,0.008035850214036421,0.011457426188698529,0.041365213965139,0.008580743148353923,0.0023376552498993062,0.019889859721667652,0.004883335863899712,0.09476826640073173,0.05335184751380544,0.039966908864753,0.0033134478798062085,0.010533660089415527,0.0017899095329765046,0.03059019793408438,0.016136248403381143,0.033748672700773884,0.003227690523723408,0.001227719849118303,0.00765894414391752,0.009360124495178025,0.059666757963101155,0.07211682612614448,5.650002806384427e-07,0.025523229063768468,0.0012315508474179033,0.002699601909386507,0.00837223392492312,0.006938025622329418,0.0069674839285177185,0.004689992030339412,0.012067633105017631,0.004162017368233311,0.0008801069533547023,0.0009197025407511024,0.02449986546049726,0.004743749230705312,0.0016821847870072044,0.001492832273362504,0.030533098624776475,0.06476525661555246,0.0010253495420615025,0.0018021693524003046,0.010042583328220925,2.3641086479945197e-05,0.016334255738088242,0.00391555106013551
90,0.00475833812975951,0.019366296593996142,0.03980534903596408,0.05829986129775482,0.0011766838252171023,0.012265258465563027,0.009635750200311021,0.002346814238590205,0.030728400384104567,6.113580013339944e-05,0.006579653432360614,0.007280935017078016,0.007160684968096615,0.01779827458195224,0.003876047778056708,0.00016807213808640035,0.0013637297990933028,0.020760599265625245,0.07065974752970275,0.023034048975524548,0.02469300038910585,0.012833969095542828,3.744798425294229e-07,0.005592327703683112,0.04385800480495329,0.004222978675199409,0.031226174861996164,0.012518081700490225,3.947322639880063e-05,0.011997079423755627,0.08294926177907538,0.001056559180349602,0.008501420541860117,0.03783009003566228,0.008225968699487118,0.02936826887257916,0.019878666919136943,0.00444230981325041,0.0035131041195935074,0.08493165921476438,0.0007699602206322016,0.014731888753989432,0.05788678607528173,0.00030103052765730065,0.0897572812614148,0.007148639472709515,0.006151779111420913,0.005154040477145411,0.0012035773400906025,0.05209056176596081
91,0.051793661564402446,0.02311620594304196,0.012507495075075734,0.041984280190488416,0.04834991679324343,0.006685134143299018,0.005619367159131416,0.0026763201375625072,0.09152046117863565,0.01914091138809035,0.0011077222990422031,0.04659936043220223,0.00018301125518310052,0.012204449221740235,0.018269234745517053,0.0358396603491089,5.670140228310209e-05,0.008732303399560224,0.011289894655087132,0.016281963269045643,0.002556159957090107,0.001785647297609505,0.010305460400586927,3.335866626448115e-08,0.006306034688659017,0.04524312243116393,0.04587129970183172,0.050839006145927436,0.004601572816398213,0.08170403186758152,0.0017127558091545047,0.029820733090660682,0.030133399419812183,1.936793542172106e-05,0.03150136198079939,0.0715291787012856,0.016894742135904348,0.00013106128714140036,0.00018123153012710052,0.012368794732018634,0.0016771014622834046,0.026953574742397277,0.0006582386095122019,0.0003827394431068011,0.002517172011405107,0.0338545084726991,0.0001420206748648004,0.0043390172068288125,0.0005997907334621016,0.03141278675385969
92,0.10052325399891762,0.0034432081122351076,0.048178900954661506,0.06149272861453514,0.08267083931805778,0.0046858553298369104,0.0053692138745832126,0.002717606375207406,0.01695193755617364,0.024123715225455252,0.004908439564644211,4.3409104457749387e-05,0.00023833958267800053,0.003628207070728708,0.011192889433246324,0.019609994138693444,0.002764015276911606,0.00011909358758300027,0.014502996840416234,0.005478057240566012,0.029335991494126266,0.0004773815567207011,0.02115589547120575,0.005808579219531213,0.00481496382019671,0.02320992563104885,0.007763603390195917,0.028969627961168466,0.07045448153147435,0.035668281882627176,0.0008993422662099019,0.0004191748984072009,0.05936662286801783,0.025112903597294556,1.4456099251423673e-05,0.005076821708949411,0.0025278614796555056,0.04131400557604409,0.014281045032181132,0.01663178556011714,0.0019677344390680042,0.015871245654251534,0.00416333261285011,0.004097552476416109,0.018926640494701243,0.025015816173193057,0.020181429375542344,0.06540454441883074,0.03650269377282738,0.0019235583383070043
93,0.012887465532889724,0.0011529856246840023,0.04469833842422368,0.009441285499215718,0.039095674344699675,0.015105475319342728,0.009336203815043517,0.001119448895091602,0.05726417191726771,0.0554835274160635,0.026580646974646648,0.007214083944741814,0.009660633374492219,0.001200115740560502,0.004102165102830308,0.009094831857657018,0.00010055573537250019,0.01689235072359493,0.1659826524809709,0.03525455541810117,0.024316530227620547,0.0008187219947903015,0.0003713612306454007,0.01682193242972113,0.027402501051168954,0.006646085257514312,0.0072505110398157135,0.08515013551095486,0.010492579491985218,0.0035106211806769064,0.008456119788154016,0.009705034109292519,0.01672523851702493,0.004524563873026009,0.00023333525641720042,0.024158898569910447,0.049643929214088896,0.01944311301272764,0.00546818917850951,0.013760482093991826,0.026669896127842953,0.011601642029627322,0.0025043720665934048,0.0015911334865959031,0.0011022771783740022,5.166141399354318e-05,0.00029380951322600056,0.016956699459925933,0.0546707597839655,0.027990697770329052
94,8.221243035459134e-05,0.007156912170422718,0.008837040609989123,0.025668933454952067,0.025972133355759965,0.028731959983437073,0.00010722663602980027,0.021396083032827556,0.015255525491910239,0.0010018671706487027,0.03279606617325318,0.012552564682026632,0.005490535389796214,0.01688904046425274,0.01912154819213485,0.00033032638657000087,0.017960259592738344,0.010437696281246127,0.00039201339233820097,0.006907347678485318,0.000790873005883802,0.046156133852464816,0.010324616455050527,0.01243897774356383,0.0020447343349667053,0.016396613199943642,0.004528938460816011,0.0025559376199585067,0.0007467977637008019,0.04892431002887372,0.0031932181143348084,0.07050335519923139,0.013242485328600033,0.0007390121588750019,0.025668721893267965,0.09494350741137854,0.017184342459734245,0.0012577686542330033,0.0008307271565337022,0.07186246348511999,0.02736565215112287,4.88400992946511e-05,0.012013064779383631,0.009444272641454624,0.01860747988540075,0.017939755619694346,0.012203914449842932,0.1596591993669962,0.004615126092308013,0.03668186801879759
95,0.06720454439432906,0.0023538732037233063,0.06198730811223156,0.01640806657949204,0.07343756361569989,0.04510302839588982,0.0007943348679174021,0.025843965473672466,0.0018414131125892047,8.713646382030568e-06,2.5755434727486773e-05,0.018331459369072343,0.05948991249632545,0.009390323932761324,0.0033059369338771082,0.00010295187590790026,0.021965590809656054,0.00018492100776860046,0.0004570036632159012,0.039304101487144895,0.00016591828621290045,0.0034189681881795085,0.0016590032312711043,0.12500540000062024,0.013962326815997236,8.061924613475412e-06,0.003175342385349008,0.055981189516954744,0.0007193616537167018,0.006214233746128215,0.021238530838363457,0.003073825959115008,1.3311496901624136e-06,0.00024011436391050062,0.009468441389078524,0.041954386027002806,0.023186847210928358,6.722190000562589e-05,0.0418837743635986,0.015727473918592142,0.005484578876473614,0.007594100838778119,0.02492111058777106,0.00043884386870720113,0.015825940146173143,0.01897041627639455,0.0070277498135142185,0.07220895644466169,0.03256883239565298,0.0002669494701614007
96,0.021463489878134637,0.0042395089315442076,0.0054834541445894095,0.016374219483616028,0.007540115893348213,0.117998176492698,0.013130224271525822,0.006666906400358012,0.013691999454208023,0.01659419906145563,0.00600884041764431,0.010444382688829018,0.010388916941938518,0.008319934677737116,0.035167026400359964,0.006778551052285412,0.0001678593936180003,5.153503367860378e-05,0.02796505714213455,0.0017475159923888031,0.004796208462200409,0.0015120705389336025,0.1190547244959282,0.007570062841971914,0.041327009345769376,0.004819053973118308,0.01031893072288212,0.1140992584289083,0.008502187117238215,0.011723415074603621,0.036040714562214464,1.4884779138319628e-05,0.03946234324196517,0.046707966349278485,0.030459482760756055,0.011279530979665421,0.045422527693359485,0.0032298109775878055,0.047632612755599484,0.007885536144352914,0.00019762938843150034,2.440237311285536e-06,0.02818838817491105,0.00013472863559410025,0.00014961292254330027,0.0009408871450334016,0.0014535892027297025,0.00044237402724200075,0.006296268494804211,0.04011383677383527
97,0.008553592884069225,0.006691992081737618,0.01092282714982773,0.02152737843794956,0.09858732339143647,0.00016416117332590047,0.022488506231133763,2.0705682458873047e-05,0.016176175102920846,0.00026871122354780075,0.006990030073552119,0.003953681072021212,0.01144160966183773,0.030925890331769085,0.0020756174277866057,0.15469084418136692,0.007975700081926223,0.0006850545940762019,0.003045724470292508,0.0005596751711731016,0.011460082645308432,0.010457668978605129,8.087838845224335e-07,0.016195052137560544,0.008532715819022424,0.047063881573754233,0.008600899853896823,0.00725949089850992,0.02219144460108846,0.004455695143760112,0.0009243917221888026,0.013432649366190036,0.051386609569381146,4.4935660483704204e-05,0.06177021594827387,0.0016764562452277045,0.00040626034467630115,0.016266355991073646,0.008802676618060624,0.0756351994981818,0.01412588625378164,0.0023207353633830064,0.02183833218753406,0.00725989685827152,0.09446123210749187,0.020636369778513058,0.002149386010847906,0.05119497580770844,0.005982764599620216,0.0057217292095106155
98,0.03788061020572301,0.023837051826996268,0.08036163434767433,0.04391324992676623,0.05645338256028606,0.025983297208600577,0.029458354087670686,0.047874096842012936,0.019126052393685054,0.03841240177842041,0.008313968483968924,0.009742469856965428,0.05602879512292486,0.004830149673147914,0.0033009978427177094,0.022610128037789667,0.0002797409709096008,0.002703853535106608,0.006119884557038617,0.004798993689249114,0.061150385897294476,0.01391895128742684,0.001337889917367404,0.004766865329638614,0.04040853724774852,0.01796714167734805,0.004385626551182413,0.004400677038064013,0.04486543393839683,0.07008964558399351,0.011802269398762834,0.026689731310052776,0.0019323818871362056,0.0062349966080744185,0.000670446055858802,0.004404710586610013,0.0041292563700696125,8.740437077293164e-06,0.007479808722722822,0.02416385936044927,0.020185898450908058,0.007437901724834321,0.0005553404123108016,5.2850902481506475e-05,0.008394310543800625,0.020474873555976058,0.05891986354518727,2.1876648269678527e-05,0.00994475143568303,0.0011758646276203034
99,0.02622806140764806,0.013172865456064931,0.016244139776842637,0.016923764543362838,0.0003408193695364008,0.04786484694096011,0.004611153065499611,0.021728803026510653,0.0441210694230863,0.08302610906251649,0.026797957861763862,0.020061823329748946,0.011504342218476326,0.10666256024018354,0.014179309354037634,0.005003341742806712,0.003480151464792908,0.046526785428392614,0.049376941332544215,0.00809815441426162,0.03273092259360667,7.907500681893731e-08,0.002977677972488707,0.10507598803012155,0.0006253731528211014,0.026732576547252262,0.022690008495809853,0.003534467187924608,0.0002585187729769006,0.002263653390558705,0.001272595796973003,0.0006753389844408016,0.0007281722974333017,0.024522320400701555,0.01356154654327603,0.015220542573706735,0.00026994306911040064,0.05447310638080843,0.019650191018861046,0.01264441494081683,0.00420375776791241,0.003393389608628908,0.052876356263258324,0.011655489557728127,0.005961678965106514,1.0163556231550827e-05,0.009817451590918623,0.0018782495736650044,0.003894929578647109,0.00044809685417180104
100,0.09126355975630807,0.022339098415717542,0.014295482815126328,0.026387324415184748,0.023272780762147047,0.001624678376107403,0.00537258797472171,0.007258636281606514,0.04110252332156138,0.000986313985525202,0.039277639414625275,0.04788381931226799,0.00559804018795231,0.014991775985440828,0.005106115693348909,0.003939097200241408,0.00554976636329801,0.026393667085065547,0.06325909002877182,0.012699401809558124,0.013231050554502024,0.03989428755924978,0.0037458800313526068,0.024324304715959446,0.04654628662047339,0.018079550362605133,0.027933428231820254,0.003638917033083507,6.807185530961604e-05,0.0013741318254811025,0.00047038124281670085,0.039524793637990475,0.005081427622851909,0.0030571132350642057,0.0013170761714692025,0.00485892471343841,0.0047611395622255085,0.013721557631774626,0.028601592130772957,0.02610599341676435,0.0035011135519993066,0.0003266053795067006,0.08647193863437247,0.006572678544124812,0.028891808817433057,0.020092774267559038,0.010312348494475319,0.040400926908012676,0.034578939541779666,0.003913558521155508
101,0.06973051312887016,0.001392386178421703,0.06764275819361955,9.448050144855639e-05,0.0004772999012306011,0.03560982053071548,0.02646389312207926,0.006240615655059514,7.199519792790423e-06,0.02712452000223296,0.05129681508602671,0.08243273688452989,0.02725751240139876,0.0005225684909997012,0.004665573573879911,0.042942132416878796,0.04186183667921489,0.012186675518027627,0.007317747707173317,0.027888937755321464,0.001747252752412504,0.028883117785712863,0.0025038583950613056,0.038982511772765883,0.0007539921904898017,0.003069163285028607,0.00972853400916792,0.0006628678655831015,0.0005612258851684012,1.3144266834978077e-05,4.3630645625470926e-05,0.0007560713336695016,0.0037912340978669083,0.014653780464545532,0.06776418352303755,0.1351516704757691,0.011554871486998826,0.004289363315450909,0.011696222405215726,0.025942796955368958,0.029861098970161468,0.0015629254115014034,0.0022899946374905053,0.027953126352254363,0.00017663102754090037,0.023987252941935752,0.00485264927646341,0.00018836642852510042,0.00024554955422830053,0.01317688924120313
102,0.10911978316460434,0.01803932181557924,0.0479720431071201,0.018041593617570843,0.06495372562983563,0.011977080515083026,0.0032960231186162075,0.013900688460968631,0.0430124000508742,0.00444714252870871,0.005916935105794713,0.00859061517312632,0.015581908471263034,0.03374398943130558,0.003087261803358407,0.003714546221108208,2.4607037206686798e-05,0.0015940986848836036,0.00422803942137951,0.003162102909126907,0.0026216051337696056,0.011072133463820424,0.007521141871968016,0.005000168356766112,0.03641511075951048,0.026713843708948058,0.002747308335068106,0.024519712435037457,0.016001624232525536,0.0038121138684240087,0.07803125609101427,0.01764504936626404,0.00876439615748712,0.08112923624809898,0.011618572918602627,0.06257449530513164,3.966023249236653e-05,0.033282401584997776,4.89476162130027e-05,2.2472828895017627e-05,0.04090096284108819,0.0020686358454542046,7.31466598625881e-05,0.010257224318682623,0.01299168445156303,0.02130947784099535,0.024436257095577254,0.00019402680867670042,0.037407137994151185,0.006376289361400514
103,0.09833079085627894,0.13352604480911223,0.00410879079493711,0.033353141043212284,0.04540590886126451,0.13251442677489852,0.005993219007955515,0.0038333543186905095,0.029604805530013874,0.00789371319793732,0.018616090451205446,0.014488854533005534,0.033061008671275184,0.02604375556995466,0.039968618865825596,0.000803045448903202,0.0011513719778477028,0.009384021231365022,0.0009199376802644023,0.0005971877445940014,0.0008442407652591021,0.009141226024133923,0.00017578276987790042,0.001244469238155003,0.00023505303839720058,0.027430619644788965,0.0013158030214986032,0.00788527085562742,0.006166297494728015,0.0034856375171283087,3.275153976445783e-05,0.005230241434447513,0.027259815607390468,0.006981731534521918,0.0793854264142434,0.014874032785924836,0.0022797453216482056,0.013582861844152333,0.0013008833490396033,0.008069095304695819,0.010213814809684524,0.015774566155887338,0.013374773459361432,0.0001949884000486005,0.03174049522287028,0.003135380293225808,9.608805999963695e-05,0.026183439426447363,0.0019032526776667045,0.040864128620843695
104,0.01455872213780033,0.003898794366619008,0.00011371296251630024,0.006292624497191612,0.0024230251755492046,0.06553922946861482,0.006890377761659214,0.00042532184545030085,0.00478726425536981,0.006058860970319312,0.0011514565853097023,0.02902376484481346,0.0023128243962834047,0.027152550753071054,9.022031188418273e-05,0.13826448649484918,0.009283568382035519,0.09126434876712078,0.0020893540220485044,0.0013124155987841025,0.02422773115197405,0.02974428178733746,0.001520989245738103,0.0007367517124317015,0.02165649266652134,0.051266532431945205,0.008598911531721218,6.30383922715687e-05,0.004538525651712609,0.0021761338673944044,0.007949300502049316,0.0001550522401640003,0.0013503411588407027,0.0008769052429238017,0.0023446192970470047,0.11504514918816233,0.0017647880575017035,7.992590277344917e-05,0.0027295377401552056,0.0022479011648466043,0.19049237019957818,0.04576715869482629,0.012318935391317825,5.616821783648279e-05,0.02370099467869065,0.01049400954415192,0.01496763194409153,0.007715566711956316,0.002421870181166705,5.946190558254571e-05
105,0.0036889767074169072,0.007321628404211215,0.03762986300995948,0.037620587999919776,0.05659477405398631,0.1380433053715895,0.006487856418594413,7.409109383803989e-07,0.0042039476831369086,0.0009712079851159019,0.02499737301411165,0.002708182273678905,4.225655980126221e-05,0.014023772656076829,0.005993696339362712,0.11489804009455254,0.0004909966441617009,0.030138820532013458,0.0029485724364396062,0.03419442224444647,0.0004399354111585009,0.011482481465580723,0.023503870666538747,0.05703604692686541,0.011890724871871124,0.026566955597778254,0.01994935277859044,0.01906664053747204,1.8591085935672338e-05,0.0016897726502387036,0.06963024991870014,0.0031849838300599064,0.008616954585903617,0.027259123703329755,0.00016499776895010032,0.050348307635644705,0.0006613965890617013,0.002017717609411904,0.0060784745370664126,0.0001480748237836003,0.005357307077355411,7.240414115108951e-06,2.1228320927350388e-07,0.010074813324219821,0.0011747589607427023,0.0017943686322860037,0.005584266047966612,0.03883327006703668,0.03513030691176547,0.039289781947847276
106,0.012231124897277427,0.0006723655442640016,0.007332228012765117,0.00450185160845251,0.03057334905690567,0.0433733645476355,0.034765924603101475,0.04029518710898469,0.001875551574125104,0.0024962826953690057,2.1165292900499886e-05,0.03507369587627428,0.007576368668862316,0.10422925523067203,0.05217168329678592,0.0007764285239013017,0.0006180320857316014,0.05608834312791172,0.04641248348034441,0.016638213371979137,0.0024647160911589056,0.0014470322999547032,0.019185953903598542,0.04038208350574019,0.001320059058887703,0.006006278887046113,0.0443351619057,1.0671034174940062e-07,0.014837743563920133,0.020011954037617144,0.03310862692923287,7.63526966793061e-05,0.003947044398156909,0.019708026346264645,0.00044819912112720097,0.03358849884396098,7.784763816579789e-05,0.015309760611492834,0.0063937925698766135,0.03710492050571338,1.783031067685961e-07,0.015193998966221733,7.694785089368688e-05,0.037264229333447585,0.001355832226117903,0.10382928536144713,0.010099829273706822,0.0011099425823952024,0.020588186751058644,0.01300451112272533
107,0.001980098285853305,0.07239476823293989,0.005055735508836814,0.005070277326781914,0.009627418250547526,0.009007130053348024,0.04044086422626351,0.04680153827609353,0.0030481718286718084,0.024351304748078464,0.00029232243803220076,0.027399098859101172,5.491152796018083e-07,7.224515951582152e-06,0.011594290183571632,0.006076505559111517,0.008284351849186522,0.04405339540201062,0.004939063784178913,0.0374068233583571,0.00025397206458810064,0.028347564000699176,0.010375759822281127,0.002298934732429606,0.013390862352038936,0.014010232632782438,0.07192379191151979,0.005791688151857516,0.004263803418061711,0.0004882030546382013,0.014341555966731338,0.02577501508273377,0.000386743330879101,0.01571599137491554,0.00010455430036730029,0.00808803714224952,0.05190937102284494,0.06604730550920677,0.01134132907481633,0.00017107149002860045,0.008584126934481722,0.003353488482145809,0.006894562358105118,0.008640624976748822,0.23491477411518463,0.0013635004815452036,0.010097141118659928,0.006119487148737917,0.01512795394912874,0.0020476221973968057
108,0.06407454428906774,0.0481069635371609,0.06370245983516713,0.0022328189894137047,0.037137378821174585,0.010212854866648623,0.0002724893871648006,0.01385408328017733,0.05397795595631072,0.0029640273073463065,0.02123050214695365,0.01703513044466274,0.003571518166839708,0.02830180105901166,3.166209767769663e-05,0.002065854881637905,0.025120471187335354,0.001890212483155204,0.012878508583049227,0.04206574869931469,0.00462460864718461,0.043553049312894394,0.05855692992153403,1.8003394406254154e-05,0.0028902197757556063,0.007828399293554918,0.03253540689980807,4.3921494603412765e-06,0.10493174395253864,0.011694095342649926,0.00046691795103230105,0.003133747092120507,0.0025670382163942057,0.04160136317078329,0.016514482560646238,0.0015692542142556035,0.014591947838515933,0.0011063054930381025,0.005946127405597713,0.00904826665547802,0.035987264286087485,0.007280850737454517,0.00420251922484541,0.02596924310211616,0.0011944373977667026,0.03273328370808367,1.1743814474553081e-05,0.04960882605228221,0.027871614306655964,0.0012309320633147028
109,0.03314285847040658,0.03831549662061259,0.08111531123349548,0.03268520864435077,0.0879113626698327,0.014646225062507233,0.014199300999100831,0.0012665661837602028,0.0014350597176457033,0.00869139901198382,0.0008204490770970019,0.007204338248581415,0.007607008417255116,0.0037454478738702082,0.002092466330668205,0.0010696285280230025,0.003974841719580509,0.02261339966627465,0.010170266226152223,0.022721703291465552,0.011443074515329625,0.01304840308821803,0.03055915808301627,0.033987301597576576,0.0006406078469277014,0.0012052721054926026,0.0076579110507207174,0.0034591670765852078,0.059547736673230635,0.001873057796446904,0.003957915522208908,0.036581961153870884,0.0021909698590184047,0.006669706185508014,0.0004249054753660009,0.007825322613942117,0.03193304095908777,0.05114495197059971,0.009942364223935523,0.004277672283800009,0.06812288415349756,0.003941198117613209,0.020839496427317847,0.0040212175601791085,0.0029971617320975067,0.028505453003240862,0.012118141991379928,0.05098913854736431,0.004599575681153311,0.0900668947126108
110,0.037667836642274286,0.08301941345986408,0.08181838932240589,0.07668091045633617,0.03137075555017287,0.014581696454599733,0.005956027984184513,0.012115509253991628,0.002007325359104704,0.009871056288143722,0.051583066117767216,0.019628780392156046,0.0013298652739344031,0.018007849778099043,0.007733802310495017,0.025633986518084954,0.030298377658419966,0.0011308473339265027,0.0029364623767388063,0.03223412461217017,0.03153531710626667,0.0017772580667168038,0.01910924751501124,0.03964141891034999,0.000870479853062602,0.010951566742654524,0.0003600216010603008,0.029152884874687864,0.01395735540625023,4.054774043501246e-05,0.02130042081816375,0.02629106492024716,8.416705988726001e-05,0.05887664870579963,0.005566942090314612,0.0008095739215775019,0.011994268278711726,0.005309693588903712,0.0024057706153282053,0.0008749943557157019,0.006548221409157315,0.05805457015098033,0.008862213143159419,0.04075974281410169,8.040959816973566e-05,0.0028686839496220064,0.005468443574401012,0.025072440893403155,8.479280273136288e-06,0.025761069872717954
111,0.005035743645906213,0.050641701966648835,0.11204318947914721,0.10332399618948218,0.05175472377052594,0.006732373991212918,0.0024557401858985063,0.03899910620152731,0.002243518695842606,0.006021356850187216,0.004147840480865412,0.02655586944742707,0.07648234893533501,9.732868362769372e-05,0.005278037264980514,0.041287440474324213,0.009244788568945124,0.002679838918491307,0.004811633968095413,0.005424460607211715,0.062443648808867866,0.06900760675843857,0.058158463743228056,0.039843313288113205,0.0020268419022197053,0.006611010770244117,0.013493782124856137,0.005542274500114815,0.031133365392284885,0.004966760515747213,0.020533606782736257,0.0011784578160624031,0.001851545958999505,0.004836039080011913,0.000750797373638502,0.0021918363763819056,0.0013981270801156037,0.002695193183868607,0.0054378051406377146,0.008637457825411423,0.0032669044305930085,0.0019784614592520053,0.03025831117186518,0.009450828040830226,0.00019296765441030052,0.0023765988542641067,0.004887274207741513,0.009811038700722526,0.03000231089003188,0.009776331842628825
112,0.060061501833998124,0.04106795249509478,0.02324362838552005,0.08531291370941478,0.03479560502524667,0.025768683916911457,0.03642132221589527,0.010576660906403022,0.00029769566593360064,0.026239782971484757,0.023470704432697748,0.0952947571384931,0.002869416031942806,0.004179123937090009,0.08379520580755188,0.019089488362508542,0.003949006187908008,0.0071278485240205145,0.0052989423600959115,1.2583818687279386e-06,0.015373582925045834,0.009156263153501319,0.02328424879068065,0.0020703912153837043,0.004847545935551011,0.035772551425018076,0.012890132557341328,0.0007553443675342017,0.01955425491807184,0.04311749232905289,0.02288430162830555,0.0008654454834993019,2.9786594596509184e-05,0.0029897342385932064,0.00947168075034812,0.008103804845946918,0.00022757155006060048,0.0027438197643829057,0.011466182679331425,3.110692079376593e-05,0.008584798681752917,0.026419572385694454,0.026715998721049655,0.010656050354446823,0.022488117633130248,0.007394275106097216,0.002199668061194505,0.051747945990063014,0.02752434343613566,0.0017724892673167036
113,0.1350572665304661,0.002297390224824205,0.10064633557755133,0.037003167883580185,0.07426480254693257,0.07905290634149847,0.040349409978613,0.0015712516484238037,0.014316974935815832,0.005194224074720012,0.0008244442416740019,0.013269081949474931,0.00425504722734251,0.02217067364937035,0.007365382983046417,0.0001243789031854003,0.041694010922849495,0.0455052126088782,0.007222830278547516,0.004934456318568511,0.005264541121423412,0.0012764067319464031,0.012034572701807628,0.0006171786861834015,0.012085578862658528,0.007217064125814317,0.006490487516499715,0.02594496985787276,0.0023917424208284056,0.004744930504892312,0.0016615274507345039,0.00031512482177590076,0.050726586959613316,0.0006247272313569015,7.436914672562929e-05,0.014215145086209533,0.009965769257771722,0.00022805171056790053,0.009366390322216523,0.0037308871231473088,0.03207074464646588,0.06799809428887955,0.01332212443862233,0.002426456953315406,1.837164609918343e-05,0.00918885418292702,0.0001232979766147003,8.066018229171206e-07,0.06274447920508565,0.006011469594758214
114,0.08849474053892271,0.022270797532730754,0.02104562487129355,0.23103812106169772,0.005507202308029313,0.0002857716383476007,0.0011109165500364027,0.0015197368360195035,0.010850753922459025,0.015947154263610038,0.008920817724915322,0.004866650017116311,0.011081508167921725,0.006830656974566916,0.006606347930202115,0.0030643240646612067,0.014261406969438032,4.606729872799013e-05,0.03867131789941779,0.019564627224872243,0.0010172921439587023,0.000883702685700102,0.013890924773489534,0.007549927972783917,0.0035966425935151083,0.005091688654444412,0.0036643768199961088,0.01687393571044454,0.01282925032611373,0.015132450379801534,0.0051925900507701125,0.040656777271019094,0.00902508208663582,0.00829594423671152,0.020272764108698348,0.012257209259004628,0.001753229046663904,0.0015922759960040036,0.02914624967786037,0.0025075999230939057,0.0002105620243415005,0.03741965616966909,0.019578838529478546,0.0006132695043610014,0.11660996465279268,0.06492153768841286,0.015111689677143835,0.00419899499604181,0.01744039380254744,0.0006806354435155016
115,0.01802655144625854,0.008248134830913417,0.002886210781311306,0.004091121246974108,0.0025023847702022053,0.0013759776071546029,0.003212862352813407,0.0035495216852281073,0.003644104826800808,0.03218976687844017,0.005309826480986411,0.0031072832926651063,0.07755566554434656,0.00013318016490970028,0.002242967839379505,0.000471679166160601,0.008035422178138817,0.009702537368737421,0.006290265832120513,0.00036100365406240074,0.035883337363952376,0.0012745043667980026,0.003351870031510107,0.009131219220811919,0.0010832416107617025,0.022770728558393148,0.00485840781402701,0.15816681835598334,0.08168609883496336,0.05198649760343301,0.029953897603219662,0.010956222592889123,0.025825247593303156,0.006227048931312213,0.015096598710041232,0.006673516147276514,0.04138717870208659,0.014612096857482531,0.002402604868635305,0.059201983229990825,0.01832340264404564,0.005627185272273412,0.0031064717105994065,0.06776103943581334,0.013446788251804828,0.004396369944679709,0.027831471634219358,0.048521909018039405,0.016481498301856534,0.019038276842193343
116,0.14343931844908345,0.02370644250890536,0.036844276000238194,0.007851038504233219,0.10127963304670555,0.0046832767017911114,0.019776418008839447,0.005968882159787615,0.0010056514058594025,1.4853691107240788e-05,0.07526191580411708,0.003339480993083108,4.8463107806472306e-05,0.010553977910201226,0.018744221176541745,0.0008754886173050021,0.02889962773682317,0.020275554941411648,0.006962319031710817,0.010838622576802126,0.004596443251965911,0.026162501007190062,0.00784653408306712,0.014679920036467436,0.016649688235213542,0.02907680992344017,0.04220216315801371,0.0018617884059493046,0.019602571386752247,0.0003332836876975008,0.02492375375006716,0.034253198417532785,0.01262020476544633,0.005365885984358113,0.00813518816076222,0.01209093910866383,0.0019998192678835048,0.02448431760692216,3.646945551814412e-05,0.014994307168702037,0.0385952410085477,0.011302213572479129,2.862032405827398e-05,0.00011004869302210027,0.0417822587989718,0.023123824139349956,0.011757707509216729,0.010964517724256726,0.0018326052190492045,0.03821771377708229
117,0.01484365557481323,0.030250774986194263,0.006272408769505213,0.01011026756677172,0.02239844384065515,0.0013069747991309028,0.012864511219299827,0.009098092610594419,0.057422350335950216,0.0013516786546025029,0.005080356624208211,0.019746455099399443,0.0006735094034512015,0.0007795971345706017,0.0002751612824472006,7.113046343902143e-05,0.016356263779551336,0.006430952681392014,0.0013475406695524028,0.00911895831996732,0.01004214535304262,0.008624599268658018,0.025862448052557656,0.04878116809894251,0.029589335898858864,5.801032965709571e-06,0.003354282688131307,0.027044283244411254,0.004155144407948109,0.01435782058952413,0.020354649528556843,0.006933777735262514,0.07731884305819427,0.0037166142953595077,0.028647511343143257,0.02781864344915886,0.07876277204502356,0.049094889424728706,0.017559273436914137,0.05396403857384491,0.020945012853646444,0.025378812756536653,0.0011851327070185025,0.049566478464610104,0.01394588527461153,0.001862968348798404,0.10617673785348052,0.00031983311759140065,0.016353811552195934,0.002478201730787405
118,0.0011101194849711031,0.05734385568581136,0.0004751544959217013,0.07339211527033451,0.006997191951758719,0.008277835700182623,0.0685720523100645,0.004919115449331514,0.13453747982741285,0.026102142649853572,0.04787579415092253,0.01420841071628594,0.015532811093054343,0.02561162120431817,0.005108341955202214,0.005821686179874416,0.04030944476876711,0.007384696806264821,0.03151442065639839,0.041647422806207715,0.0010329197583346028,0.0015139453402441042,0.05777862088626066,0.0003300601509000009,0.0011588143013725033,0.02864140884158878,0.002494131970363207,0.00018856875747870052,0.0006119184753426017,0.0016020250298965045,0.02281970800536636,0.0013408436312998036,0.01048052424655213,0.007903542992872022,0.008119872131404323,0.015836400071119944,0.008030148638309222,0.0015336764422278044,3.600800921899597e-05,0.015670445225387946,0.04559922950581693,0.0053029807045335145,0.07622240578782491,0.034869591294442795,3.9673601204147336e-05,0.015328666643683243,8.150436687527357e-05,0.0018849284951881053,0.012700213027044934,0.004105510504907911
119,0.07584432297809945,0.0480061651151002,0.05695815051565261,0.12950112223342314,0.10131845921509681,0.008072923973896716,0.022858825461475846,0.0005217478645915011,0.00012693813843730025,0.03898249708253607,2.5462992278439454e-06,0.018226402598338035,0.0018337725652291038,0.09040688013396088,0.0005282855249309011,0.007022355250994914,0.00027188762754510053,0.022561465281810144,0.007062688692463014,0.003523707301244107,0.00021051740710020044,0.04152859276520288,0.0012146910414917024,0.007073866534292214,0.024610065110047548,0.002573477538047005,0.00012833676665420025,0.0519803395979882,0.004406018598911508,0.02004216501121524,0.002595985605505805,0.0056781029078886115,0.0016422156802960032,0.0011923650698574023,0.026156543424029854,0.007460833052602915,0.022863492777328444,0.0006280918417410013,0.00484362962894411,0.009004939406201317,0.03743571116655798,0.004610315205153009,0.0008006655988797016,0.005446458067292311,0.03147829069115896,0.0026829232941009053,0.00023068939167540046,0.006024290085536812,0.03170607498853696,0.01011916789170782
120,0.002945561700820707,0.018221596077109044,0.009028520073222423,0.03354849961388538,0.0008001269906657021,0.00796693882857582,0.0001184879420611003,0.09112275675337923,0.030551544402322276,0.01836893014821155,0.0032674442904472084,0.00041489840879680107,0.0042654603987929115,0.0007219503149334018,0.013260609455202535,0.017111581730529644,0.0420852721853919,0.002385179571428406,0.003324133668648009,0.012773956959196333,0.016346751538676242,0.06818524509098248,0.022406454570314056,0.0011343196902913028,0.007303421643916419,0.00037696880254770097,0.01169469909112523,0.023622599051008258,0.031725186266040185,0.11677693984802529,0.010559427671694328,0.009328769684088925,8.183461959403977e-05,0.000408599360568001,0.05412873288770784,0.05460235626611984,0.01251312315074963,0.008527942551481123,0.09915577262922876,0.00398168519949921,0.0015411567869924039,0.02009239552254665,0.0073534771609069195,0.0038339317571882098,0.002740737457539807,0.007293594914113619,0.003566683763705909,0.06971270669512158,0.017474160026996047,0.0012468767876097032
121,0.016427042256068742,0.0015822844807525042,0.002113770269186505,0.0011108521879063028,0.0035162792938544093,0.004430740394384011,0.11679873230331639,0.0005747986533342015,0.028347789074643373,0.0068690549660006175,0.0009543016930877024,0.00418102573575061,0.00841786729492272,0.013279986981022134,0.003646199582516709,0.03452053766263629,0.03110643837466638,0.02699285906503537,0.029062519160341173,0.029240304287486377,0.00010536720222860028,0.0001495552194634004,0.006344874667957217,0.10640328102862658,0.0800259406136959,0.0001620549421579004,0.020003202896290352,0.0007145322206648019,0.012626722776312133,0.007177736838050518,0.0007192842778322018,0.014884668979622139,0.026468483872171465,0.006455440393082016,0.01541205831817734,0.0037996198366008096,3.024281117361786e-05,0.0034322601552451088,0.003256197674717208,0.012603221973157932,0.002424141998912706,0.021208866576710755,0.006336909506778616,0.06311138432897066,0.09287626116502304,0.00017146142045960044,0.03168354672631148,0.06125326327394096,0.00024037891034570062,0.036745655678407
122,5.982589177708032e-06,2.1008336038271427e-05,0.028287529905555654,0.012536958174460624,0.0001599516586544003,0.001979859812531304,0.011586849645579423,0.0018211255586803035,0.023782500126422246,0.0043672840017762084,0.0003664571644539007,0.013496366011203525,0.019575633642603438,0.008031345795371816,0.059299684594496714,0.024182596678580144,0.029605304319856654,0.006573736747024712,0.00014223069433900028,0.006877342667084313,0.012757525134024325,0.04226145697036868,0.03903097692409808,0.008114095505668415,0.0007542191655155015,0.014419872049757927,0.04342489580447898,0.000504323245838001,0.005806431762506411,0.08939414961695037,0.0033796129261044064,6.102957991568299e-08,0.01609602924623153,0.0032989466988207062,0.0033842143590490066,0.02183223955995964,0.06334285826361782,0.01115200312320662,0.04910299177330079,0.01711379377106023,0.07991874805142815,0.013073025595007825,0.001060595222710602,0.004284861918111708,0.0005471725864308011,0.041220443134452174,0.07649430113802023,0.03669537155872567,0.04319204002820738,0.005642995712877611
123,0.0029468474864811074,0.03203055086162098,0.0014673875773978037,0.0009360499109608023,0.03627427907736899,0.00022279420016850057,0.011845430317505729,0.009580312003994125,0.04920260497118933,0.025722654078113368,0.005561253109389314,0.015269049893407839,0.0004752176739100012,0.02752232925282177,0.20982730694225993,0.0009612225888364025,0.001567502457971604,0.010749050349448928,4.833388706193158e-05,0.09230865780502334,0.008717715753169023,1.2820323614271764e-05,0.009290224216087025,0.008030176370599221,0.021506711943234457,0.005677673824133215,0.054776406092902435,0.02307777451036566,0.00021334877477600055,0.006943228993903518,0.010403506028367525,0.00035140182450040094,0.002268971077983306,0.003234454156880108,0.006058262773044315,0.0022691101423705055,0.001214258816377103,0.000792534102924002,0.010646081006420928,0.14533627723467285,0.009569169899986425,0.05183552899945683,0.0005083738486688013,0.0016417239848890042,0.011427407084805429,0.009039850083219723,0.00394313019952381,0.016591143727225543,0.03451466921776119,0.005589230543205514
124,0.034503786585807175,0.0074365175671212164,0.005615998147547512,0.02249194964365435,0.00019074661362910043,0.0007192430338848016,0.008446130965604719,0.034016865885729775,0.08402456839399078,0.02701589099977116,0.002637141330244906,0.06034559174418943,0.0014600693720407032,0.03224956490796377,0.02642676603027556,0.020339108078742747,0.020691265673225646,0.015996734688066234,0.03953093204981239,0.06034147496377703,0.03417114220819488,0.006567690583918015,0.00413180374401041,0.009693355062034921,0.00458771889163081,0.0037501372884582084,0.019039086410565943,0.11227853400105454,0.014409801939328431,0.015699032911481635,0.0014271540422137032,0.010065684704190623,0.004007947208126509,0.019358950288445042,0.01832418139320464,2.4686259673083445e-05,0.006250543200689414,0.04076070779419479,0.05741756049372183,0.005838187057275713,0.06181322216107064,0.00029250777501140066,0.0011344734130356027,0.005124812861110011,0.004915413201819312,0.0038849513705054087,0.0013943559649474031,0.006998926160855215,0.021823225226392247,0.00033385970776040073
125,0.06285420868618684,0.017220803664381938,0.0025433737874019056,0.09148985039542251,0.06271140957353644,0.0025888296852056058,0.01361534750179633,0.0006148067574044014,0.01833097517729634,0.00859303589081132,0.0037048740427769082,0.021956104699877348,0.02227481494553385,0.010262192625212123,0.005347203546463712,0.011595355816699026,9.651993460050873e-05,0.01835204655132324,0.00028451852219900066,0.00471178779002701,2.636279548725012e-06,0.02128216708977675,0.025436096343506055,0.04151258826058889,0.05029581587060091,0.029584889224874265,0.0011919529912086026,0.10995511684941355,0.002364831538636905,0.0022089990788211047,0.07399444555661537,0.0045364248212918104,0.05498410188533282,0.0035790579342829076,0.10395128018334164,0.007509810314047817,3.761941810749543e-05,0.019424385072841742,0.011263228047593225,0.006228516940037614,0.0007922816712697018,0.006772590335713214,0.004281900733914109,0.01347832814122093,0.0011520042749770026,0.0001369172391474003,0.0012937315721301028,0.01916077863935904,0.000937215759579302,0.003502228338064808
126,0.0644875701110181,0.03946331963615296,0.06963136125361631,0.031100356710402653,0.1686821992700548,0.006200889996679211,0.030203298584347747,0.012830357707127121,0.014005913298393723,0.001799209810896203,0.007648703561431013,0.03563986943757256,0.017270352768860228,0.013888992767651022,0.01817137891771313,0.031053924496792753,0.11703336091346929,0.032608020913580754,0.0005863817671049009,0.005296276136442808,0.012032115370627221,0.003536769233563006,6.631964430848008e-05,0.0013915007947500023,4.4238093158742235e-08,0.007866003374019014,0.0027655593006672046,0.0055612571887247095,0.0029405377294921048,0.027023946771539544,0.010081458315383318,0.007299699977389512,0.023031894918089837,0.0009443314082976016,0.011140727329767819,2.453995540822144e-05,0.004196657855831007,3.1850419726455044e-05,4.143236992456137e-06,0.00016575339259830026,0.036802373088047464,0.03507374563185016,0.009065903742443116,0.0017711872022016031,4.14290388222842e-06,0.010953837159060419,0.005242262672786109,0.0576649630660065,0.0014944406188967024,0.004220295400249407
127,0.016440204341220333,0.05103617087547861,0.013224323107067828,0.04401981740381719,0.13099879077186677,0.1489800784592175,0.03989980905812418,0.038744895804640585,0.05028189350113071,0.07161905568841925,0.019228959872052243,0.030442312173387064,3.711058682667801e-05,1.609165993987912e-05,0.03371778706164907,0.034186877972304866,0.0010016844604125023,0.007908434893194918,0.005332338480975011,0.007962935651511618,0.007288124436020516,0.0002541465845692005,0.005634070379212512,0.014667915234166431,3.6055448799532686e-05,0.03198380069643707,0.006468854212136714,0.01002403829202712,0.025191811332957153,0.0001765119684930004,0.012142688436879425,0.06714826297136554,0.001917424807600604,0.005568538253053512,7.348153518376037e-05,0.0006963733856817016,0.005027497754420611,0.005842018000319012,0.022015880967654847,9.342230006695844e-05,0.0015762420742542033,0.00010160582108180022,0.0007020520454316015,0.003206212247406407,0.008033718300521617,0.0032609809299711068,0.0006913441673407014,0.004992574407689011,0.004166305207236409,0.005938475978785112
128,0.09178141367711863,0.08449181447458812,0.009551525355725524,0.006826526553709817,0.029302957800455175,0.009547198770264925,0.030012378032912877,0.0016793069085626043,0.03606857491740809,0.0014434462699397038,0.009106194050504822,0.0018710923244466048,0.0006643838002469018,0.0029510625580274072,0.04652188483422972,0.001205629707730803,1.9723780478598302e-05,0.006683199466760317,0.022376640534441057,0.0003569835012228009,0.0034328951153197087,0.0036584317122514095,0.05452460980992704,0.013200349235369334,0.00017639685416740046,0.00420763747017771,0.0001569124403455004,0.0008566754856624022,0.006515234023312016,0.0037795641753218096,0.033868414699271786,0.00772612150585942,0.01208113806767193,0.031371990076263186,0.011929355558147432,0.18887575678290028,0.013001157858260833,0.009520818877078525,0.00764887157805402,0.0017574059010269046,0.03641886594029169,0.009169041199782423,0.041190434399953506,0.015420256440737039,0.04475545474579841,0.000396135097136701,0.0028473203372990073,0.02271647406387566,0.01560388651822844,0.010730456711734027
129,0.015995462104643136,0.00999817607276722,0.00947516968550412,0.0007670611247595016,0.059807100926561226,0.039519872724772184,0.008458462681215818,0.02981050844118636,0.021980056977237945,0.02979825940510276,0.06361974814885814,0.046195744093024196,0.05982959973526743,0.007913461825226318,0.0011917015507045027,0.0008521707485487018,0.02322997650637515,0.000974682893519502,0.008374213621444117,0.044539509735875595,0.0010875505406828024,0.002775818784790606,0.059793812324671625,0.019360715966411243,0.054032417627369114,2.0791937513880054e-05,0.0015875147740708033,0.04122243197465609,0.03481697539011808,0.02234810229970655,0.05945003770075893,0.04034602015017658,0.01520622135665303,0.0008734968522174019,0.006867089074362315,0.0002533200056200005,0.0059049493758718125,0.012513882154271025,0.024179852420670552,0.001899301914283804,0.0015810559490935033,0.03885093931045448,0.004096583190283409,0.00021944589343600047,4.0768520761704965e-05,0.019961464827231143,0.009430061460512219,0.013037161332110228,0.008479234576714217,0.01743204331193294
130,0.027316191796132365,0.0068292028090952165,0.09483692904273594,0.007873158906296219,0.023066007272460054,0.021400923085781252,0.014697070787677336,0.001685933169409604,0.001252819048474303,0.00026343295518080063,0.029900203756434474,0.0037679696383997093,0.0011018416510044026,0.0020609592467558053,0.0027076473730857065,0.0009203874008329023,0.014045173969174334,0.0058578188863749135,0.07247805490839848,0.007411543173863118,0.00026459975708010067,0.050192969786080927,0.030614455848417377,0.002038391851129405,0.005965274185057515,0.005127229913235412,0.06168200890591345,0.004477630636009412,0.043216607151350506,1.7636163591869513e-06,0.02410752056706626,0.020548286546028447,0.00042517049680950103,0.00036042342087570084,0.013561306764988432,0.0019036764553861045,0.08188365267900849,0.03787536280187699,0.009923761070071424,0.0026005868936038066,0.011361582960350428,0.003413970931228808,0.002121060731513705,0.005578848257706714,0.004497212168061011,0.04438634927835451,0.019114316651525746,7.2035925115552e-05,0.1724746764709038,0.0007359984013243019
131,0.024563175277141948,0.001906950032420504,0.027314855907168856,0.044503958372232894,0.025418182046843953,0.057741269142408916,0.08282921953580977,2.9980178982829813e-05,0.00048256552963190096,0.0013632265880976029,0.020020558292995642,0.016314293037941532,0.06347860159257272,0.009917975571157618,0.01007068188886972,0.06591483158254773,0.0005811961246953011,0.11360400346780292,0.03406535996327137,0.00523501170294481,1.755531802139639e-05,0.004496845124908609,0.027589249841224656,0.00482147326017781,0.038721527968919575,0.01629983795870073,0.00041265927340580083,0.0004719594252845009,0.021353064454254743,0.0028676665181223055,0.03845081415458298,0.013815934924649527,0.03724835787553798,0.04097404266410088,0.01960226786991964,0.0024118507678515047,0.0024659493152591047,0.008662133709554817,5.498366610566272e-05,0.02932042132024456,0.00461382375975271,0.000491567947040501,0.000992213920157702,0.02899229427835126,0.02459353233385325,0.00047080296283430093,0.0007251677984862014,0.0025303819926742054,0.013862892843934228,0.007312830916550315
132,0.022520594565851447,0.06643875698819306,0.001807017969355504,0.03123928700572647,0.014527261692516833,0.0021595910010859046,0.09827142316223622,0.046154394801050505,0.05501318767285113,0.060922247027364235,0.0028866104404539064,0.0032599422637574075,0.04056909641026339,0.01701148352575644,0.0006718761028596015,0.030237939002916266,0.007829393404233918,0.002295203470249205,0.019688477512172446,0.011589785753132227,0.01649084725381584,3.970617784317215e-05,0.002521062300717306,0.005858762536392213,0.014454515090598334,0.0020370208453239043,0.024913137912688555,0.02308708236267555,0.06188458231790914,0.0025885438305686057,0.012437986729933728,0.001389274905439603,0.011685808018135227,0.003524628014790008,0.00014420411300630033,0.0007889513947112017,0.0019094095904005042,0.07230700751106707,9.512983269490502e-05,0.005338140050179912,0.0035851773591751078,0.002200591808151705,0.027806393375602062,0.024583858546887456,0.0878739008296065,0.004012196059526409,0.011121020147624524,0.01806505112597034,0.016060118753256136,0.006102321433282514
133,0.06789794371595644,0.04678126148187819,0.05671051475049071,0.048552050344875794,0.10669516049056821,0.004532072654553009,0.05434678648780541,4.304226313377362e-05,0.022065836856823146,0.0036125045715514072,0.03805182478597108,0.0017394772204452034,0.05492986761541061,0.0008780016140798018,0.0033471679041149065,0.0015782945200009033,0.0016025914470733033,0.0057789227949953115,0.019440320510101538,0.004217466474745209,0.0025006236505413053,0.005901693777708712,0.008923379395519317,0.0002090496971157004,0.0003606939734751007,0.000555629316202401,0.0976394560262088,0.03138894903378566,0.005642852776468611,0.05870165184966652,0.008866122605900417,0.0013119299246784025,0.02554295080271135,0.0013972951528351029,0.021243645046862943,0.0006417889493929013,0.006198040320865612,0.0011737213749322024,0.007498338363127415,0.00967841898762642,0.002445562028609705,0.004108018645275508,0.009776658089713518,0.006396303956276213,0.04183859123291928,0.0028028526967526055,0.002518299626828205,0.05197177856151201,0.039266428633078276,0.0006981669988357014
134,9.404852913139556e-05,0.006783582518256814,0.0016765722581635035,0.0004139416187888009,0.01370229510065933,0.035069889196891975,0.02490815896567405,0.10228735231349782,0.022828775104430647,0.0003096977801210007,0.03733287998127538,0.001374783139430803,0.021573386593045946,0.0011232046999248024,0.05513451736821392,0.010248599333441822,0.002959963944653506,0.11613211204167355,0.018853505906897137,0.0006096627676934013,0.01826248643896564,0.004540076304236709,0.03679249483037648,0.007370630193763115,0.05690364996404212,0.00902426154457342,0.06352151125924554,0.03365207709627417,0.02544905740404265,9.569653689588524e-05,0.018393628398571137,0.0001497355393611003,0.003615916827003208,0.0008565165827239019,0.003301514520226207,9.640129587029724e-05,0.008289652741414017,0.0001402088892954003,0.016843757999231535,0.06467568031081114,0.034547122280812075,0.004154865892536209,0.0018926057673995039,0.010860777940001322,0.0008415576740920018,0.011221481036944224,0.02790244776475356,0.037644175973781474,0.022898037507406648,0.0026450443234837056
135,0.0017398630793139034,0.008734154445938117,0.004546942846322709,0.0489716780640539,0.00968787528529912,0.048314840622112394,0.1074855072336871,0.000563705900299501,0.02476636225320495,0.0006655428623423013,0.023278925562474944,0.017784090092957935,0.004953562741306809,0.0052920086156738105,8.20338108241292e-06,0.06855742180903104,0.037697804531782675,0.0025267608888501054,0.014848477734692429,0.006193912600377412,0.025042162115298548,0.07183772259983504,0.0018961653604056036,0.05815977732737162,0.009123912583718918,0.0013461336937469026,0.037750785101592375,2.2669051723283533e-05,1.6675360269382214e-05,0.011507212707998423,0.00043035743032740086,0.022236334645351245,0.015055952249561029,0.010706945239411321,0.017739595248105835,0.000482953596789701,0.00023218070544710046,0.014326598477407129,0.011822953558909425,0.0014270121774062029,0.07249419352009454,0.013459524835990227,0.040755443205944784,0.021868801103822146,0.020405664026544642,0.01583972543556763,0.04596564867281009,0.002596873465093405,0.01567614651247463,0.0031562394401776065
136,0.032246378037260666,0.02288053284777135,0.06962337257944526,0.06962003027471315,0.012264190593713527,2.0710535436578186e-05,0.02359318740456075,0.0069041145893314155,7.772226032811585e-05,0.002052626203282605,0.002182510072033505,0.004846164918886711,0.002123613454022805,0.04941032005653101,0.0024961393520375056,0.06916836164034645,0.01845510400545914,0.020013482004781744,0.014555412886979834,0.014732510927748433,0.024841910490838556,0.0422519927512441,0.002590577321057006,0.0004814334907643011,0.0006718074353112015,0.00439746324835231,0.03050664399101317,0.027917280408162763,0.006255854390761514,0.0023836244804657054,0.005194683758533011,0.006368411125704714,0.0004906552538021011,0.02694030378474776,0.005941495665367013,0.04954980246292291,0.0006118834411990014,0.017954466482710738,0.08368334445680908,0.0028384149664918063,0.0013362070312499031,0.02245108145219995,0.02642001626252426,0.015376406901319934,0.11208682844658904,0.029285332248890766,0.01290401185506993,0.0009645687042333022,2.640029596154801e-06,3.437301739714979e-05
137,0.03439031710266797,0.12313113826691377,0.10001267270075231,0.12389396306259916,0.002089894170116404,0.006068708738491713,0.015240944409923633,3.172784325248837e-05,0.0008241322823595018,0.055341584222952316,0.0009812372240236022,0.0011291106501815024,0.021328307091700045,0.011899176466948925,0.007952520223560817,0.017263612811736335,0.002919081942512206,0.09839073628262901,0.011095302634555123,0.012082674652266825,9.745519865092485e-06,0.023266788573419548,0.03356020360404667,0.0011619569557712024,0.006062421164752813,0.029321592323538863,0.01359794334495033,0.002957602749384806,0.00043599741211920094,5.438982871671286e-06,0.04332412397274809,0.0004400778472693009,0.02443592389460885,0.009148870626191019,0.0002862236249885006,0.002092727894637004,0.040310332472081385,0.013441552932905628,0.03939051491164988,0.006191833700644113,0.007563909152188816,0.0006684266745103014,1.0487905184467439e-05,0.007448278943443815,0.004288104919160309,0.0023210648367486047,0.008192632635274017,0.03137478216892437,0.002549875678161205,7.372179781638864e-05
138,0.04472337974203721,0.0002122045297898005,0.007603092231839318,0.006637037559639916,0.009666188108448224,0.018487627708356946,0.001648769035027804,0.015380305918561238,0.023140633797549555,0.02067448878892215,0.0007544450244823019,0.010757894394964227,0.10394221024705415,0.02475797529404186,0.002099000337101205,0.022271873306722857,0.0001974786768204005,0.0385243082799882,0.00800941033232242,0.10133552643887825,0.00019625626892460048,3.9008590831500786e-05,0.0002413177476462006,0.011505419613698628,0.0003713115576700009,0.02840289057294047,0.07177544805417307,0.012952966341574631,0.007414265456920418,0.0006420000100550015,0.0045717992725419114,0.0039867676142953095,0.0069323206346546175,0.008942125973090522,0.002999750637404607,0.0005869146800534014,0.009633557291625825,0.007677988945323419,0.01227211448516893,0.02398591948116076,4.275559333314678e-05,0.11949838419091059,0.018765061177869045,0.015616729414971537,0.03222855478191928,0.00038859330959590096,0.023334747898882454,0.038624597906788696,0.015647378755126937,0.059899203988300447
139,0.005617275509057611,0.009426527608430619,0.023172796894914045,0.00040243583490980083,0.052451810289357303,1.9921166347411538e-07,0.13625644466031098,0.03679119053012508,0.0008932554832630017,0.0009108902399227019,0.0010476168448837022,0.026802080880928354,0.002096289253750604,4.679503401002135e-05,0.013286160939634526,0.08826223360222658,0.0006646795951173013,0.008839373058123717,0.057633502563922016,0.0041977873890303085,0.01913799833489634,0.0025474923598232052,0.0017487642515741034,0.02399748547607565,0.0018324866106403037,0.048064027673578695,0.0031510756486943063,0.0012753695177784026,0.011114667574493923,0.0008450793508877017,0.06994581675607454,0.004638647742390609,0.012017165273013124,0.009759737039953418,0.00047362364400790094,7.303188226761733e-05,0.005576080458449111,0.009526995901907719,0.03389281077580047,0.00012598042621610024,0.07931823551021626,0.024706411027438348,0.00023643468849670045,0.0031825884235452064,0.006891507865244514,0.00917598061941582,0.028003030799419456,0.0495831378623885,0.038209346041771876,0.03214964503995806
140,0.0015332606206402031,0.0490823077597748,0.040037228427649084,0.006939111159877714,0.0009713789347323019,0.01017345879322902,0.030951317457828264,0.08719324439408647,0.005981172094664612,0.00012923517686670027,0.0014585529842779028,0.13215244648120036,0.06590020301672503,0.0006448375421455013,0.04514223793610299,0.0024543652541864046,0.0009725205722694019,0.02659383919191215,0.002074864211548104,0.0006895397534524015,0.0021611191073162045,0.04204753315742008,0.0011909832953438024,0.002832206502384506,0.012551650330898124,4.488960147354312e-05,0.025499871941556854,0.0059798577673472126,0.0044013464170196085,0.019601623926455237,0.07704690102202075,0.0015227550602138031,0.01001609575592592,0.06350225966077952,5.589796427383405e-07,0.0024104605095055047,0.014181953484727929,0.000996966621344802,0.04682174655543259,0.00922239119172102,0.011577854993257523,0.00013556367183290027,0.0031792076689858067,4.827490621813044e-05,0.00016728404050280033,0.01501040575205493,0.02958698636753246,0.04396399108403519,0.006331927425170713,0.03689021143871018
141,0.005858417442094915,0.00410193057434391,0.021302362562288256,0.03309665896859338,0.005234361451449113,0.060581668346825455,0.09554620860378145,0.055869824520022045,0.0001494349670848004,0.028683583420839674,0.10612486273546978,0.001216740036465903,0.001171781664792703,0.030309226815727976,0.0018903156655055047,0.008616458366939823,6.704051881390866e-07,0.059745164784177754,0.024165590231415263,0.0009130342379148024,0.0769534819404597,0.024276309692160263,0.028429189572572674,0.010178899836922026,0.0026032398185284063,0.012566677406402231,0.005952251662633515,0.03406626457465359,0.003445700748594809,0.00391064813731091,0.03217262200777948,0.00787884660729992,0.0038033671797033097,0.002224978324193606,0.07065077650679558,0.0049023498545203124,0.005057035118090613,0.0014239985452772037,0.033955974523620584,0.00022356445567120058,0.010581439338898628,6.201547670031894e-05,5.533479451849945e-06,0.004442691097694611,0.008951768930601423,0.04265288969770061,0.007573335246227319,0.00407734759397291,0.01175945050716453,0.0006390563174774016
142,0.001556207801564403,0.01581860968299763,0.010936935982831722,0.028844419331323957,0.007336941216382014,0.10030357993946769,0.04022795844107598,0.06593331454298952,0.008732852386754317,0.0529118584444338,2.10661169989542e-05,0.03465280352834447,0.07754495994526615,0.00946123672324062,0.0001019436818707002,0.002377236344555305,0.03065375494826386,8.163500078412334e-06,0.010224415433915422,0.01444928184095083,0.0007308238661262014,0.0027621054983461056,0.06587299693033333,0.016354358738368432,0.0012343286649028023,0.0012913782282380026,0.03019067241040216,0.008214972215476716,0.06613513874593693,0.03603633739125037,0.004515401670689308,0.07151350697036254,0.02491633820740125,0.0038469618243331077,0.0006618769467513013,0.027443819589337056,1.2275049432121497e-06,0.006420437540117513,0.017374968166585635,0.0035924673829175074,0.015415208583290931,0.0010511589750597022,0.02884200584878686,0.019328975824946137,0.0006772405243773013,0.0012126136252075023,0.00013886704083710026,0.009186511142615419,3.6158559229998375e-07,0.022939398523161344
143,0.10674594771213954,0.03245653018552067,0.12549377520545968,0.10199029682921382,0.0437635985521017,0.01788078088082094,0.008595463700002219,0.000892994156356002,3.763624849032334e-05,0.002701494155988606,0.014722761633091533,0.06971805564699736,0.014903781248989834,0.03454406825216748,0.0007088373987227016,6.513635930925259e-06,0.01353563534400743,0.0937743709947246,0.0012481380568659028,0.03798916203736248,0.0019492866846159043,0.0006276702206956014,0.0020420401341737044,0.001901520209420304,0.0035312515372703077,2.943068127779138e-06,0.003801515874641508,0.001334523897644303,0.0016543962164013036,0.0001288130249014003,0.0014927382075829033,0.0015295688429622035,0.01374056962303753,0.010788570379846624,0.004067235037576009,0.0014205646180833033,4.30275772174322e-05,0.00943945999559452,0.010341800660338022,0.06944488325390566,0.0031706935090046067,0.0027667106533663063,2.270603020778357e-05,0.06715631468985556,0.003083832783821807,0.025123862785147656,0.010703935907591723,0.02170368855808275,0.0012133808521229026,0.004062653291809009
144,0.06594837080759879,0.11818806803365342,0.0014996122163478038,0.07471633970801089,0.06543976730365948,0.05011945444438213,0.0010905654938991028,0.004377752066024511,0.016724406907462745,0.005489636648987415,0.004299729872647111,0.005053589990164314,0.008338575802989223,0.057470444230230455,0.0366050115766519,0.004832232659192213,0.030713965091475882,0.011641832636859131,0.04042728207161081,0.08975675420549073,0.0019737263740585054,4.913865186312081e-05,0.007816291948555121,0.0064096873285850176,0.019752450005748153,0.010697584760020027,0.00030863896972310083,0.00393142734256651,0.001051379230395403,0.013988164063514337,0.004466733687003412,0.0007105512180186019,0.0054496529455506145,0.019207070101519952,0.005286264944650114,0.0031562667337373083,0.00800786627447772,0.05710497683324065,0.01791172141036325,0.016854521314744745,0.010601777474589028,0.023341135022230862,0.00404939067966831,0.001467700902323204,0.0024195769708985067,0.0023224241001894063,0.002199868561963006,0.05174833513202014,0.000385211250032301,0.004597074000411712
145,0.03151058167418227,0.1401066661146297,0.07265105578170516,0.05511374943186693,0.018472103998140643,0.05330546647954612,0.015199028900845932,0.05060799117286011,0.0007111511081841016,0.015662830335373634,0.0007323961436137016,0.028658379849106963,0.000498969980516201,2.0208621007916203e-05,0.009767177244847623,0.010820206623218325,0.02185329709902745,2.2633967259574616e-05,0.06195109542501104,0.08356149313705757,0.02301557463064005,0.016709808964565438,0.0033036438363317072,0.020829503380820347,0.003586303637490308,0.002813937599660906,0.00015984728202070035,0.0004812831653850011,0.06405738754475604,0.038451734597917384,0.016937467094318637,0.025639692266031855,0.0024117856509668053,0.0006172495897134014,0.0017269037660009039,0.007607774521439716,0.0029874124833792065,0.0009723124503409022,0.00024274275778540054,0.009959543183526622,0.007312711680132117,0.0024850542594221058,4.7010168995113895e-05,0.020391696149776647,0.0034746546017969076,0.010898453101971425,0.005462998824118612,0.03336297849707667,0.002763467085915106,6.258413970296692e-05
146,0.12905687453096745,0.018352142297764034,0.08486363121540977,0.005839237946919012,0.08539079382805266,0.002318046499239004,0.0018400565077699035,0.03854995221854777,0.0063278923007452125,0.03681167993734687,0.006918257781496813,0.034881898002288664,0.07590454694698955,0.03723473325837007,0.00029918006991820053,0.012412519374847525,0.002579250538019105,0.0007105370718647013,0.02814003117051695,0.003311914132666806,0.06972683517574023,0.002785005312384505,0.003683590113292007,0.0006718840439877013,0.002339007922242204,0.0015007041196645028,0.0021133437054813037,0.013038239990287224,0.0018637372737160035,0.024606961705727647,0.0001537508944148003,0.020279865310322737,0.0012292900209290023,0.002578335593283205,0.008771086374213017,0.007951096656286816,0.0003641771979409007,0.009534778854587018,0.0032058755057239063,0.03337709157528426,0.004527082269421109,0.016920773350068932,0.004689185357816709,0.013442101899086326,0.001086251174901402,7.326482493007139e-05,0.03069965658324236,0.055112949151609004,0.02052113039800694,0.03140977201566796
147,0.09269907576432597,0.043676933099159224,0.11185950737575381,0.0010992328335638032,0.02545063826392297,0.01002401917306953,0.0684234719147073,0.0006113377082566017,0.015920308433666146,0.0036281867078359104,0.004245948200580012,0.01033668468213503,0.003920216553458911,0.003913902166213911,0.04640792893342113,0.01733659058937715,0.006714271033217719,0.0009331788365735027,0.021042740795873562,0.0006630015670543019,0.05078262718192365,0.011506778761595032,0.0042198344892106126,0.00722908449848142,0.008166928866885824,0.04214534678103642,0.009947605148700429,0.0005727695150561016,0.0027323307193735076,0.03805951207597681,0.03843078906057911,0.00011059558112430033,0.0676565812754449,0.009067838556553727,0.0024333134376579068,2.56247276369033e-06,0.0018140282345681053,0.008263449636686624,0.0728761504747816,0.025313550374647872,0.0014882898657177044,0.0007708714838098022,0.0075921384255404215,0.03965031075381341,6.0448111045118746e-05,0.05068185994311235,0.0061987852138175184,0.0018724345283891053,1.3985930179581982e-05,0.001432023969361204
148,0.018940538345865437,0.17943620318894127,0.00514676054101531,0.0007090481163796014,0.004088148407106407,0.012831960219019726,0.0006923214456624014,0.002280235586831105,0.0026610393320578053,0.005697392737541611,0.00530250777682851,0.016959053146273134,0.02015652482072244,0.0051050810478178105,0.10800973774038902,0.036814617683577175,0.024096480805293148,0.0058478588541718115,0.028081760690544754,0.016889394691441434,0.003435734105932607,0.019718808830484637,0.03898730245799758,0.0038126045789905077,0.002017920517298504,0.07281582773386384,0.0060542074731498126,0.0005327160020644011,0.0058582047744836115,0.0020106997519078037,0.017645805607412836,0.0011043401731405022,0.05938235922458632,3.3755689312908414e-05,0.028309265832146754,0.011626933259046023,0.0017583398642961035,0.05399347722519251,0.0017066789374282035,0.012555818465739924,0.014394016424513429,0.014143944511850328,0.00019480261658980037,0.0013625483228538028,0.015131250136117729,0.08555014245328396,0.01578014183092623,0.0031878530836364064,0.006705945539996113,0.00044188939827680086
149,0.000874719240076802,0.0036866817595410085,0.06599141151054196,0.03193422333008638,0.02300540218601665,0.005902609539115114,0.001268242867647803,0.008946376052184221,0.05867273475921924,0.018531038077448943,0.06654548559296826,7.897776640416688e-05,0.0007431618413184018,0.024094697815960756,0.015010330803032036,0.00391728976619211,0.0018725360698150044,0.09303990824013063,0.019772802347169646,0.0005470739084956013,0.012181405027775127,0.00919518755212852,0.06366854285933846,0.0008437567880943019,0.002242187019534505,0.02699647653728216,0.0021804321313956053,0.012517056165020829,0.053746680478833624,0.06190468657399494,0.0005554457153322012,0.01271438836211213,0.011855587352012028,0.0021983425497507053,0.02095469640600495,0.00017592016650640042,0.027558603262455267,0.0015194326413362036,0.02210595013018365,0.0433035823471007,0.014709997877393435,1.2100211391605835e-07,0.009732207852190623,0.06362118111063116,0.06020937243615804,0.0010982766901824026,0.003639568601448309,0.0011178614074393025,0.010939009434188926,0.002078340048697005
150,0.006169146124650415,0.008258007209276821,0.0009227136238774023,0.0066976283985431175,0.04849086645597533,0.018314868288082944,0.013666488642087934,0.004032833892044511,0.006284426029600016,0.11424574305548399,0.012742400686670832,0.009813437352260524,0.05860672833609315,0.00016892623270800043,0.004891335784613812,0.005937217605864515,0.004617965479954612,0.042864461115414414,0.004147622130819211,0.01643080529655174,0.0033545647273182087,0.02015384193058715,0.060783359323073355,0.0002373385351218006,0.0032907264058937083,0.0025432517259024066,0.0007223107112690018,0.025620916374890765,0.001560171068881604,0.004374253398714811,0.002317513483442206,0.10144183168287917,0.010261161112508027,0.01134060161249373,0.002326708916041406,0.0008026418109410021,0.016950537313181142,0.007132932647660218,0.07657469038225359,0.17738155788748786,0.00816073349887232,0.018282841877452646,0.004961966521333313,0.012976316222111333,0.005774158756202915,0.00023898723600060062,0.023668676989770158,0.0025036943222812064,0.0005472104952405014,0.006410881289620617
151,0.029832278813911366,0.030938633629245368,0.07245545657418777,0.05496360211345942,0.19481554371327844,3.781678764009281e-07,0.0008072764527803019,0.007090851479196016,0.03521066951142138,0.00461207949700151,0.00444169634108151,0.01642340166610374,0.00033236298503480074,5.119211928118051e-05,0.024244108983470455,0.01895228614651254,0.039982737720714694,0.02729475028390736,0.00898075599028822,0.005878884324087913,4.245073583005852e-05,0.06560568528884074,0.05582764508110712,0.0024180619733763053,0.008523092148054719,0.002345515606568905,0.012330128855819428,0.0009359063311726021,0.003537271346842908,0.011231691308066625,0.00020130465675460043,0.011784073115480227,0.00951397299322722,0.036980676106615686,0.02639194880726646,0.019913428061607744,0.010162595296348623,0.00043335042003990096,0.007842432219722917,0.019542596225816344,0.0007029518314944015,0.000446082666566901,0.01659689772237144,0.02155063532954395,0.05347107940160932,0.0029275120402022063,0.005749957875736413,0.014638133771744033,0.0003086075341501007,0.0007353687351816016
152,0.0072730997535890175,0.06552473415187746,0.02559274499417176,0.15833755062034596,0.026791482006422264,0.018827408002880346,0.0001308979237728003,0.011182337153099126,0.04521262983429251,0.0005469505897398013,0.014206861170771534,0.03221611419951988,0.0019132608818564045,0.0024613712059475055,0.0001320349937864003,0.002640744810609006,0.19323431327119064,0.011872840126487528,0.002640395373519706,0.0023875938370254055,0.01710638470007624,0.03320006157902538,0.005283301106314412,0.0007640731847257017,0.04957090834472322,0.021258870826272747,0.002681586102754806,0.005465920218226313,0.0002959426177145007,0.028053886791498367,0.0053167513404435126,0.009325477924207123,0.001257782419968703,0.020197056984278348,0.014207273843705332,0.0044083414377643106,0.00012811596152160028,0.0007004389102496017,0.010415468727443825,0.01290015617847843,0.001774439063948704,0.017917303068590042,2.4942849440623637e-05,0.03322909017584837,0.012003330687531628,0.03338299184269708,0.002227757021032305,0.0013531733550045033,0.0010085679856420024,0.031415239849967275
153,0.0008198799745653016,8.901693466862051e-05,0.0007359710604978015,0.03338002872637517,0.00479052216069561,0.00040908735250910083,0.022865094186782745,0.008943155011860618,0.0018697887845195037,0.000977746745830402,0.023370436665058947,0.06694949243719103,0.10693836389019501,0.03006010877622196,0.013156664046609427,0.006675563742959213,0.04159567983649688,0.02876713227611526,0.020243155942310243,0.00973560250207132,0.013740160659575527,0.011778980527084525,0.013314916691672526,0.0037524811541823073,0.002999997819465906,0.005546554186923511,0.01606788443488723,7.488045066654809e-06,0.006202245704865312,0.0006999320360721014,0.024272037104342448,0.08763555682197557,0.06251688608035302,0.0006197796603536012,0.003011187121732606,0.013650536073974128,0.00032885594954330067,0.002691121710553405,0.06241227918241433,6.309910512527905e-05,0.0060012499474819125,0.020187134505796043,0.05531207275985511,0.006679016810272913,0.0500152321885705,0.03028244239013846,0.006287243291404512,0.02124136880743884,0.0498611278951748,0.0004486402801691009
154,0.000896490369182202,0.0005118567986105011,0.00017542130940420038,0.01672816250147834,0.011871440448490526,0.012466984854869028,0.0031041391698590068,0.0014643441324463033,0.023161402900005453,0.003944243126838709,0.0011781754991899026,0.015755025713352935,0.0033240769883079073,0.00936422775357722,0.055023741239057226,0.0002196392237562005,0.03484574333415718,0.006831074810874415,0.01352643591318763,0.0446646034053579,0.02314277104675345,0.07569750368469767,0.011357970691795926,0.011179596343096525,1.2981934710654508e-05,0.07959431991497568,0.0022982933923820052,0.0038125776628633087,0.09129280099043441,0.010741084206961425,0.05995407010152983,0.0029957027911243065,0.00831574500957572,0.007387639579775417,1.947614129353993e-05,1.532225866911373e-05,7.369089876143e-06,0.056575894489384625,0.005870783139431413,0.005777277415981413,8.570405202139688e-07,0.05009626756866531,0.06816321077835845,0.024546036346287055,6.304981288862548e-05,0.008602760399507619,0.001387942113741403,0.0878384232201261,0.00938970560029822,0.034805337742291775
155,0.003041866265407907,0.041031406773218995,0.019967950677964644,0.01715151370529654,0.003249385315025607,0.01297172984047093,0.01835063040526814,0.011912792156553328,0.01321625920883453,0.006729779973114216,0.050547165155984716,0.00010181545614340025,0.02537606500700016,0.0002577869949395006,0.0027706418816381066,0.00012112471761860029,0.00033422453208970074,0.0051005904133336125,0.016866948247009437,0.0020265679034735047,0.07127184172224027,0.0424571055622424,0.042617197339464494,0.023007090392540053,0.006802488473669216,0.08535400277290689,1.4111910020151327e-05,0.005557713653496413,5.657041029433987e-05,6.091488228308344e-07,0.0035273926655208085,0.13875255302903614,0.0027713253337139066,0.003817003771678909,0.008171402387778819,0.03610428141248658,0.013447969950479931,0.0415110712325186,0.0024511297037989057,0.017970626631213342,0.0007045635724598016,0.0017310927636232042,0.00796189366814842,6.088920762700415e-06,0.030392053092496568,0.00012598857032610028,0.008101746045600919,0.014575188795760235,0.1325606767909441,0.007050975645569317
156,0.00037985433557070095,0.016082205880092938,0.0007008585860889018,0.09308599397492662,0.00399098201608401,0.04570820408718021,0.06648570888336656,0.0428406720090312,0.007694343824869519,0.0004948137219259012,0.006741038489247816,0.01212974843174683,0.0003280354827937008,0.006558677412768716,0.015131256138526936,0.008963220277812623,0.0408213558784008,0.017121577709689643,0.00017881231990790044,0.001986254639676405,0.021861748461558653,0.0006835177867096017,0.10568559798388986,0.02123458326542385,0.0003881850909182009,0.00018302241245040044,0.0010404152795060026,0.031605709262730076,0.019602314287456547,0.00863139592383532,0.030472725873619072,0.013976119691869935,0.030062768957519373,0.0017871390694230043,0.020722646281930053,0.00021119940043830051,0.0401143336534482,0.00016056307171180038,0.015613319271044738,0.011534671171910729,0.11480483929474118,0.005992893729716115,0.001622788282991604,0.004491235200238311,0.022036037816348754,0.0008878481156405022,0.010994269470629627,0.019680536607811248,0.010796943628532226,0.045697017556248914
157,0.0014726082980787037,0.024779586135474062,0.00018270177590470047,0.03346723101881438,0.0007317182183298018,0.00035444774854140093,0.001537710308065504,0.06705626676356646,0.06279592957880246,0.00017315394458260042,0.00790776411047742,0.015816173757238143,0.00034858121176010087,0.011188071007175428,0.007314037763385319,0.0043381592452904115,0.014656043968131038,0.01627804580302744,0.009599502785350125,0.013096847890172033,0.060635592178673856,0.025276157670127166,0.0026234165748014065,0.0005700803067286014,0.0744361396377458,0.011610417878373929,0.0001553299169684004,0.004984631462984713,0.014742776037039539,0.007604733252681019,0.002749673954190207,0.031810363890726584,0.006414341408958416,0.005239519825846513,0.01973856733897895,9.747503045436381e-06,0.02652048627280957,0.04405339883316401,0.000806790019002402,0.05200191691768703,0.15901849488039363,0.001210926048977103,0.0002717768656212007,0.06975264409470278,6.81872710632255e-05,0.00045019685171480116,0.03394108478678928,0.037475344633996495,0.0060708654110088155,0.006661816943031717
158,0.023464758086654255,0.011037274563114227,0.01296575752258753,0.07655179467601209,0.020817781126895148,0.0015727485801513036,0.028864235139074965,0.022492740441613753,0.028726980494422866,0.0007582224793669018,0.0019058693731288043,0.02971298133154687,0.00869476915949342,0.01683153395690424,0.00019362048314570046,0.013344800977067632,0.004856952226171411,0.02992037021009637,0.024694241054164658,0.011143316707353926,0.027590814794956366,0.01715869022305894,0.00799018866472432,0.024402628582350455,0.007533883481235017,0.010169266791228425,0.0449240350316697,0.005163535672252712,2.670931097594481e-06,0.017650458708491842,0.028650850444133066,0.001347459042487403,0.04834450411835421,0.010545403748974225,0.022642323739407052,0.08012644779285388,0.048084910242510014,0.02203041794495145,0.0009158118353292022,0.01721809803682634,0.010683116338704224,0.027916225637251567,0.0032240783018267073,0.005623104418481113,0.034158143857019575,0.0018970172249477043,0.03934023857214349,0.027220582908767364,0.02982265379043307,0.009071690534566721
159,0.03651273743557908,0.007814814497952518,0.0455068002432948,0.03244866635637447,0.01725248558549004,0.05147327042774681,0.0026085627504886058,0.00023743816760530051,0.0020479646256866043,0.00478245687564351,0.004437422896006209,0.00927702929713222,0.035196835039151476,0.01806530439660434,0.04069275459542089,0.0020836100415913047,0.046490889483824606,1.4926101429704798e-05,0.03905153194211118,0.0013886060659454031,0.008059489998349417,0.03999005518686719,0.000469535805788501,0.003158552652342207,1.3972507996481643e-06,0.02243719660815205,0.03194459342914667,0.0022772781381552054,0.000470064391475501,0.0949114755423579,0.010991975691390724,0.013961053756636132,0.034412185322261174,0.02244684508254705,0.06515814140367654,7.232780920505114e-05,0.007963465107406517,0.020672430308220247,0.05278107798827732,0.014796290772511832,0.029568206535875465,4.796971342283131e-05,0.01362483673535463,0.021604267650405948,0.0010402661741938024,0.0003700804416392008,0.04685410019500261,0.003462925596498408,0.03158836518667217,0.0074794427002889165
160,0.01485189215353553,0.12061800312358584,0.026276868008491452,0.050157523068331995,0.021705968966847747,0.008565229295434917,0.01861126728371354,0.020672157465875543,0.0019429855147114039,0.030959230852189962,2.4646588565043078e-05,0.0016371737428485032,0.0007525855527192015,0.02137539287427604,0.006325303974835613,0.0010323540658949022,0.07531308804814055,0.0008963212370844019,0.054953766776875114,0.000480858274861801,0.031463352943676866,0.09604292131800339,0.003377722151805007,0.007403436854860215,0.0007579880167539016,5.9057138888498196e-05,0.03622172808359237,0.00469251656891601,0.00928782419510002,0.01459475426815403,0.0003347215740739007,0.026365409396855152,0.01526331557385983,0.011624308047949722,0.030752495218432763,0.00464513473066941,0.0018988286888729038,0.016335227993228632,0.04404460580739019,0.06542749850419463,0.003799055961816308,0.018095255419468836,0.003517442876829907,0.0052610012800428105,0.011560328448093722,0.0014142242112560029,0.008069463664848515,0.025882045661918453,0.004822338937771609,0.01983337959385714
161,7.232916819825237e-06,0.0010602239825246022,0.000494661506874301,0.0013909106575211029,0.028224170640581657,0.00019603598453190037,0.003889418444657108,0.02975492073940396,0.0031449596805642062,0.008373751780193117,0.000485081817014601,0.01618581841152783,0.007200291922478215,0.023435444727139647,0.015623954687567032,0.01018488451488342,0.021633487478573542,0.004264729956462609,6.88574758789592e-05,0.05458374258544901,0.005686725226959111,6.779025272444968e-05,0.0008642136284100017,0.34756138823097354,0.006065544493877012,0.003527933662093707,0.03567480877252877,0.0032074958299634065,0.01044991121135792,3.913269281338037e-05,0.07270347225942694,0.002616173955090905,0.0011295544852058022,0.05960675967550642,0.0015775249122013033,0.0035941097080311075,0.10831289620635252,0.0028046532134460055,0.03959410117419568,0.0035635746910948067,2.4686349552607356e-05,0.003631824882319607,0.013092284736698526,0.0012455785722143024,3.388173983778783e-07,0.0052274531703899105,0.02394516499538375,0.013202139054380226,0.00023304310796130046,0.0005471421208019011
162,0.04912829738080881,0.009343958725195821,0.009849385602420322,0.0007270489065852017,0.044816033542910395,8.62007785817202e-06,0.02272733817133465,0.07413433310186347,7.017010761038104e-06,0.015548415774614735,8.919340262309011e-05,0.0018203295001998042,0.0003632082644927008,0.06572191572247606,0.03977670346213479,0.0001303069352300003,0.032244034667780766,0.01821307983647774,0.031134906958343568,0.039356592882944894,0.0025084952165399057,0.03976167908677759,0.0002736852376843006,1.5653936426805815e-05,0.0035339301680161078,0.0015101954175661032,0.008560260658331618,0.006111030588720814,0.013746331165269831,0.0012984879243421027,0.00033490362117720077,0.009891945586908922,0.010533973732363722,0.0010926930068606024,0.01307540477497663,0.008059742109992817,0.00020608563774600046,7.6061234284499e-05,0.0007876213683985018,0.23811132768500093,8.386055933328555e-05,0.029553384970414567,0.008415739487996819,0.02185046170034375,0.03975272133134259,0.042056663918642594,9.337150694210475e-05,0.013993054565452731,0.016403765093741234,0.01316674878134963
163,0.03984998662215779,0.0018206313572212043,0.007777161544719418,0.008433367573089719,0.12239323531756999,0.0028030223129815067,0.050217423169872016,0.003588204489724308,0.0016087757102635036,0.053818478646459826,0.011865057380525628,0.006089841925406114,0.033801519434926375,0.032110430284617575,0.006746627255008516,1.8813772568897935e-07,0.09515520016981813,0.06793887731836085,0.017593048527056242,0.024168105759950556,0.002087681927670305,0.02548798713024996,0.005623210487955613,7.110413062525662e-07,0.01700344017749934,0.01843026443418464,0.020836271789377348,0.047527171294411814,0.0011617943164526027,0.027921957575599267,7.86394930226897e-05,0.040231215194842795,0.008681823054060522,0.023683176678740855,0.00907658757326372,0.001308190884473903,0.010402792351883225,0.006783949919085216,0.014246816241310334,0.002526763438830006,0.014281009640479733,0.0019385688423225046,0.00392499544074111,0.02487408511096196,0.03958933220262279,0.021344432016386947,0.0008861741528108021,0.019115876116474445,2.7581277106649758e-06,0.0031631404078136076
164,0.1426785581599086,0.046415859274573,0.04219517253562709,0.01912269337092394,0.009569434278822621,0.015157086581073632,0.016713477679834835,0.008654955359214019,0.0005780558427941012,6.355757839153963e-05,0.06323008376604423,0.0037416140510814076,0.0018017498292878039,0.03579903027460388,0.02235301963302425,0.0005390014170142011,0.047323200332554896,0.002819945714262906,0.006238328493025013,0.0006204331651236013,0.0055923534343632125,0.01402495501595793,0.0006668630469061014,0.00010262815911690022,0.00022277115424080047,0.02519870405036385,0.00017206561750150035,0.011092737824204422,0.010224479370462721,0.06987579720603705,0.06434181289745274,0.05175618392601631,0.04314906237187509,5.220082577361116e-05,0.016609932369738536,0.01943128160663194,0.037228586863860075,0.038165962805724186,0.00015326463578600033,0.0017162763389904038,0.02441683568365515,0.0031862079798471066,0.010864593740492522,0.03804111792327088,0.001413722546289503,0.0020031967857095045,0.0013751749704339028,0.021584265438843946,0.0017215269461970037,1.811270713794517e-07
165,0.00991175714203843,0.004015177668971112,0.018224879943587555,0.010285390675957231,0.018105709397065354,0.003645927927560411,0.07397835429801942,0.008055154585454824,0.10829414809329652,0.005006089113265815,0.018428971075698356,0.004667956596904014,0.027651409187697484,0.005509802811181017,0.001288917488948404,0.05478831086193277,0.06185801232010309,6.745040459185997e-05,0.000323779045654301,0.018075565204022356,0.0004414645781936013,0.02988073688363879,0.07156925459467081,0.021894203462883267,0.00047536544056110143,0.027984943103319185,0.012809172319384438,0.01034281891474173,0.0068958046511763205,0.016502847699319048,0.00040325812221680117,0.030796189693446992,0.02629490862240698,0.00028141307037690086,0.0034457619887279106,0.0009037803533716027,0.01621303320858365,0.11586222360901725,0.00024814517907910074,0.012847492889615139,0.01645332260163035,0.011321483982619035,0.016328296343813848,0.043334818893541835,0.007434712956370922,0.0024379378434823073,0.004363177181273213,0.034063571266711404,0.0010328442997242031,0.004954252404152015
166,0.03730623132919948,0.0040545271622793085,0.007379276493147817,0.047526189086822504,0.02124907307438705,0.006256734735895114,0.013701843665094231,0.10443380196431093,0.0917926346938946,0.0010566588333600023,0.001372636757924503,0.00460108373804501,0.00475421925190431,0.06401957141393474,3.491973032782117e-09,0.002072571532410405,0.003181849486233907,0.03243425998851967,0.0010219638464263022,0.0015809861786975036,0.013404205412130929,0.0043760304882982095,0.04110770472827569,0.015201465641882033,0.02597790423737816,0.0011989717467000027,0.0035568745080284078,0.0876026211309582,0.037509899811347586,0.009850311781888622,0.017706344112900237,0.009772702168232922,0.011350405744385925,0.009319458274524921,0.020258321253949847,0.0005957798526634013,0.0012007209667419026,0.022896604340812154,0.0009447455490651021,0.0008089234280143019,0.0029297661529341067,0.0010921114278762023,0.020727643117893945,0.019210304730814143,0.008062078533932118,0.022982037282803753,0.09981337123020612,0.005572559872256912,7.278922499943065e-05,0.03510122652364438
167,0.0014465839717024032,0.01322787534630503,0.003612850140459108,0.054691433026466126,0.016474476332358438,0.05234517270918712,0.06594818051484345,0.019613393360539345,0.005857779087214513,0.006447422065722315,0.03975397704479489,0.024516150317586454,0.015263041384039935,2.860184942967007e-05,0.0961169339155337,0.06040292522266983,0.025692047127500055,0.007831153926912417,0.0002631192916065006,0.004648412072827911,0.0005447131431014012,0.00024516189032240053,0.008170190248615617,0.0439409388291179,0.0016628971615737036,0.07230457757057616,1.0394774635353308e-05,0.02142540130340025,0.08333257177124569,0.059606233944607935,0.000950709374410802,0.006838653814719816,0.022327339208309448,0.05966727922096193,0.00462832395221191,0.0002373817735794005,0.0008139539131333018,9.112562326906092e-05,0.024726486700883857,0.0010145170679885021,0.01299335216704583,0.02633682476382726,0.0040562626301441085,0.001392587947730403,0.0007278816846566016,0.0005360372900866012,0.005281546487615712,0.0009657176319791021,3.289915032613678e-05,0.020956510252224444
168,0.038376082204741195,0.02149427041749425,0.06745307245878367,0.03686515286064209,0.04766543773901722,0.0029579903817603076,0.00023228278039010057,0.0001227775142481003,0.03129343776814308,0.019156268964266344,0.009212274586313523,0.0007732677381802019,0.0002067881494956005,0.026875627432235066,0.010591841227977227,0.018590435913279146,0.01216928602411253,0.0017533950331460044,0.006122774636974014,0.005030883766696712,0.0009218618937382023,0.005872722096906315,0.061205925079428854,0.0027299359621195066,0.007782626469463819,0.07090144905263657,0.004591327303529611,0.0007304788191451017,0.07909937594830699,0.0009757770767526024,0.007344270523914018,0.001256651884664403,0.01280116527782143,0.0017059703001709042,0.09870085971605363,0.0852037008843792,7.926343088889568e-05,0.0037510975583833093,0.007414906884715718,0.030543042996897977,0.003658035889517009,0.0013172016348696033,0.0025818903082722067,0.03678776842498329,0.002557823886437406,0.0009748694487394024,0.014433810764468135,0.0017605003912190044,0.02143596185164585,0.07393638064203469
169,0.002310938587555004,0.011852633056658821,0.026219157345837744,0.07657336828862074,0.025899295316346844,0.0012355861753981022,0.0021057522716138037,0.010558893339426919,0.003819376459475007,0.007361564667867813,0.01096148535376622,0.057267803621847906,0.020579505711619737,0.04249841153273828,0.002449898442905704,0.016426225275781227,0.0009913928801425016,0.004315712893108608,0.0013030050252935024,0.030660054491477254,0.01028795483684262,0.002239537835333304,0.0037037999286523063,0.012489075976585422,0.019312301673746236,0.03886570150733377,0.06172139134569391,0.0003432310537262006,0.00590586396787151,0.021805465737989436,7.504083600678565e-05,0.06361544835759131,0.012978229141771823,0.008374982027894115,0.002150142368410304,0.001077424356265402,0.01782859963319073,0.011934018669985221,0.04427720566376778,0.000598449425895001,0.003308283075347806,0.0025885829204172046,0.04096902167405727,0.04412302031124768,0.07209624473534962,0.015711245055527727,0.0002626678731259005,0.02162684516375614,0.09964110472605849,0.0046990593830771085
170,0.000915066036952302,7.186942831326138e-06,0.025515684118071355,0.002846614446388506,0.012033642706028826,0.03193956491479367,0.009332454110870919,0.014419490659638231,0.005886560782156512,2.0572565295263754e-05,0.016668706298291234,0.014496044625924931,0.03973637882114078,0.014623870434796632,0.0014096256839919031,0.07404863461193165,0.03438310324723617,0.015413878999835134,0.01020818815399452,0.0047369125688090105,0.039837900299324484,0.020964289623943044,0.03306528847756507,0.027008454052003854,0.025856897893838257,0.011693380586347524,0.003895974123089208,0.002088910363615904,0.0008532681981401019,0.05549746117396722,0.0010047487454298023,0.03596550405497938,0.05624723658895182,0.003658781768518508,0.010619989987142123,0.02430847706131875,0.015468409039473233,0.08371101472290138,0.00016634234446750036,0.025202122757637353,0.020590698714882946,3.1513991327003296e-06,0.0010995372917984023,0.05731031674525692,0.06183203221190043,0.024693673331459554,0.002003369805933104,0.006757036423407314,0.018056418379371938,0.0018971331052233039
171,0.005118377027555308,0.070530426632047,0.03125510034271845,0.011826807690793419,0.02479075630886864,0.004831046223394808,0.002805221559964304,0.005525656418080109,0.00022023098093080034,0.023222930798045535,0.0638973672862518,0.031833302949209046,0.05974737897896629,0.012038388575060418,0.03720226613794105,0.002591645978218404,0.018087785524786727,0.00607508163059771,0.038447469154434165,0.050299689218538175,0.004564033581832707,0.0007578676696145012,0.005569786354006609,0.051986503235954586,0.015630202939357223,0.05070593977730058,0.0017202590400326027,0.001978508834997703,0.023193940584053333,0.0003568237110717005,4.014435149464373e-08,0.07437158946200662,0.00633523473201431,0.025101086311956837,0.0063096195905946095,0.02118214099373453,0.00016881165021430028,0.0064434209002594105,0.04632700345715267,0.001967405452063903,0.025397519562633537,0.00047733847525640075,0.016929072682259728,0.010373659498284815,0.01196749728758742,0.013850270396585521,0.0009237668895637014,0.03818323347372516,2.0838288718639843e-05,0.036859655606412356
172,0.048409768496866616,0.029478425103297373,0.11178111445919738,0.006501264955514515,0.0015057361873542037,7.126973134651571e-05,0.031035643366734277,0.011700603970213828,0.03499946599138188,0.005165971404971513,0.02874884374198197,0.0036223748206487085,0.022079924713197654,0.009403317730802722,4.635299604699715e-05,0.015176897380177636,0.018771705478567047,0.0013433545562927033,0.03824473176414609,0.015312538529393738,0.0027404281645271064,0.007808782942876819,0.003485009740098309,3.9263652538659846e-05,0.0017915579602093043,0.03623155011836219,0.0021854856301138053,0.007684517973550219,0.007108615594444017,6.798049218101756e-07,0.031999622652483274,0.005931634442046815,0.015943576325054037,0.02424689233275126,0.039038330484528094,0.031193886805240677,0.000412548774589001,0.0039007508834776094,0.00830428607290962,0.011595311765402927,0.02856050265663087,0.0008420083162814021,0.0011841533942998027,0.1261364688820609,3.52485463631176e-05,0.07574908185386038,0.018904426855096145,0.048551646863150215,0.018376779964534243,0.0066176451694641165
173,0.00691533982884292,0.1070505457379617,0.008094181043244122,0.019759412988149254,0.0005492293836494017,0.06108727735257517,0.010628825252257132,0.02435637944174447,0.07750736433458182,0.028336232953653284,0.0364855225860572,0.0016188206235832048,0.0002371061810817007,0.005510308354871916,0.04306498718537283,0.00352074126910121,0.002174256219998406,0.002414885206890607,6.643581118255324e-05,0.04648465021274873,0.008206337556287125,0.00023235447199440067,0.0003879574769411011,0.00023289095224410068,7.255626511681326e-05,0.017798309018930453,3.894689480376503e-06,0.02398111620402817,0.00047412216666600137,0.01020260416802473,0.022201165650429764,0.0016337290173029048,0.03935037343824311,0.0030536316337242088,0.0006410376449498018,0.04089171943536042,0.00015994599189010045,0.13687225170334258,0.0037729726142761108,0.041502996883242715,0.0006078904357538018,0.0011290928473821032,0.011100844682171731,0.02451847921387467,0.01830795097171995,0.008305894940338725,0.032531189951330294,0.02820359460000788,0.0019803691430196058,0.035780224264379004
174,0.06529738720014235,0.029408937955259166,0.053940652993363716,0.014399984703086632,0.04160903916856619,0.031819491835444566,0.019567937097763746,0.015647956753381733,0.02203082706394505,0.03080523929711517,0.006527683330673014,1.0602227836796593e-05,0.0008098956646245018,0.038804930547245084,0.014135844551712531,0.02127294057989125,0.033663401020619675,0.0008053647589166017,0.011553335193883726,0.0027205257698454063,0.005393595655023512,0.0023394326975593053,0.0008135161878601018,0.021526591900600647,0.003124560962226907,0.026441465087807058,0.005653248219921412,0.0003608397578883008,0.01341543974724853,0.008146198817099517,0.019511740183054342,0.0908655776793399,0.003419107518648408,7.95813695012199e-09,0.004047579087513109,0.05323466683506952,0.005129984773575111,0.00889059386959872,1.7166148878597467e-05,0.07495130639083067,0.03966705102159899,0.01926020299637094,0.004997752532935111,0.019823510644433447,0.0001310453153752003,0.01900974904483784,0.012090937807342326,0.022744901407023753,0.010085079029970122,0.05007517300891491
175,0.018168398123119645,0.0406830707295919,0.02334204367447566,0.03361930471030998,0.06348314675908946,4.357808307168198e-06,0.012548547970284232,0.015223093204837237,0.02303834705180106,0.01670310691316474,0.0017386311137218044,0.021097417875122655,0.01983207732791305,0.000811757971733802,0.014502468190973337,0.004991886647005513,0.00033103112648760085,0.005769239000753114,0.0004968015952217013,0.002664494166593107,0.026194615730373468,0.00417194007466871,0.05397240709677554,7.419332880714278e-05,0.017831974247289946,0.01581828042540154,0.08592830204363602,0.0005077497964877013,0.006041047359042716,0.06468468048818146,0.01158384540637893,7.460783781842428e-05,0.022487977971525658,0.0030950208072789078,0.0014306057618687037,0.0015747598735676041,0.06930044522228788,0.0013211040485586036,0.060114336356696954,0.0008723769316542023,0.0013769250198803035,0.0008520209505909022,0.00021547580404580055,6.343135309194774e-06,0.017188712836915445,0.0005441184799129014,0.1189811542294258,0.02657086617936737,0.03358054736148508,0.03455434323426049
176,0.03440196992372287,0.03658568446272518,0.01899914790112584,0.08663755788814488,0.1015109237965007,0.0006021645377097013,0.013237943829527027,0.0004130338318492009,0.100711981463436,0.018705872304962037,0.0013063309297003027,0.012028879240934326,0.0008757119139923018,0.0008355004269586017,0.02515192047229615,0.020821849203850246,0.03377197707120967,0.035216845739315474,0.007137614585043515,3.802684881136929e-05,0.0008156762846514017,0.00021070701767600042,0.009265431673126719,0.000526508816519601,0.003653218747713908,0.0013959298043835031,0.0005583595091478012,0.025563731317373457,0.0021053160164052043,0.005748972690418812,0.021818461265148047,0.031124357396186866,0.016324167748240834,3.309178567967945e-09,0.0011461765817165023,0.00026060893431380054,0.00044458812868270094,0.0037864236319337078,0.0001576337924278003,0.011252564261186124,0.015759921814113034,0.02769786748259106,0.08318692826631718,0.05197368829437411,0.007392333634880416,0.0015185828500028033,0.00025832267942380054,0.05930112590089302,0.05557509412225622,0.012186361656901326
177,0.004485322602775812,0.00030708570462480085,0.020885872336785558,0.0055535094006737154,0.014854341393473042,0.023378978392932067,0.04180641165462532,0.08819981595367705,0.03355622524093449,0.002719653933247907,0.002227170212044406,0.02176510760101786,0.0034972635386748096,0.000686509587251102,0.005574023507749616,0.00724603784475692,0.006905298483553119,4.128987613108811e-06,0.0015741336109559043,0.005281074528315115,0.02255569848449176,0.016061430704347346,0.1087579832881765,0.0034643936133610096,0.003927055598532412,0.020462694780545857,0.0008617545695729024,0.0008992484098301025,0.0007158199577779019,0.008493096605705625,0.015997983104190244,0.0022243527294986062,0.04053385873223171,0.00017053597228340047,0.13091904595393175,0.004751712833461713,0.002452020390352607,7.963318200188084e-05,0.0031510950369486087,0.011523777259123432,0.00020097600884790056,0.030657572865166887,0.052197825009353944,0.019403602159704957,0.0001057073038380003,0.10073723094824087,0.00011178875435720032,0.01709576572038805,0.022944822709804562,0.0680335527982507
178,0.02008861164098275,0.1603678171320854,0.0398606005358208,0.07313701395626238,0.032003647926542776,0.02175725823527785,0.0024970768647978063,8.534805266315053e-06,0.005845443214679014,0.011826386082630529,0.0026561163799506066,0.005417445589659113,0.004870423586499712,0.010518895754952627,0.000845830916125902,0.014887678916360836,0.005324929054740513,0.02422584166933016,0.0014214275295721035,0.0398898421827458,0.01220306749487983,0.017639662103237842,0.01587208456920734,0.03749215634422319,0.01918749950375685,0.004849578207669912,0.022881591717406256,0.0008891053934889022,0.00018268899457420045,0.00412120366642371,0.002216671524048805,0.0069861290099663175,0.013285495225270134,0.0001209702452005003,0.005710959679267814,0.05991203409423495,0.002916258837297407,0.09552432236840143,0.010640004361491526,0.00402453882776491,0.00416772257390621,0.01623638995904184,6.273369458508883e-07,0.03675324498348569,0.017491967022539343,0.006885632108285416,0.05350891427084873,0.00025751157156590066,0.010520530192548927,0.0400706158387373
179,0.039083458794578696,0.02009562551846505,0.014822218981506837,0.015014415688020338,0.0379474800718317,0.009229161775629524,0.0024781667816004063,0.00394748563671091,0.005130169179635213,0.002972853579729408,0.017816256950664144,0.00018127355792990047,0.010159416429616127,0.032560912491949784,0.008844810194370422,0.03188362015850228,0.049323026263514126,0.031254137241911284,0.04636943905393072,0.017814582778368743,0.010892661561759128,0.001169256751922003,0.029259647805136575,0.02352159336712566,0.0010368668813319026,0.11146172611160289,0.01568786413032164,0.0003517821948267009,0.13256845134173753,0.0005135853034760013,0.028080730577110073,0.0011386485523926027,0.0375937261922268,0.01617023150290794,0.008680147107634123,0.00038567658276250096,0.010142514765509727,0.005101843992330813,1.0674741603567705e-06,0.013805127760551034,0.02029356891720585,0.017256290088153443,0.03528665610189219,0.017012105841452047,0.036889718405638,0.005569623593215914,0.01183250092476203,0.0016570800829781044,0.005269904802536914,0.0044408901568740115
180,0.11153030991070106,0.13242731578068762,0.06767170740301655,0.054645081900155525,0.044937969249688,0.09484856819168982,0.03222573945065468,2.097649681904274e-05,0.03248358010108718,0.0009852987687684024,0.005608533370909113,0.010362607449250225,0.006223375069900215,0.005385342459001012,8.946620280259683e-05,0.0023546328430858058,0.000871833832371302,0.0023087711076718053,0.019652637271883443,0.002680300694486806,2.6319113485495286e-05,0.014859108769233735,0.007233437094748016,0.003421071007952008,0.046574170734159814,0.006423271214372915,0.05283728305840162,0.010112643158156624,0.049617140063822215,0.01326018207883183,0.01243795428950823,0.0001319624283275003,0.009600213890385123,0.0028328070611418066,0.015026681869119434,0.00863785213815312,0.01652666588537654,0.0005712181302370013,0.02208530341631075,0.0018893753894157043,8.111391039137513e-06,0.00027997984543060066,8.441410785301422e-05,0.00010056866757620023,0.0014124824454889032,0.0031038418381613073,0.008822831953929921,0.05124520128753602,0.00440442541203021,0.009119434705185121
181,0.010200817486799324,0.009914587586915923,0.01266996180649533,0.07140674367565837,0.028285826111243466,0.11159343803483636,0.05233711103099632,0.002592756691073006,0.04768286086639361,0.0027092729318652065,0.007300858354407417,0.0014794390028914034,2.402093575106092e-05,0.0847044135097739,0.023079233873333157,0.005759789515399813,0.004179966062986609,0.02506804453340436,0.031954536370177075,0.002893599829526007,0.0034614870180181083,0.009425967791713523,0.019280320040175044,0.014768861089395735,0.09561146106886992,0.014614362279634835,0.006601430130857115,0.07564905583079808,0.00026603005145280057,0.00010027936294550023,0.02576553492950186,0.0023846226476598054,0.00846681130143832,0.005555017640333013,0.007188222544347416,0.012709166379622829,0.0010894795381294026,0.023397097171133755,0.008945319090652921,0.032622210327914174,0.00036584708572380087,0.04496225279252371,0.0009246246083542022,0.006791322531219815,0.0016038785888972038,0.0008926538050320021,0.002425885846629606,0.0023091695822031054,0.00897105854819032,0.027013292166704363
182,0.0010967728629825027,0.012786784965636133,0.0009957950961587026,0.02254938817858936,0.040895868244032504,0.001539132226669004,0.02704180262207697,0.002119328944826805,0.0009532106347671024,0.037810154359482796,0.015190752132077738,0.0018307577981837048,0.005836791446643915,0.010868432498749827,0.01659823439515794,0.021954309411753754,0.028135958482750772,0.008207875070617321,0.010784250925878027,2.3197576876583332e-05,0.00772239216792322,0.006525140723647316,0.00012535232352200033,0.021378242404321155,0.051863496057410835,0.03585086311656409,0.002699743577658907,0.007857964246227821,0.017331550945053946,0.24742003255190784,0.0014361866158790037,0.0037517036379370095,0.022877354731245757,0.0069186603985679175,0.06943325000112668,0.025660572579099265,0.02681314488303347,0.04395368504736311,0.003508635869340309,0.02321631632910226,0.0002016120608042005,0.010364366898790627,0.007307605329132619,0.0013517004105794035,0.017522780044838746,0.007922079681241421,0.0006201337461336017,0.014788577165990238,0.002634665662276107,0.04372339291937001
183,0.060837819210940246,0.006377962393549616,0.10980097682211146,0.015741715591883237,0.053571389473833934,0.0002532325000697006,0.02401758547648316,0.0018209603431812045,0.007670730371686819,0.010375416672736126,0.033113092225847185,0.014792401634234736,0.0060477941798432145,0.000858769238010802,0.0011742110068032028,0.00031674581548760074,0.0003790777553862009,0.00038760328787800093,0.02930387203452557,0.06553505340167806,0.002171134009183505,0.0012667010430380031,0.013807096287781833,0.0011369423245590029,0.019055225001847746,0.016382263386166242,0.013542405060274133,0.004864497807169612,1.0355060282278792e-07,0.022303128769751254,0.014696816975696636,0.002820835202837207,0.020038871993099647,0.002484925964632906,0.14720572292090867,0.031043095922261177,0.0011943938071188028,0.000858989623397802,0.10417623416164536,0.0005449251661047013,0.028332152022316568,0.0014589527987678035,0.0009189951576797022,0.014566528663666837,2.552760236699895e-05,0.0015156395176572036,0.022155387430835956,0.01769756875755054,0.00868324064525172,0.042675288989659506
184,1.0661364101213023e-05,0.0448037541874414,0.048950425717746014,0.0016756494913954037,0.013575789600465429,0.00033088549207110077,0.0015282184077979035,0.02782272036242846,0.004891705241152811,0.025603490792687457,0.034436420406142074,8.675369693916195e-07,0.0052047101445992115,0.0020387066764050044,0.017643850339091736,0.007001746997872115,0.005093366930161011,0.002749401846456606,0.023293354717931453,0.10665113835180444,0.06882905254943206,9.526453845853985e-06,0.0435227972522345,0.01411831716892793,0.005765122367305213,0.010971448652614324,0.0009113712030333021,0.0447467714580522,0.03287940076180538,0.0028526384380632066,0.024193662778538752,0.0034068739829762073,0.00024208201291900055,0.0018452330340991041,0.00014413815384500033,0.0460188241859263,0.009872379636442323,0.007780928557501818,0.020536334783478844,0.043111740933822994,0.06188754447681194,0.008054715147705317,0.021074958899564046,1.765092158152302e-05,0.006680190957930215,0.019439869834823542,0.037094946344004585,0.05988284682780513,6.554560051240305e-05,0.03073622201967687
185,0.0505536422673648,0.004755997348186509,0.026908597476376053,0.08475654166991607,0.03196419677293176,0.09255772102740878,0.04088730725471048,0.006885100996204013,0.004609211208849209,0.008602857180823716,0.014120412554607026,0.006050535942907511,0.06164611844047062,3.636336775524023e-07,0.0023143050510756043,0.01983835590676874,0.032847331892712064,0.007214587884232614,0.003660827565991607,0.0019070489732968038,0.009812763949802319,0.022000154266835843,0.0019243023756297037,0.0004174098572466008,0.006275214245698212,0.0005852952282199011,0.000994714389716302,0.08951779870701017,0.003253813972270606,0.0012812679530395023,0.0003235137664829006,0.015130221325096928,0.010087802585478919,0.0019362136272636037,0.000492691792431001,0.06944672288527033,0.009565142701604218,0.04243066346010748,7.032561255422665e-05,0.0003841651115026007,0.0017378570925287032,0.0012336457132376025,0.005907050896350311,0.03117497107730696,0.003307265788305506,0.01043967996513082,0.04015548651108928,0.0497569053580254,0.04161782554558328,0.02665805319066855
186,0.062345743708006426,0.025062493420374747,0.03557785401434397,0.022367314598026444,0.002044328680951604,0.04661038361652219,0.0038985057775484076,0.032055297975702064,0.009038020116411517,0.014832155957332829,0.000566639980343101,0.07141114516722515,0.08303609497200927,0.018661926991581937,0.000501474687311801,0.004307102079039109,0.06308540943408733,0.023049290308600145,0.002605809288328805,0.021959378382665144,0.00047150220218960094,0.00531388970719721,0.0012374899713044024,0.00016664862495490034,0.0028901180800776057,0.007757696120665816,0.0004046858438609008,5.110855938433477e-07,0.0010917028044458022,0.047832369027418095,0.013739369621188028,0.009023343299108118,0.013155091495387726,0.021847218582846845,0.017493663578494634,0.02593842367462995,0.03133332952874216,0.056492569311378714,0.0014069352408481027,0.004351878001630509,2.0560586946480977e-05,0.000491294090273201,0.042290889255104984,0.028350923949545154,2.694271673540984e-07,0.010093413584357822,0.00026995114701440054,0.03616874078486197,0.007458372676482815,0.06989077953987084
187,0.1989407548736799,0.03241986130682988,0.08694432798309253,0.03668384802623809,0.09863188421407805,0.005450754730020614,0.0034623631156592088,0.0003294846860515009,0.0025931302022678066,0.009682318705561724,0.0021610556074549057,0.00014644650561770038,0.021844169431197755,0.0410674328749937,0.0006934154869892017,0.0031214473159237076,0.006760541496223318,0.018512070714228248,0.018136780303829043,0.0009782130771908027,0.014301503605542637,0.05871893102095745,0.03081058956838728,0.0026710702654086068,0.030045292652426475,0.0042760519739636115,0.04349113887913881,0.0013155650897185033,0.004726818161996712,0.006084639950145515,0.03400756054387669,0.007976104216406921,0.006045535726166316,0.008201432587256521,0.007819777504867221,0.0029931712828013077,0.008663463070800922,0.05112909969574693,0.010131054813752826,0.0045546196452110116,0.004589613718632812,0.021478236297671757,0.0007855569988425021,0.0016848414824015042,0.0010426469591744026,0.01565231462387304,0.020100984819987452,0.00025590751615200063,0.0010533097621490026,0.006832866909415818
188,0.014343048691688629,0.0018133058842611037,0.09024000229727278,0.00517659538688261,0.007495318235558415,0.00025791843762250057,0.1566554395423326,1.9745007863582627e-06,0.00037556714692880077,0.0002055266298694004,0.0032345559409556065,0.006512385985229813,0.0007726864601129015,0.001900776090650404,0.002540517621370805,0.014601871381397229,0.0006054201378895012,0.00013403442463090026,0.0025018057903558053,0.012214626049831924,0.004922221247201909,0.0022229957384718043,0.012811525068533326,0.0003151941355479006,0.00936630209692442,0.007798833098109516,3.4087170805957617e-06,0.00019080470590860038,0.0005032440606392009,0.04590241893440329,0.011709272521406723,0.05937643417073052,0.0036848432808516073,0.062371182634266525,0.008904822685930317,0.054403265314528014,0.041194452117158685,0.05446074480040341,0.028434654803679956,0.00481621431718511,0.014621274709125729,0.0033134274194499065,0.03616128714505187,0.027879135599838557,0.00530071094328661,0.05529357582419641,0.038345748548561175,0.005680872831456712,0.02576378421790405,0.052663971676539405
189,0.046794562597680625,0.005579638410594315,0.018415726700609248,0.0033284497686592086,0.00742923631271332,0.002946425597499108,8.148241949182079e-05,0.006900764574612018,0.03126879083911818,0.0030648639314805083,0.017683144601396947,0.10505186381531638,0.00027717300786520076,0.053768618548759445,0.0017700024893911048,0.00379084900664851,0.0035549544033634094,0.08028438372405551,0.05298804242947174,0.024868363833173465,0.0006781150333207019,0.018923274481091552,6.951647458276079e-05,0.001142421704347503,0.01826547179710275,0.023065277910391563,0.03837102744405221,0.009496579975370826,0.08649422318091454,0.06531261285172749,0.00403423348916451,0.009505887979009826,0.00797399100674212,0.0012217616174196033,0.03275377014533119,0.05005192000988423,0.0052750060106332135,0.006316700221807117,0.006382758194850917,0.020459353757987957,0.020621911725316754,0.028806352871648875,0.014470143884567539,1.3449897496267307e-07,0.004734155399055913,0.0020383705237400056,0.00404496048105121,0.015737971212910543,0.00011572006454800031,0.03378903904055379
190,0.07034979372859626,0.129076991803662,0.05569903990045664,0.016284100691734037,0.015328450523348138,0.013488841401291434,0.00023492680319800056,0.0017566327251092044,0.005472928084654113,0.0008006013459464019,0.010196560551463825,0.02124775449098825,0.04418234524402681,0.006313384644852316,0.002102301340357505,0.0002986772671491007,0.0013188878609933033,0.022435319491993757,0.006432107082971016,0.01172693853607933,0.0002803320047508007,0.0008717505346848022,0.08419698556334891,0.013853229505047535,0.0030322032238243074,0.018548441864187946,0.040805087834508896,0.011502424341243527,0.015443228846975137,0.0026602007698919065,0.0067903141517367165,0.1591176439224541,0.013190254052464432,1.533821649232681e-05,0.030027563371911273,7.02058849215551e-05,4.50911959638543e-05,0.0002460109879742006,0.01984599498064045,0.0026936865866814064,0.0010592517021508025,0.03630965575352509,0.022541171992364155,0.01615186984978324,0.00047489335004460116,0.0070571639971943175,0.0076067632605430185,0.008170435583821321,0.03569700668822339,0.006949216463774718
191,0.003611095520339109,0.001517302750193004,0.009981583684745925,0.10347980840222197,0.0010851140157765028,0.0031464934942135084,0.006128434548942916,0.010692805610913028,6.267508960714339e-07,0.0012469329477037033,0.047093046753797316,0.009291670212873825,0.004379949068661812,0.013776038915769735,0.005921698754231914,0.001154275981885803,0.055913173218663445,0.017500834639052644,0.008261854090194021,0.10270282614356846,3.683852397655337e-06,0.10880215537852307,4.399239699569973e-05,0.0013207227149359035,0.007603120917744119,0.01148548771112563,0.02267575847485966,0.11568574973777739,0.006815625582769217,0.018685913918987548,0.05231258429598963,0.00044363949934820115,0.0056250323320014145,0.01875404249156645,0.012908650405006033,0.0005693123129815014,0.022071187885751655,0.04272022811868461,0.007425867951045219,0.020719993134648552,0.02371316706546366,0.00830573612845932,0.005214616561078213,0.05232334379109363,0.0070175462810350185,0.005205366001991813,0.0008275119447285021,0.013355704736409435,0.00026490317142880066,0.00021378970052790054
192,0.034207787012242974,0.029254516774939468,1.831364580999068e-05,0.0010099407460384025,0.02481386368379556,0.0012032344471958028,0.0002579494564661006,0.0007981727263447018,0.05148826466817752,0.0027912422282175063,9.65363459610785e-06,0.023535032114583455,0.02590677594513106,0.031914943361649975,0.024439267328026155,0.0024879991899883058,0.0037301236889295086,0.015374357962180936,0.01341986703866513,0.09522749146386712,0.011638727190668928,0.010258446917119624,0.014034753745788433,0.028858096297545165,0.0013720272880687033,9.15728761246661e-06,0.006567001766180115,0.011061204471683326,0.05522851897785163,0.11072205098946317,2.015679429025215e-05,0.054530636961471826,0.02027202779862945,0.00828867726809582,6.060401027992458e-05,0.023017359358328052,1.0670746780392656e-05,0.0015773871733814036,0.00031787496193940075,0.02649490993031276,0.013032776077248731,0.0018185560750652043,0.01704619623100084,0.05544248121228513,1.1820248193064682e-08,0.004915294474055011,0.00027086402968810067,0.010885075840619625,0.030976706193566173,0.09938295099388643
193,0.0026313463459419063,0.024291347477908662,0.0787190368243733,0.0008789760820912023,0.024796084220530663,0.01569464211044674,0.005596732345563014,0.0417483468933875,0.0063510410005285164,0.012113359774472431,0.01140785333872103,0.005778822843001415,0.04469155213631671,0.008051300668530421,0.02274707121323406,0.003966317412722311,0.0781989845699153,0.0020184654365990053,0.025086410067266564,0.002411168678584606,0.01623336291273504,0.05238673197186573,0.017641929103960244,0.0072142295595653185,0.005497603924422714,0.003056348577615208,0.027156248835508868,0.0389494972283051,0.029590121877094075,0.00018163438346590046,0.0003274561909460008,0.005448324980075714,0.0030692614749140076,0.17429477690346223,0.019860990407072752,0.00013979379363760036,0.0017383355518305044,0.010747262875227627,0.0005580908133620014,0.022220566101595854,0.010969861036024329,0.05061642029949933,0.0008994397222437023,0.01959372284387425,0.01223879156649003,0.005155895954730913,0.02283848694998606,0.017721212743824145,0.002724383900947607,0.0037503580755819097
194,6.91996294367055e-05,0.0047430788596297116,0.00405438282188421,0.0010753420506430026,0.0031540662301860075,0.010159957962791424,0.0027195109050079064,0.028616671335914466,0.015518355020765736,0.0007428786669233017,0.03913148479047839,0.011733734316208628,0.018369869070934942,0.01284304526361833,0.0011521222955771025,0.00897767917072852,0.0028086828016207063,0.030717991320716873,0.017261115689226142,0.06462348219152066,0.02187981937054775,0.005260180520487112,0.0006298410979965016,0.03791286578108879,0.09801473249004952,0.07442757708841308,0.004220562994799809,0.0018839883592515043,3.174503371408218e-06,0.0009872105070009023,0.08151495652971999,0.030477921136667568,0.007133815717719817,0.00028346584826550064,0.043764076710692004,0.00010935880196810025,0.019882044313083044,0.006322591009178214,0.013807133986706932,1.861224763094484e-05,0.0015436583753912036,0.01656637422083224,0.006194926300269215,0.0012117761486552029,0.016162014841699737,0.04773644418844851,0.062342237206185244,0.11930875748849888,0.0018839772112462043,4.325461032246035e-05
195,0.06388353131460159,0.05544033147424236,0.04341478335040913,0.1359090093545725,0.032257392614261894,0.00028093388754790087,0.008457371560960126,0.002268880131398807,0.0002517494402499008,0.005286420174836415,0.001012065353680503,0.017426609041191053,0.03654449057170561,1.2473229173697013e-05,0.02317809597193557,0.0008852265021727026,0.0019217059737355058,0.0008690813019394026,0.0352821959981592,7.325908621078405e-05,0.03843534878256432,0.007677963375234724,0.0329693824711388,0.010565940416510431,0.0056489351261332175,0.01069956252985643,0.0017454406707055053,0.0016244183874014049,0.020394066950134362,0.018842763735600555,0.003763669077615311,0.05444033726819047,0.021195682140539063,0.0015402121903605045,0.006890798214571021,0.04187892432758592,0.002088165854384806,0.1038290051442671,0.022393947599325267,0.0013741710567370042,0.011878211919748636,0.0008623873637600026,0.0011030058219950033,0.014731878505195443,0.00658393209320342,0.027519024222092982,0.012185141535198736,0.008812735463444426,0.008595125676300126,0.0350742157472209
196,0.07921341703146241,0.04852548621417943,0.00025036255602240066,0.004276655519087411,0.00028159947174940077,0.010655309213258728,0.06276763105260447,0.000745616757421802,0.00028652155644350074,0.013461360466239036,0.0054749533734619145,0.0020434696032959054,0.028643777663203675,0.01904768713844275,0.0004463931509976012,0.0045438570946946125,0.00375069414688951,0.01621244684841954,0.110463242423748,0.003383942908201709,0.0006829398877028018,0.024031660807820963,0.0075780042577342195,0.005024906825304013,0.00375517415081751,0.0044863707356855125,0.00011127336368340029,0.06099161880438056,0.0372683407233613,0.006411828341638418,0.03362606235214429,0.0021803943037544057,0.06142505684881857,0.01812023501745715,0.09029959288178253,0.008319035013641122,0.028529076820950575,0.039486069459826405,0.001155443818282603,0.003342387295726309,0.003112140398095208,0.007214852168485319,0.00023337147481530062,0.01508979778518704,0.00379534877065661,0.04270134589786081,0.05763128427135565,0.015508984378496142,0.0006691728277187017,0.0027438061269930074
197,0.0002708593405723007,0.06618158761972066,0.039592536670928706,0.00048745810663120123,0.0025773546604046065,0.014428188678737937,0.009068468709514022,0.008548083936443122,8.756281511798506e-05,0.006551658079576916,0.04417488048841831,0.005909576673633515,0.09758350616245175,0.004374487805994311,0.013129365630824332,0.00026253014112350066,0.05203012160166713,0.07060696377277657,0.000796862905519802,0.00045693460564450117,0.00021314466140080055,0.009763012308817024,1.5942275626555065e-08,0.008556719728251722,0.06644299884804397,0.08709727673719742,0.041154688806609205,0.038194574910300795,0.0011308775359192029,0.0028520131200515074,0.005065764526908713,0.015028795218233039,0.005044856628630613,8.280080257724368e-05,0.025881837330718766,0.0017319009566181044,0.021654243253035055,0.00022308924179780058,0.0022227716840459055,0.0004331219522094011,0.05821198269471545,0.0407285882286355,0.009113183773135223,0.011525967116501829,0.0036895787211783096,0.0010920329750919028,0.08256053393479701,0.013791270924154435,0.0006298962047402016,0.008763472827707322
198,0.0434169650026363,0.08109064259397239,0.019943116803240245,0.054188570583081824,0.023786838881208656,0.013597792652390531,0.001284218515640803,0.11282246177719027,0.036096745992665484,0.00842784338382592,0.05159758739072292,0.010018576315801523,0.0009890947541636025,0.00445886986071911,0.0008981798207701021,0.012152993774482628,4.936433106176166e-06,0.002520701896861806,0.011634841383039428,0.00918442735540282,0.03383014030137237,0.019883797835623745,0.011935751868023727,0.00038365740826290095,0.035916193512799684,0.026098191227675163,0.010860962191310025,0.0428477345541356,2.0903025466836976e-05,0.011857102854153527,0.011026036395208926,0.011611202681372028,0.02543277303809816,0.015657053153475937,0.00889990114896892,0.003782540440321709,0.0037281918072155085,0.07282892262556197,0.0001590218735790004,0.002550220257438306,0.03902534532730559,0.014315643417114932,0.00024144999218160058,0.006146164874281315,0.012614653107360329,0.0006233550863060014,0.00010814660461610026,0.03866871463104569,0.0015765509894940038,0.03925427259930789
199,0.012851204926743529,0.03718112703030008,0.03888736152128859,0.007661212259037519,0.07577464742176047,3.3398898390391825e-05,0.034393313421281484,0.002322261530143605,0.04823422264372751,0.03898129448588069,0.0006128059014018014,0.0022439457465756054,0.15535499660159327,0.00016085544253100037,0.002312201466815105,0.02041652657150625,0.0008741442665242021,0.00011955376623710028,0.0014776359882609034,0.017990644792158943,0.0028285824118598063,0.003880428169063809,0.01360814724063703,0.003853237934202509,0.0001762552282358004,0.010504556050035524,0.00399650296596131,0.016804826719474537,0.009776479995220922,0.001663411650143504,0.11379202517821776,0.012214905301096328,0.009308039727585723,0.0009617681034384023,1.192313567666097e-06,0.021139249367140848,5.215833140703221e-05,0.0004693960471859011,0.006922446039150316,0.03507589091747439,0.06879357749589636,0.003296095136963208,0.009931040854046122,0.055109317677452634,0.006053262328857714,0.010420010975990525,0.005715599190876913,0.0006694156021241015,0.06498097806626395,0.010117848298271325
200,4.2019025880690306e-07,0.02674026930860186,0.06953677528566365,0.03189778373365527,0.001368981683003403,0.01296468132319803,8.881564679290122e-06,0.03466702122123218,0.013537541987876529,0.04946077352278481,0.008419664800713919,0.005434739798477012,0.0003233512271143007,0.00831783083500952,0.08677616372096439,0.0001282589159701003,0.07786008631122267,0.010307816522604422,0.002731678178839206,0.03818306485404548,0.0041159582615332094,0.0016358554993687036,0.021028883072388944,0.03841968191521708,0.0002569409756163006,0.0032017546851283068,8.162312713385135e-05,0.013782670662209931,1.4068317780158858e-05,0.024830451106460757,0.019680475770206245,0.001729724886678804,0.007923384678131517,0.08282376268172018,0.00416857524625521,0.06768906795637736,0.014584385393372533,0.0016553567411890036,0.08858293487596719,0.007208610223947516,0.06155875390614544,6.063782460896084e-05,0.015602261706703435,0.007298996603795316,3.927642154356417e-08,0.0009601000120886021,0.00976009478003142,0.006079762518122814,0.00831558647839732,0.008283815831087619
201,0.09897169860652438,0.0007298948656745014,0.001659360551667503,0.03703212142268687,0.009265387127555617,2.6223115146959824e-05,0.01661658966761383,0.0022537462886891044,0.03437963101632646,0.0024845018321199047,0.012882238471636224,0.032844150115542266,0.0013538910054904027,0.025146536860557747,0.08537201905997227,0.03729185496468867,0.044601927620794984,0.025182154020709748,0.009603157344652717,0.0024391464349256048,0.008247926889833316,0.002150676327670904,0.0012806786926483024,0.0036467676316335068,0.044790712491346085,0.013063756825780924,0.029554007454114656,0.029277026275297355,0.06134307721950832,0.013220886503994424,0.0006464872091156012,0.007778467799773614,0.002015183355007004,0.018678164326251533,0.008908348243857818,0.06389760674110452,0.0014501696459299027,0.002811341300228505,0.023466847247452044,0.01728742123724013,0.007576230045971314,0.032956047010675664,0.005871669263837811,0.02297358094644284,0.014446947159531327,0.035795299377002966,0.0018214041993594035,0.03659768634405107,0.004475459166303908,0.0038338926760594074
202,0.0008901005125712021,3.478649801600754e-05,0.0038267856753583093,0.03832460795286699,0.006615992554375915,0.021548733185122848,0.011846822093306527,0.04771526168069641,0.002974622785419007,0.0008083646287491018,0.00015214839461890036,0.0006082095961522015,0.003976212543832109,0.005897249368500714,0.0007556090290383018,0.03133318034209818,0.026730142704330263,0.011370379175600626,0.050390070237595515,0.0838353294483533,0.010502775614765224,0.03496647086440818,0.011301052186247527,1.2741595766326655e-05,0.0016222499346715037,0.0034668454192008083,0.00011740685451700027,0.0037907071631731086,0.052675012997340724,0.022433948962803152,0.007416633324112117,0.004166794713542609,0.03938915563218959,0.004257064825441809,0.0018037090851032041,0.007382528939752018,0.059601858896258436,0.08433197293645739,0.009353340451924423,0.0001656809958795004,0.003536778905594908,0.02526975396430706,0.010939634104409126,0.010530475408525024,0.06302010403537646,0.0022584168559454053,0.011914135244859127,0.09317785577176932,0.06157193006646915,0.009388355842587622
203,0.06291202787572996,0.0004963968726429012,0.017396837110039743,0.014772231559260737,0.017080756439081742,0.006923577637803416,0.01296042475437073,0.0020341189298107047,0.018455008406040446,0.022494402555274854,0.0045825129748693115,0.024827839929250858,0.11123264227754678,0.010216332199232925,0.003069005296684907,0.02133150055348995,0.0020009840224542047,0.012861788700537832,4.438835369250869e-05,0.019793782372299347,0.06867273050264207,0.029486900453546173,0.00023253581214750056,0.0055153070902292135,3.367444836373045e-05,0.001983780970289905,0.0019477336101540047,0.005375884561543113,0.07199645839777358,0.019630500692649648,0.03543533779767658,0.011094589529160927,0.15809789791275128,0.006264564297290515,0.0013362244192831033,0.0007919447117012019,0.0014156077038333034,0.026833359932177066,0.030680525814549775,4.3441745524645967e-07,0.0017528838954881042,6.946361891090555e-06,0.0003471308416573009,0.00011929316771440028,0.0015353477188247036,0.07329409824496708,0.00020309559951180048,0.00843787118041942,0.039661175095984394,0.01232960599821013
204,0.0002505217282212005,0.08689356019647566,0.0013087700432931023,0.0008658166433424016,0.004930769094950809,0.09218011698354157,0.00046398835457620084,0.0017898832541281035,9.72186446843932e-05,0.010998176503109521,0.06391949511781263,0.0040670701589483075,0.012137411262410422,0.018100998804725633,0.006011113547919811,0.002661684330056705,0.004976337166824409,0.015473718091956929,0.041917361840672775,0.008799803085545716,2.3535388499346375e-05,0.0014879277229252028,0.0013388485788097025,0.004436068768898409,0.0526477334454274,0.01552900395351443,0.012765876558389224,0.012730748514559924,0.0002494562553634005,8.69029108347404e-05,0.0018568508416692035,0.0017705737394300032,0.026683803030297753,0.0023673249314800043,0.08856479981030976,0.09423709150435768,0.01028684340821022,0.08829411554173866,0.014696986636618429,0.009106319909288117,0.003198740436189006,0.004711485969411909,0.03554609008480067,0.03684328581993227,0.006778488442994013,0.012883543259746924,0.06604900868324433,0.004805742353731409,0.00010672694865590021,0.012072261697475523
205,0.01975016059840175,0.008596968814222623,0.00756150087613122,0.0033251820077241086,0.0001883742679210005,0.013000959354614434,0.0044145252881681125,0.03514359954506279,0.0010280355918261027,0.004610213752883012,0.03493873222680979,0.041811368262820114,0.0005475144443201014,0.005352597818940914,0.04566562738461542,0.008562272201270323,0.01114719481868713,0.0027749848033706073,3.996387271857371e-05,0.001859757736767505,0.02006743924894835,0.01099400749347873,0.0365928791749265,0.00043616378845370114,0.0398229934451689,0.000762376001015302,0.06278536526446286,0.0024354939513817064,0.04850940360705093,0.03277388427902229,0.020538418573672255,0.06101142758661086,0.02954825377358248,0.04247319458891631,0.042690269173546014,0.00755633678910412,0.016992198853542046,6.235638731918983e-05,0.019536260265083153,0.0009195006182002025,0.01151145919245553,0.0008385297050467023,0.006936265941592418,0.08282870852352422,0.03330708486817169,0.004295984694689912,0.03317128152879809,0.0010773553963885029,0.03140503446176758,0.047800539156803726
206,0.048566733144622606,0.0027425994486951055,0.03339739959040737,0.016575575895861634,0.0032517467783135068,0.012025046441029126,0.00505591289956151,0.08161118368538536,0.00887564068511672,0.017268258110340336,0.0035243240211198074,0.024694131145796352,0.0001420331186827003,0.0037883937521550077,0.08139301650566837,0.010323957162299623,0.012715852247052326,0.01002740298730452,0.054819382554605015,5.59583786810763e-05,0.03143885653461157,4.005164391753077e-06,0.009965116544681421,0.001836196886562504,0.00493222554863451,0.00976492487577662,0.03213822260072507,0.03206219206646537,3.3742746406673946e-05,0.06310787931837214,0.040248802192596585,0.009133917179197018,0.04412951232129539,0.007516269006049916,0.01489025797398733,0.0025752800007307055,0.007170174447667115,0.0006147043259246013,0.000958538866720702,0.00020600781652910043,0.010419938552226123,0.07698192415880536,0.021520570396938846,0.007732406864467117,0.004007538917127609,0.03741248104196328,3.1581615538723265e-05,0.0005706199201881012,0.09027601310895719,0.007465550453763415
207,0.01796788589115355,0.0351735994623621,0.06782710950166387,0.0009257012669929025,2.6085124361667603e-05,0.00013122899709790036,0.002562431071219907,0.001102347938771003,0.1506399704045644,0.014238387192809438,1.3643532251148497e-06,0.000358430261935901,0.008510999804975123,0.01140370771200363,0.005046350599791314,0.009257768589805624,0.03299354428059369,0.021161426349824555,0.004859481151898413,0.00035187836330670093,0.0009817398130046026,0.001433439858545904,0.007047110429385119,0.000749925540980102,0.001897959354717305,0.002645517179580707,0.00042715846694540115,0.02959282736222208,0.11706386143966961,0.039998181571614506,0.01186928563921033,0.005147410215833714,0.20092720703105144,0.0009139010819254024,0.01141482272959513,0.025104282623118666,0.014288674645768638,2.464171366878808e-05,0.0013956866365078036,0.002542668254342407,0.0002710527030588007,2.871060918654819e-05,0.002008306157466005,0.01157199099329173,0.005434471129992515,0.013039373270236734,0.02569911046672157,0.009729997677666125,0.012652938498279132,0.05955804858805656
208,0.017591604261386045,0.0807359622157151,0.1468045681449271,0.02252255227679056,0.011197934206060528,0.0018053857523666046,0.022048697656688154,0.033673685231997784,0.015038024830112738,0.005755575342695915,0.0009586459486678025,0.007573719938328319,0.023131709141264258,0.012683791775250832,8.553614338188497e-05,0.02057380272635945,0.03327994121172828,0.039722078365713405,0.002032633276320605,0.002835379988337507,0.00020359344112990053,0.01887515723966175,0.0016875250744156044,0.024997114382632062,4.185336077551759e-07,0.0005471375560622014,0.009617015134805324,0.0017000162285487044,0.01677231430419394,0.01133549010979013,0.013013059349407533,0.014141674326510836,0.016720207206126242,0.057574940627218546,0.006276249223211716,0.0059999704271965154,0.02667197875182537,0.0067106140534745175,0.041962272816332004,0.0007457309111523019,0.0007699587667638019,0.0015632489251944039,0.09472549498346124,0.0006223175600473017,0.008165482774809621,0.024776345753529563,0.02782905924035287,0.020119129249045253,0.01626244214915854,0.029562812466241775
209,0.04274467291664981,0.006489305733777017,0.01964686341356895,0.02987420829083738,0.0067740040043203185,0.03055683616645028,0.006098013114728217,0.06642906224670458,0.004282895421185711,0.008923157097521825,0.005808821122310416,0.00013036012966580036,0.05589804280123885,1.4102309967862186e-06,0.008665751803969722,0.06659259390507558,0.03260686959823649,0.012065374685082933,0.009799320897414227,0.0025020689129239067,0.0038507645880180106,0.01092357689931413,0.045075962579068915,0.0011909879163908032,0.010078067677806826,0.0016869864471281046,0.020220629373642156,0.008855698782087024,0.0713252602689965,0.0004834869662751013,0.000395750007028001,0.08968060195456294,0.09534900535947405,0.017224199956961245,0.0050845157818214136,0.0011931488847401032,0.004148957928954511,0.0008233187933660022,0.0800632724956925,0.00741547274540912,0.005344652064040214,0.009795529278847026,0.029017202998077477,0.02593936752561167,0.0016349396244482043,0.002248911155849906,0.00012193542763520033,0.027541655890223272,0.00736426180997332,3.224632589744763e-05
210,0.034569321809672086,0.001782890359666804,0.00042330985862730095,0.007004824373109816,0.016628447090452938,0.0009102522934591021,0.013446098243029331,0.0440259508926851,0.005295845209030512,0.0010638630928488024,0.05788324098489223,0.00822113133066002,0.00036235140851470087,0.004084111241131509,0.015056432085237735,0.05388117797924043,0.01827354644634884,0.015973603185765337,0.1300249889628775,0.07576738221913318,0.09871057341599024,0.00034460671437830083,4.028311953754502e-05,0.001637066969231704,0.02976758723318257,0.045097626494252405,0.0021418140157835053,0.0048789688672154115,0.00032767988761070075,0.001336707685186503,0.014739073378959735,0.00011290592032640026,0.023073361007100855,0.0005679006604648013,0.007958875679572019,0.026105792107252262,0.011507239288263827,0.04918935563314752,0.010204713257571725,0.0023131721288680053,0.039736507684349893,0.005916170910013614,0.0017249620739006042,0.052401654368284624,0.010794547518525327,0.026609599653837062,0.0004686331390171011,0.0028000659949960066,0.023907722409650854,0.000906063717145602
211,0.030198874477297976,0.07199271233274508,0.07223598807751148,0.06515222284590537,0.03241304574590538,0.003591427439456909,0.033401851256154184,0.0013687662045278035,0.00035130387464540094,0.009685791185544324,0.04501400340396422,0.011054937606561227,0.007182746467982018,1.1197961062982297e-05,0.010763134466847927,0.0020241034856337053,0.03561329019106489,0.00013368936112580037,0.0026086378856650066,0.00786845421115012,0.0020171644951084053,0.02086098916682735,0.08600482288868942,0.00014991095824750037,0.017957163476342543,0.005102648677416313,0.00024531861760550066,8.331878677559963e-05,0.010280622406435626,0.09839872238632355,0.021888663736046955,0.03662846966436829,0.007161377032226718,0.01537603833639834,0.0009883567503898025,0.017804190906499345,0.007908554420799121,0.0018038573886530046,0.004783499055945012,0.010561379400103127,1.0949467646624473e-05,0.003003540089252508,0.007604189594515319,0.0055147140488669135,0.13864669713128686,0.021103501401179954,0.008696687491124922,0.005127360653410513,0.0006992277003317018,0.0009218853904316024
212,0.001167059647836003,0.004392879773974111,0.03401910021784779,0.0048803553341634125,0.003532929093936309,0.009514627496181925,0.03452452560726699,0.030035540926822476,0.12230701971477362,0.026034959138646667,0.019105945911605048,0.0014482391059792037,0.049917776326841225,0.000746840298846302,0.004249704069123311,0.01237367027088913,0.00017427409727250044,0.008254038076450821,0.045577611967461115,0.041419517535844004,0.009168517239905822,0.00016388103649890042,0.022191931588001555,0.00811714582090142,0.019532902386487548,0.01834318010337345,2.5318358281381424e-05,0.008851245293732022,0.0030623065181873076,0.10887932576250678,0.0063367402500268165,0.0013534405690096036,0.000748459104221902,0.057104748766789046,0.002684124483626307,0.04442534159572251,0.03095635328510268,0.0019781738095574052,0.00014401733377010037,0.04583848326846332,0.0029669885591598073,0.01835857530093275,3.35009687216916e-05,0.010608885073478227,0.0010034908017606027,0.0005164482713593013,8.152726708906023e-06,0.0370274021534609,0.04722263426527322,0.0386716706932166
213,0.0028238915509115068,0.026834050585360467,0.008405329589143222,0.005723491197652114,0.0014553368853615035,0.0026794262070998064,0.030210475277330274,0.0411426550818184,0.003207839335138408,0.010231111066955224,0.0064231693255995155,0.015480359570489538,0.0020758269799631053,0.0030776974821093072,0.022141312820631556,0.0010826897160937025,0.002087717372909505,0.007184772740291318,0.01177293431938853,0.014454963237677934,0.049975587926251626,0.11198107366085047,0.0020365913696072046,0.057378617315184136,0.002199135924890305,0.024323629304821858,0.010017425059467724,0.0025790732070216063,0.001672874682468404,0.00019350783000520046,0.025403024004540063,0.0005316946896698013,0.010103588498070424,0.001237045896933503,0.028220547576939668,0.1546608335707024,0.0013411385069465032,0.004790808359032111,0.0003336326591348008,0.032175503326622376,0.025048952110892263,0.005404144135974613,0.015786516328452738,0.02130901231416845,0.0026998657692257066,0.009183673612001222,0.13240733972444912,0.04630884824886121,0.0014142917787943034,0.000786972266095302
214,0.005391051607163913,0.00034411555490120087,0.03594231599290709,0.0406380327922717,0.012701660298785531,0.020787101584655653,0.004937301794322112,0.006059856527114515,0.006530558413838115,0.06613204145488347,0.022122790192992556,0.019741775968622147,0.0029962781815706073,0.02176104016764805,0.005379433504461213,0.0004906013388068012,0.06699489882650017,0.0006236447904210016,0.002759042776753407,0.22263835156496695,0.011409345547062928,0.016151486059687838,0.0002472152983258006,0.0022932777914029057,0.0075267735221923185,0.003303147459522608,0.010821447706339625,0.0012032302304617031,0.026926693457046964,0.0071835596605695174,0.000810133543135102,0.0432391567261196,0.000816390443691802,0.027473241830349864,0.03230192775034168,3.8489121489993274e-05,0.00396146468011001,0.042388728339433905,0.005188576432107013,0.12264241005230851,0.004134763638045311,0.0007203965890499017,0.02556002452180726,0.011139276168934929,0.004084445904483811,0.006266075904369915,5.824771003072742e-05,0.0019749906143582048,0.011494860254898428,0.003668329708735609
215,0.012472597956548929,0.07306993788482817,0.0006411282340371015,0.0018121967275822042,0.0014387521041620032,0.04911590325568332,0.031033623623119674,0.06011965850868744,0.0009135054126797022,0.0008039789201667018,0.014285064262284633,0.01825761237060124,0.013725603863672631,0.09065794371278141,0.01635009933524494,0.009381747179691223,1.745809137462344e-05,0.07913263043743228,0.0016114337000818037,0.01734958945900964,0.042512798591777,0.03399857708549018,0.0069645414100258166,0.050165185163165815,0.00014215482697090034,0.00797054994116922,0.07185254980048857,0.002660684969510306,0.0024810034104066057,0.03135148802626497,0.012869496839841529,0.00019488883032950046,0.0035826506105354084,0.023468170070467056,0.00031559313136510074,0.001336724597318503,0.001630868432310404,0.02026270620167195,3.9821049387887074e-05,0.027944285686115566,0.00034668781046820083,0.001754311064770804,0.003870685345592709,0.019573958719851747,0.044229404922026004,0.032313268739960675,0.0013861902803622033,0.010531496686083025,0.0459907791710629,0.006068013545539914
216,0.0008164718564424017,0.013744724067527829,0.0011856639441516026,0.03482492195343038,0.023597892679242248,0.047033919017120895,0.000907402714097102,0.00035359589145560075,0.007633003192416416,0.02860645024154786,0.014832817974005931,0.045865488995545496,0.028872485824890562,0.0014179504951126031,0.0038374745407807084,0.03946758953401208,0.005944962391329512,0.044928587953416796,0.05329509737160031,0.010688301851561223,0.013482062898891627,0.012431877256626925,0.007712917344223616,0.0026816323139893057,0.0016661043268777036,0.002315363226208405,0.022044620208395246,0.03998633394852878,0.006376564680239614,0.011765974050126225,0.03327600800221867,0.07124131754760575,9.946507015260647e-06,0.002285078056095105,0.013308333807794928,0.0012952294016510028,6.813778779872541e-06,0.014969638677776531,2.1363046293823774e-05,0.08679285577763328,0.0023542237105758047,0.0008231995876635018,0.04255322810557019,0.01783205622959544,0.06511204469296623,0.0008662565328503019,0.02493552735318405,0.08573059902130878,0.008114502498791318,0.00015352492083500034
217,0.07548838521832588,0.0015728508791073039,0.011324379212877428,0.020790561734208454,0.022180382548292757,0.0007661743257371019,0.0034697204523880085,0.029436088296840173,0.025598445000110364,0.02191683666849195,0.060639754587432045,0.0007667346657281018,0.010122398449237024,0.0009598618918264023,0.0023365464969751057,0.015495772477437338,0.07429241253678598,0.003816332654301409,0.007620066678235818,0.014893917815592336,0.014861760292744837,0.0031888772286855077,0.00023808716863820057,0.013768568358120133,0.07171949955570538,0.00852030082172912,0.010755790865469525,0.0016972111065674041,0.01261225293797173,0.0006760934609450016,0.11311925364217808,0.051010728870900426,0.00015010227438430038,0.0048023268159633125,0.0806763516377427,0.0023247100475884057,0.00853116714171332,0.05656550828205424,0.014059426086072436,0.03590442664316449,0.03724408450614539,4.236587604411284e-06,0.03366768594094948,0.003471177944772109,0.002562836640051906,0.0035157813664803087,0.006910217077144816,0.0023910981857546056,0.0015101386883439036,5.2677234483584795e-05
218,0.0499295691632272,0.04425556311951469,0.06869795163075654,0.06266990313061364,0.00901798701303172,0.00047221723697990096,0.10478958631887532,0.0026810344252759057,0.00510767445927701,0.002953737376893206,0.013456520650255528,0.0007480958617002016,0.027828506487421058,0.015695195939447733,2.7393823491104558e-05,0.000481519324430901,0.00038273345922330083,0.04408373630151739,0.07951063714428677,0.0007868021518485016,0.0909840125228824,0.010508720325863722,0.029318398957348963,4.6541702066580104e-05,0.003287227649940807,0.021551327730344946,0.0012912416992070029,0.015424642409038333,0.03743164555008158,0.0003996176664571009,0.000462880149049901,0.027115332268609054,0.047990644237411305,0.002553073199289305,0.005185353903381211,0.00992736705965912,0.015780577843189536,0.0003983849480262009,0.025013171345893353,0.002880401730769806,0.009086888005885519,0.012175971771007425,0.024313005996975053,0.017078222889336733,0.0006802066704795014,0.0005329668804671011,0.0012129469819171027,0.010137808662930821,0.037073551178943474,0.006581503045479314
219,0.03965418812368258,0.07324061290530005,0.00503266798764781,0.07687718469308576,0.02433263507457385,0.0980361495053614,0.0009685710511608019,0.003983254585368308,0.002958899026480106,0.040891050316627785,0.00976260812781212,0.02449268202583435,0.026901117705663252,0.04229283801509158,0.0015892056005624032,0.03064327141295266,0.002068386063269604,0.012606246630332225,0.0007457068181471016,0.008530052107139917,0.0015601614228137031,0.00017436301828550036,0.003044841165863906,0.0536156284111318,0.0007332067507752015,0.00459823631235491,0.06313436941451192,0.00513053832550201,0.030797885173684862,0.04543558694388869,0.02388967305718675,4.988880674870587e-05,0.016597339375614834,0.012655135276586326,0.0014450991675829029,0.008230298187445816,0.026277018143451254,0.017226872794496535,0.008569223071812317,0.008719324411934118,0.010978714935196723,0.0006720382520833013,0.0013269023466902026,0.02880720624453606,3.328254916883386e-05,0.04612177742213059,0.004696082701989009,0.0009392452165561018,0.0005263930821186011,0.0484063402417647
220,0.022551034748785857,0.03064819122688868,0.004466035437545811,0.09430120619881954,0.042277095156343314,0.017223484441132746,0.01185648835985873,0.04420442355809101,0.021046477214200852,0.02783357286348017,0.004787962899525712,0.012903556055058633,0.03146324406378678,0.00029241118327340076,0.006360183496604616,0.006251242233474615,0.03416096696296749,0.0059783753573030155,5.1215813965628586e-05,0.05103421448424733,1.6219772534404122e-05,0.014441031068879137,0.004645696085365212,0.026629557471766468,0.025112568414297664,0.017785672589939044,0.023132680062461358,0.0028772635963118074,0.023721625188689758,0.01895382052730315,0.13992823786586225,4.4256605393566653e-07,0.001922850449782605,0.011463691251746129,0.0062150339233513156,0.018030097906262546,0.01535314931806324,0.005815454278600115,0.03536709788866559,0.017867981527823745,0.041500188255173404,0.0010832597898970029,0.0017189551402739043,0.0002580715355263007,0.021173678279911054,0.018730475089496948,0.03064947112329128,0.0026144125624825063,0.0017117723090219043,0.001588162405812404
221,0.0003552964551003005,1.6519600738852427e-06,0.07065454666125799,0.02696577705122084,0.01279693942467452,8.170079988092765e-05,0.0005120817009704007,0.03605177150531285,0.0011015178171966016,0.0008725139731428013,0.004671651167958007,0.030469553245893646,0.005554668702087908,0.003303354905513405,1.2587067895001453e-05,0.010782158786813616,0.05180056741889408,0.09659527711685824,0.005107957759856907,0.00698824907961731,0.064201268693236,0.004010017313313806,0.025966415983277136,0.000674188266963601,0.04157820280682746,0.008230895214936113,0.03928424074914186,0.017872635728153525,0.012148528932553717,0.009097085479438514,0.0064004186285452095,0.009810201368241215,0.067217950124487,0.002685210376386904,0.021437089566971733,0.018007332740031926,0.025567062804693137,0.07297442144274321,0.006127971316419809,0.006694578244690309,0.011304843155193416,0.04584828386318387,0.04278741231924376,0.005847253649205108,0.024533981714404834,0.005384241653568508,0.015763908093531023,0.00743736884885191,0.007900934243923713,0.008526234077622112
222,0.03233664979646169,0.12403147555100515,0.002712987285735407,0.01853268735211335,0.03293434896625499,0.0020212827712475056,0.010497180057965629,3.4468502169740675e-05,0.009534309912921026,0.01040040164232303,0.0020116307430770057,0.006292806698859518,0.0005570192181457015,0.0004276881925084012,0.015658505732144046,0.02111135354063586,0.006702759979387418,0.03922802949228721,0.04413266595434993,0.0006836135511415019,0.006878477432305919,0.0008683820723799024,0.0013093248774819037,0.0059733400809602166,0.034820224311499996,0.06595530562849908,0.04599016030080742,0.019866291062403157,0.05180907294901495,0.0032857561058320093,0.016172771172706844,0.03323570426094769,0.010315668041008629,4.280091638346954e-05,0.021637792830295557,0.0008694269089819024,0.009975509409492028,0.012725744484980834,0.10156673904196768,0.019511543795298257,0.0006642412887774018,0.02138239818129116,0.007500891251612221,0.06241068492282757,0.02442417162651177,0.0003176994260078009,0.019980591309938057,0.016155709189724445,0.0006934479478569019,0.0038182642314711105
223,0.005224248842594911,0.01925521644035074,0.004018004014318109,0.1383929523536852,0.0020885853365081044,0.011367883359519824,0.0011395767625895024,0.0008712346078862018,0.030242763864522963,0.013048255924426228,0.0005328972825688011,0.000466438475602701,0.012799010287122927,0.00023491884275230048,0.0051517425687955115,0.007167226211379015,0.05920839994003323,0.00021301630354140046,6.808674355024725e-05,0.007823989041156918,0.04301718781265979,0.12123701621551665,0.018743786679829337,0.0016711702880078034,0.006168567523947613,0.017919522321030237,0.035998546775193575,0.005154978169882411,0.07682258195520637,0.005318838695191311,0.02819018682576066,0.0003821865397646008,0.00013021589019000026,0.022687998258646147,0.011523839277529225,0.006894265525293015,0.00031271168230620066,0.003385081709721807,2.785128407300883e-06,0.021555340689001445,0.0475314269021229,0.012718345304473426,0.026663249858961256,0.0055562675186686125,0.025100575058321153,0.10103297160848361,0.006346467584467613,0.0013823550217888028,0.01470093925677713,0.012536146719945025
224,0.02590913123496506,0.0041028294182515095,0.012991285925946129,0.00030251339373920066,0.013475000827768929,0.0016173407865915036,0.036762003482541786,0.010934926190313724,5.522416802910775e-06,0.0472002016758688,0.02372011305060995,0.00441085641361391,0.0034098930326432074,0.0045451505961532105,0.0003617735706469008,0.004949716366418111,0.00029321048286220066,0.013675259973444832,0.002267710891355505,1.900316143311449e-06,8.430800342722914e-08,0.015048704155203433,0.061863476654449336,0.07578194781716767,0.027710502434378264,0.05204467591595812,0.007958996621385118,0.10552881788920454,0.0015369608354598035,0.00447072495308911,0.004336369684816309,0.014514588719945333,0.002228884786805305,0.024950878013909154,1.1177742754840326e-05,0.10176315519720182,0.03606806004228268,0.007489905200962316,0.010401930245222622,0.014940743837646433,0.004929444457335311,0.014884862154344633,7.141368914087363e-05,0.006111236142051514,0.0001358177001635003,0.015077064715600334,0.0020550999418125046,0.05442036450941462,0.00940688433203052,0.11332088725557996
225,0.05919277545801101,0.13569282813325584,0.09669478304009367,0.044634093892444174,0.043929725313422874,0.034720919447094864,0.03715708320229737,0.007156310995029013,0.0005030360663035009,0.004376996678603008,0.0045736319956627075,0.003937614571544807,0.02783743922940295,0.041883296263112074,0.024725221210367045,0.006758706939053812,0.01086134561549642,0.021554852482410437,0.0034635740700748063,0.00010467511705320019,0.008337120068489315,0.0036291511916263066,0.0011827794110635022,6.094440499080043e-05,0.0036415294918614063,0.008424956766348116,9.520817568924336e-06,0.0042223892430054075,0.0009643366620128018,0.044656526928385974,6.978226084808314e-07,0.0001719115653496003,0.02695387610836015,0.004612654499305008,2.7843025109418486e-05,0.04486407037642428,0.004516104318836308,0.0008785220814631015,0.007152101881600513,0.0004530819078292008,0.018211960723695332,0.0537437979805181,0.0542445865719357,0.03528851341428526,0.0059664527895947105,0.021628367841820137,0.00012437997536710022,0.023882872509632943,0.002487127303867804,0.009902912596310518
226,0.11311226862852206,0.01835134439544904,0.024661800873545855,0.011083478687314924,0.054819246495145926,0.016131610985601133,0.00485983974561121,0.004802768748953611,3.888113944031217e-05,0.0845732153919257,0.03941831199329579,0.011651237628076025,0.00014237701463080032,0.00012584655307020027,0.00021303829169970045,9.033636359706818e-05,0.04066395030355839,0.02672965968966146,0.06993236573622336,0.0008387100488962019,0.021075408746135945,0.002591264264403006,0.00824273546284802,0.010683580913130424,4.078353351849031e-07,0.057200962531155426,0.02267890700486165,0.025812630538792358,0.020485652763052146,0.0021346441817818047,0.010887242859139225,0.054744838272396026,0.014401230111409232,0.0016182660041515037,0.002074094691268705,0.06966090544359176,0.00026393709183790057,3.354066273517255e-06,0.00043768241597190097,0.011162905864630424,0.007977422948927518,7.648039812525562e-05,0.007537873311698117,0.06566625906143066,0.0016271675892851037,0.0007640579172122018,0.01312043543658863,0.003238409398202007,1.7071571484596415e-07,0.04159078344643069
227,0.0020685336265997057,0.033917642582662895,0.018884524654655854,2.205255791689534e-06,0.016864845448160845,0.00017063290502140045,0.0742081424698721,0.0006742599507108018,0.00017862860634670048,0.007738835609758721,0.076973169620592,0.0026751951893993074,0.004997910060639114,0.011287155473279631,0.0020729257831881057,0.002465107793481707,0.026992059775612875,0.0072918565150619195,0.0002546379292963007,0.025711030512684974,0.0034315082828198095,0.0002864592628052008,0.06598403448990418,0.012066510428168933,0.010323673994278129,0.020344757022028755,0.13182084353992266,0.0039009395352412107,0.003319912920599409,0.02130104898328086,0.00733420276741862,0.02900642327974358,0.0341664865129662,0.00036700487363580106,0.002612772722082707,0.08721750020405304,0.0002474277808894007,0.05697248725659926,0.04189229616313372,0.06251923981277868,0.008611168850607724,0.0020397838220717057,0.013230714303350136,0.009026457803219624,0.013262762792109237,0.017794050261133048,0.006705729118531418,0.012014524635172233,8.303193304013911e-05,0.006686946885597818
228,0.005301119528004108,0.05394554367269949,0.03656884275027636,0.0068000817266441116,0.05135722708726268,0.014466236038736825,0.00632282258588501,0.060227901828629894,0.004429066186790508,0.051049275812854386,0.015660932224069127,0.002752690219185805,0.034609522037785855,0.006127803785546611,0.02849412828082475,0.003993997552914007,7.222769170761277e-06,0.05251685782110239,0.016890451400529027,0.010110314875126418,0.0013014370308570022,0.004391987811025107,0.01215771996101082,0.007437545443046912,0.013074391100830023,0.008995222340229215,0.016088887616227628,0.08573632467841524,0.012253019281703621,0.027995030252561944,6.635882999314213e-05,0.03550417793524056,0.01901381157888713,0.010784490505220116,0.005108136088226009,0.026671040818006645,0.05583380917641089,0.002324088086838704,0.015648219400907326,0.0002245865484544004,0.03450367023008496,0.013641410716508222,0.0006440520137365011,0.07821567094735332,0.00037444690082650065,0.0015897544859094026,0.021701445998298135,0.00567435435564011,0.01945663551865833,0.0019562361648536035
229,0.007201433920327918,0.05233071736487673,0.08499809485668933,0.023371161113593258,0.056936045820362643,0.002792886683881407,0.021710520673082056,0.008970686627878822,0.0006352294571607016,0.032406908951432487,0.0016817942104438044,0.008650648488463022,0.008121043558629321,0.0760060593089691,0.00021597802432800055,0.019394721011293248,0.003568076841827509,0.005238774996201413,0.0036534826042929095,0.06613618173187247,0.015254731391024939,0.03632395274685509,0.0012413630870316032,0.0017005962656526043,0.013079643239646332,0.005712406667329915,0.005439841506016414,0.010975033992953928,0.06670766098184117,0.005080151759036413,0.005563440815310114,0.03510398225385269,0.0015557351997961039,0.06685452148764316,0.03414400411404379,0.012049097239433832,0.00025050288073590065,0.025160733446403166,0.0034362920387992087,0.026134051909161165,0.057342676445632845,0.029022580170213173,0.008751760785028222,0.009787753484420724,0.013815484132412835,1.5058241292348783e-05,0.00019296312512340048,0.002080073675891305,0.02320272960112696,7.310706845222768e-07
230,0.05470205014961706,3.8965151418843435e-06,0.016649682946248048,0.01074187952055443,0.0032365659903502097,0.00022800758372860065,0.08214958353286443,0.002057795385714006,0.0003234310914726009,0.0341449609415442,0.008759538732662026,0.02068888276277266,0.003952302048124311,0.00696942422079232,0.0353074401650386,0.03946906440429001,0.02115106246245496,0.009241755094107526,0.03208641582773869,0.0006850472195628019,0.0018409364419335055,0.001753835828352805,0.0033736449971007096,0.01645668906963705,0.011670206656743733,0.003097314193700309,0.0005958863439746017,0.018139810058436553,0.007409614769289121,0.04155150366742832,0.001069856226867203,0.028749532200529483,2.6066673668989636e-05,0.09349415178664996,0.01393177324882674,0.026463804774415275,0.014858262256469343,0.00040109141343350115,0.009822472874724928,0.0025771834361425073,0.001046155297553003,0.0011103272591713033,0.037898954273328914,0.019476959713739955,0.0003234649577061009,0.0007345871431024022,0.0325527672502111,0.06242606428901798,0.016912026479410747,0.1476862698236547
231,0.024699747272455344,0.01994336439000714,0.00538487088043891,0.028627072832388054,0.003280240827374106,0.029502550332425256,0.04590332032943768,0.005855950347132311,0.030382125748457257,0.00557012279000961,0.0033465747628564067,0.052955319828728496,0.03478363096124696,0.0005738440390328011,0.007587495362794914,1.2030614910405684e-06,0.008890137177040418,0.0003606911151194007,0.001555321366464803,1.1571075004425918e-05,0.0011500092839522023,7.317002716373099e-09,0.008377100085657216,0.00035572978204770063,0.007312341015097414,0.0014250139889787027,0.006863754046140213,0.011885045843423923,0.03732378042456857,0.00020027195447910038,0.007052851507657713,0.03721362655373867,0.01016750491894842,0.09696013398416067,0.024051585577306744,0.08261850931421835,0.020676257185015437,0.001581644753152203,0.011444478167347422,0.0019157749070194037,0.052174961692179694,0.013541914912803026,0.04780669845628489,0.031985539506591464,0.0498186655438424,0.0025188816763579047,0.0004435528440629008,0.12011433970125182,0.001104483694689702,0.0027003868621177053
232,0.03724352295122249,0.018562778276389243,0.0015468064496021038,0.03772592822954569,0.00011547329677690027,0.01275042310248963,0.0033783683421527077,0.028104384347757066,0.056353264816359834,0.028866828906791465,0.18357318087292251,0.03861364900543819,9.749277273422117e-05,0.0007631477593712017,0.0037024167885120088,2.3320065843400878e-05,0.01581128621973484,0.0005767551116535013,0.0005569725194507013,0.010064157826697824,0.05644067036086483,0.01258256496272363,4.659845035815101e-05,0.018624877433832347,0.019877012814199044,0.0414808786687228,0.042049753604315496,0.01271071111406733,0.012080480515083728,0.014559983124495834,0.00397620529905581,0.0021914570991049052,0.006247291386103615,0.000424489755081301,0.005448265471423413,0.028951639688420367,0.014809914075989835,0.0001694420048298004,0.0006514150269601015,0.007121521373979816,0.09374389969326383,3.94556885936417e-05,0.02722967777482936,0.003545496639641708,0.0003835099612207009,0.01690565836182224,0.04856350704042861,0.007654575443769718,0.020579521233014347,0.0024793682723582055
233,0.007424805325134815,0.05953748041870322,0.09086643747553709,0.016004124044605633,0.03319107781918087,0.0003620858248394008,0.054838584338398715,0.0001476355584092003,0.06711518084838534,0.01401784078043093,3.9326576973405064e-07,0.0004285051563727009,0.0042895251443492086,0.01763992457509674,0.05608314837581162,0.01510905058722013,0.011561363520781224,0.029777580448663063,0.005396440160308211,3.16690407979202e-06,0.0021956312941765047,0.00460565350078141,0.004143157182118309,0.03715689572460538,2.2005421664266028e-05,0.005639879315850912,0.02452070153075175,0.022082458155313445,0.006108100885759813,0.004642292789421809,0.011572109328709725,0.007080068076927115,0.0001952143019794004,0.009076531228597818,0.13723697755311837,0.03198755410327437,0.005435729708451211,0.001417574183000903,0.01392433540284983,1.9001841257361153e-05,0.11920689321701655,0.0006221042390157013,0.02021355649599344,0.004272349058058109,0.01004063272155602,0.012403793999071126,0.016011306646832035,0.00022717196423310048,3.2139671940106305e-06,0.004142755590342609
234,0.035404962297524795,0.02506428093922947,0.0380112757942155,0.004710251134452413,0.12339478234930555,0.0026738231904581073,0.03264718393635719,0.11541220441866702,0.0035129259711242093,0.0011051453762580031,1.4058674116616518e-05,0.0014538874779266042,0.01031369670799343,0.01728652699230025,0.019333210496979752,0.002058087064331906,0.00027813200080620075,0.02508422612213037,0.0037391732315972103,0.004630760091938813,0.019931977279501856,0.006315453621405717,0.00359347760170801,0.02877537229958288,0.00020547568980180058,0.0036980388784839105,0.08035042522346772,0.0013462770627717037,0.023338438374660268,0.0023243014043554063,0.008943659000932625,0.01059474735445673,0.01851442800897705,0.04807316688878633,0.0020778023884287056,0.001831598746363705,0.07984301473719752,0.011978523580501632,0.0008374772845827022,0.016125172594462046,0.003945984382444011,7.320984806145501e-05,0.0066430621176930185,0.044625678475659326,0.007435092983055421,0.02495843340881947,0.013197881684917137,0.006542329893239618,8.03441643862537e-06,0.05774287050153036
235,0.02983258145994686,0.023065197996285744,0.010036592253858822,0.00017085053781010036,0.008775709287031017,0.006398575624886813,0.0025095273361795054,0.012775195502813226,0.007752421697942316,0.02482955446908045,0.06232077766711153,0.018361885104998837,0.007472198101391315,0.015263045388777232,0.006046885819422312,0.021743058402800646,0.03700913386217738,0.03876832746198248,0.07697295785930536,0.003532897897597307,0.0023738290113788046,0.01924814843901784,0.0006969530976107014,0.02041794031126404,0.006672682903095013,0.006142291696641312,0.0032454019250488064,0.002598440564227605,0.03437558610282967,2.381435603249786e-05,0.01014208843590492,0.005024467217719711,0.001097471632788202,0.0017405093340201036,9.948463521937966e-05,0.04094059727487738,0.007861962766334616,0.028843269351644957,0.05421026855733201,0.004382035937151908,0.07020441602001454,0.00037188966945290075,0.01891458046530404,2.3282327114080896e-06,0.017399921493298935,0.00012685701587140024,0.17703618166809626,0.012199507616317825,0.033302871519166166,0.006666829018227813
236,0.016503554171608446,0.04520266054602752,0.02252779150437036,0.008718626240941123,0.1089134042169761,0.019627658684184254,0.006539099861654517,0.004428472112689612,0.05855982349637565,0.011430697324263632,0.0004159868929633011,0.005740130162036516,0.008902294758837524,0.005891265773277915,0.012372013253118933,0.006848958421580618,0.04006665720646221,0.008262292716047823,0.008499483594874523,0.04422051106094842,0.002297117003022106,0.004136892231960811,0.005699622856653616,0.008607378473367323,0.006223812576644717,0.004257907520499812,0.019213010249870852,0.011718590157667132,0.009039391284287825,0.004880632971102213,0.012456154788824232,0.005665341236749815,0.11589751504072991,0.009326412027029524,0.005447395113849815,0.0015202138658768041,0.04079234785267431,0.022597068338877258,0.0749830036047308,0.03039580986742908,0.022314365915903158,0.0050639261745786136,0.000767283135967202,0.0036084165227100095,0.004476595086856612,0.011219696307825029,0.05730617468745345,0.001837692354896605,0.03170594381493108,0.022872906937791163
237,0.08726551642675041,0.0835663210740088,0.01263489117604673,0.054861144682187925,0.009778559950396122,0.03874191602391599,0.009320374138136222,0.021814955656403952,0.031862883384468174,0.002543582956205806,0.004355707037829111,0.00449920374699821,0.03778779861478789,0.028400303139752565,0.0023664142554843054,0.1260851539950614,0.00033474774132620077,0.005542603879689513,0.00876811581039812,0.0004559909833622011,0.0031418871173184075,0.024361433801674857,0.06032609765444924,0.03458641773510338,9.019986321462514e-05,0.01737597182490284,0.002650061667337806,0.0423261069030153,0.010991518792140026,0.012157621164652528,6.997757494102016e-05,0.00018177943599060044,0.0010954290672351027,0.011082137778946026,0.00011363072553360027,0.019745425308109944,0.0001751376098492004,0.02639296336710866,0.023842379379932756,0.01291438242556003,0.0005357674781614014,0.03998972214956919,0.012205980366362827,0.005760905060596413,0.0009159546563478021,0.02968500960026457,0.00018195255464900043,0.01272689526414943,5.24674659880765e-06,0.023385822253074756
238,0.005580201192976811,0.004884511836328509,0.00029864695058760056,0.0007457230001983014,0.007856904926991416,0.039145119526154175,0.044282230309520186,0.03974405660188938,0.012437171026668125,0.018263322170005536,0.009415039871989817,0.0007588704895542015,0.002655510376553905,0.0001629815929629003,0.019020370386000834,0.005468056463258011,0.0013892147607224025,0.002170844875225304,0.03226892062443276,0.0026817847742503054,0.026955088003107253,0.0033571961328863064,0.0012278218026930024,0.03281997870469236,0.0002195309308116004,6.8938446509307816e-06,0.02487587309460885,0.00045357196618060086,0.020563198216093738,0.0022673297744255044,0.1096774798156955,0.008807485697280217,0.04175298018461228,0.011871844710299822,0.018538529029594835,0.0010217064426871019,0.055150943817925506,0.020662457896671337,0.03540149832531867,3.2919359152243076e-05,0.045221823820360184,0.08563557232861947,0.11020553139305281,0.0008804481557833017,0.0507223481353567,0.007002042841087613,0.012872074174440225,0.0011708407428909023,0.0008066589808384015,0.020588849921912237
239,0.0013606257826185026,0.008556491049268316,0.00011275445649810021,0.018266222561781936,0.04484749879902368,0.003584894165106707,0.07980245305412795,1.3904007670667074e-06,0.09355553127350329,0.0520567788644727,0.13863974937729784,0.014697785914554128,0.004822362627046109,0.012711915255002225,0.015021310458833328,0.006573172139120212,0.00026018576079990047,0.015765941878300733,0.004515425141855909,0.013261727965005025,0.0035078218737837064,0.06919253711759203,0.005321259307762911,0.0013306740090371027,0.055177771163407004,0.02229595413943174,0.0022687645796579045,0.04096412843658958,0.018687146229174934,8.103332052438387e-05,0.0004388390353112008,0.03238736720426196,0.001139691915920102,0.025364487826137847,0.0039386168575424076,0.015048052594433328,0.027678321815153954,0.00011403535229230022,0.003686829855022207,0.00033867843759880065,0.001644812160671403,0.02014424213880704,0.027701282351307054,0.0001525716269505003,0.03444621229859996,0.005983939904474311,0.006492149334226012,0.002169602051785204,0.003590329107020607,0.040298631030538774
240,0.015563910332645628,0.13573173749511155,0.013704242411938924,0.0047178448591641085,0.03527894740871106,1.7538915321984545e-05,0.001060724212673502,0.0014488244298973027,0.007955437747243414,0.0006938620986106012,0.0560320746671849,0.05124268741178929,0.014525746607162927,0.019532574974377236,0.0072271507616539134,0.007069980588806612,0.00019355316528140036,0.006249525667181611,0.025343764557354945,0.018178419872763432,0.04732863786464488,0.005764408034639711,0.01797203082252953,0.06102912523846781,0.0031195501650627057,0.0001603741799813003,3.275242465025875e-05,0.06284883389766652,0.00013340204142850025,0.07631278940938094,0.0562894733235525,0.008012499246365714,0.02224241622055254,1.1064691732665596e-05,0.0009559432758187018,0.15928574896436767,0.0029689158685192053,0.002436251016352604,0.0002758340111820005,0.0009910635125530017,0.012152979298633121,0.0002748421091000005,0.0001694559873222003,0.0018370341356911033,0.007541599183758413,0.005288811289957609,0.009591176372457417,0.000575212183323401,9.646320649672903e-06,0.012619580724783723
241,0.006657819421477617,0.005246002392838513,0.003119990385721808,0.08065806854902141,0.029743711019328475,0.012801335774814033,0.04391415003551201,0.02105491565719885,0.014805892050748039,0.00392610381219431,0.11577542829630628,0.0006697297408367018,0.005333952742437314,0.0010520397902590026,0.0393439233323349,0.08726715004292952,0.02699384392734597,0.013339578545654634,0.03120470393679938,0.0015838833211978042,0.002726709939948107,1.1985523304300634e-05,2.8574803247474412e-05,0.0008402112694198022,0.010256911504672126,0.008324382909289321,0.005343903147726714,0.011811901321691529,0.012283103865626732,0.03204772911367798,0.0396216783194332,0.0018920973084960047,0.02748957958745847,0.006358407111788917,0.002338706742278606,0.0025116707840654065,0.004813774488768012,0.044394824696859014,0.0001876818323369005,0.003303594151641108,0.013509823512006634,0.002974056358117908,0.003056000596475008,0.0021656113702204056,0.021785163532940556,0.11808711791963611,0.010701778197628228,0.002761690846642907,0.05470275126931074,0.009176355200335324
242,0.006452283418117917,0.04360955808703891,0.02857407515844297,0.02304635494024836,0.04318015866542971,0.025037396295713662,0.044363086606947114,0.009684237378096225,0.004913814556841612,0.019943642882344452,7.924529294116935e-05,0.021656768362257856,0.044895492275177515,0.0005523235533696014,0.017858797366492745,0.05746680727270525,0.0011156763489630027,0.02367970680262766,0.0042273331048027106,0.02417510097220286,0.025255477639070566,5.844285467386624e-06,0.0005459143073121014,3.149871731876919e-05,0.002353696619812706,0.019168343768405347,0.024497245085377563,0.0025253429242503064,0.001946669440380505,0.01960885487502805,0.003641273715014009,0.0005881419587732015,0.0028095088838929073,2.2853805383316317e-06,0.021111694393775356,0.0014604526226602037,0.004901438309373912,0.06244345824513596,0.00398058790356631,0.007261725733815619,0.020584263867136653,0.0005114018831332013,0.0010590948433916027,0.1549566470415563,0.02095577429917075,0.0012811916530669032,0.08552747983231163,0.037120021056357796,0.018194676672407244,0.011158134701737628
243,0.022406010132326848,0.0472450907030261,0.006391589825127614,0.0006033073690239013,0.0037101962583780076,0.012021612408165827,0.04435753501255859,0.006025248437928413,0.004119511994057709,0.050817252957234105,0.001811092761389004,0.010737485668992222,0.005556604211745212,0.0006983213211860015,0.00040352729546800086,0.08043702501477627,0.010615425712526723,0.013895987198414929,0.06292166299626464,0.010641102358437123,0.00011219514006580023,0.0011201362757998024,0.13114238692229008,0.00894854915752112,0.06414347748103584,0.0001965784271409004,0.09835923062463,0.0012397888731204025,0.051902480128411414,0.002232805675247105,6.128069129830091e-06,5.44445338297265e-05,0.0462765246184666,0.0017831279040522038,0.010454968763480222,0.021471711768462444,0.046421694914631495,0.012303174542314626,0.00047913443483870105,3.602752439951846e-05,0.001045041931212002,0.0012896882102248028,0.0005183407319333011,0.0003455140959890007,0.02002432123193644,0.025594366432681155,0.008030121978172418,0.01731805320507364,0.031184281938453767,0.0005501148284283012
244,0.06292506887257823,0.0024725538620444056,0.0034510420017353077,0.001374973854749003,0.0003451857219644008,0.0043102036389695095,0.0006611271017075015,6.425964191593648e-05,0.007951614563137917,0.00018999347406720043,0.0005193946687425012,0.0015471159680989035,0.010935766696607225,4.839890924934818e-07,0.019964329185890445,0.048415829960120706,0.016393165146000834,0.0016621269653174036,0.015489388872063635,0.003088237779331207,0.0885774687762599,0.0005267483904253012,0.11354994835849015,0.09926022235974633,0.0004912039835160011,0.04051989006245109,0.0005323255072935012,0.00898112509129982,0.03067205444250547,0.057389434399703426,0.019012918586321842,0.0014641030596826033,0.00428063535736051,0.0003132858618884007,0.0005391198106241012,4.390423844531636e-05,0.006279993030117414,0.006581715019997515,0.0036967368957447084,0.0008821990764291019,0.01922159087818944,0.08221273026953708,0.10050298786615013,0.06536353699737443,0.0015697006259068034,0.003567553142279108,0.0010120854875053022,0.0018646812622810042,1.3924224134785131e-05,0.03931431497420469
245,0.06278995836219875,0.06945975350390497,0.04615803972975651,0.0816732259612268,0.05773621160339954,4.895056500309335e-05,0.01629371858251414,0.0020340524064112048,0.002784485813512607,0.00013420563048120032,0.0029466744691063074,0.032935154849173684,0.0009113176323236023,0.01231711369918003,0.0043675462499102105,0.00400964913927601,0.17927320028784524,0.03151762357051418,0.004616238747820611,0.0042973430585908105,0.0023546509579221056,0.009433147532258322,0.0022377065471276057,0.0005232598731233013,0.007227428320783817,0.0005384177702038013,0.032133417437366474,0.021233399482373953,0.0005245833074764013,0.033346083716826784,0.024916447302567462,0.010949983366828127,0.002171069039247605,0.0063084702514883155,0.003785430725482809,6.743328811590012e-05,0.030554393561335578,0.0037345691117506093,0.02777426198079057,0.0013879704927715034,0.00848505552437912,0.021666641776900253,0.0014877988649907037,0.00011827144248090029,5.796908025557631e-06,0.01269217575776043,0.027120105478097966,0.0005098459720681012,0.08722664854315881,0.0031810718041477078
246,0.0894952755292148,0.03631246381611378,0.0900598018670145,0.004560317622099609,0.006800093953183215,0.015314548776453133,0.00936404739696632,0.11646552630607925,0.0013534380922595028,0.012899989805892428,0.01001683445151242,0.0002745791775666006,0.0006770264031967015,0.0008594712389547018,0.029503358603849162,0.0023429529969831047,7.183481381598456e-06,0.005207226279706811,0.013251191338913728,0.0006836016363592014,0.005496411158144211,0.007422039301082816,0.007827238600073817,0.01417280545962433,0.047874422533373505,0.0039168376400084085,0.01381327197835083,0.01787198398152334,0.01469637146256603,0.011697688777859025,0.0011182504677112023,0.0044769705151172096,0.0026631353242592055,0.025744489117696556,0.03480099388734688,0.005259059887347211,0.016922986301080335,0.004763943067118611,0.012267060834256226,0.01988009448545434,0.0008603813881967018,0.009458947905774421,0.027037585451796655,0.00023267798786550048,0.09102387878204769,0.06446371352588463,0.007771966118927516,0.049939789505135807,0.030517260998823265,0.0005588147818530012
247,0.046599034927225544,0.047893589461668946,0.014289106806986545,0.10979003209995175,0.030101301750399694,0.005433675512080316,0.009018014150577727,0.001585756776737205,0.039945015572323224,0.0017138028736701054,0.007366971447221722,0.006211148949828919,0.002760436974390409,0.005831185857183118,0.019296502544978358,0.009099645230319028,0.010420119537578033,0.014061835812907944,0.01914117384177756,0.030894595381380698,0.03834706269872952,0.03671983531381011,0.01645026032802755,0.0006122305892524019,0.03673198687038221,0.019482783612898957,0.00931987251108053,0.01624733181403835,0.030763438043243697,0.0007891509012024025,0.015816658897833447,0.03559448537581921,0.00949601767239093,0.01956873798382776,0.011843500815266436,0.0010099387375888031,0.04490822581401404,0.0058203149283212186,0.030070943499240492,0.03944690864240232,0.0009395149197620029,0.007124144907727822,0.02242775640860457,0.000972685123516903,0.07134519136874502,0.003958264308111312,0.004306717672990913,0.011322311694555835,0.012521983781116538,0.014588799256311945
248,0.011590695558875626,0.005432463928463912,5.283410655950947e-06,0.20999224357323137,0.0003157699325047007,0.0009234177993961021,0.001730421755978004,0.012799932344436528,0.004424627392108109,0.020169166286586344,0.014989324548445733,0.0014404387958722033,0.05792862275956443,0.007109280676770316,0.003742872711951708,0.0020051076071884045,0.003659930482890108,0.0024562355315645057,0.010981620893467525,0.001995419314395104,0.008014582813832117,0.030444016332266465,0.05775179021089893,0.0068828041082204154,0.00024850720450980056,0.011448454627329626,0.06314001612198963,0.021187722172308947,0.01656646322527794,0.0035511872539849077,0.10630110947544284,0.001400306579143503,0.005569575378044812,5.0242856362207076e-05,0.025480089423476456,1.76566139481821e-07,0.015230965308460133,0.045127188739014494,0.030406686775227967,0.0018467206428505042,0.0010141062280473023,0.006788656448628315,0.014251208064839031,0.0024204869626099053,0.0017018595457717037,0.01803803604096214,0.006730784953672315,0.05520236394531192,0.01744948199432454,0.05206153469670482
249,0.0017937076860400037,0.08247581278470607,0.01589258676991893,0.003047109043250406,0.03369800788206597,0.0012267846301807024,0.0006841475927784014,4.9313134557313954e-05,0.07291752376970186,0.00021733787669280042,0.00043241416033840087,0.015651066399166632,0.0003531028798202007,0.004020983072830508,0.004451971683651709,0.00501432172828871,3.517756764827503e-05,0.019239682508435937,0.008187213896916715,0.00475154185340911,1.570127383482711e-05,0.005526870770599811,0.015569855241590632,0.006446034579808413,0.00528369077672651,0.03480953621163447,0.007046983055281114,0.0001476068615705003,0.0012178850159738023,0.09289245248890109,0.006365511587805213,0.013197121118696127,0.0008358117322690016,0.016547192490587035,0.007703412319070016,0.0012914255882030027,0.00015922557023460032,0.011138064223999022,0.024966785617204147,0.051609003958022,0.005725631136219911,0.0003368536903194007,0.18277606811022176,0.019430423348418737,0.023572442101792247,0.049362829268074296,0.03749203351066058,0.0011612195755889023,0.06413503880767663,0.039097483048617175
250,0.10584867227580949,0.007669984491151514,0.019228252445706435,0.014101553993538424,0.04262113482141797,0.01691206436081033,0.007983069601351814,0.03861232323159397,0.00047957294905270084,0.006160042283480711,0.09880154487953657,0.00527945896221021,0.0007125034631652013,0.0550822607188719,0.0035717311499480066,0.011450612685427922,0.0010352261243950017,0.00024154433099640043,0.0016371731354824029,0.0049316178059499085,0.0031555678189894056,0.012818919052928923,0.004640962359414509,0.003926232434689407,0.019170280714748335,0.057547587704982306,0.01659988445367313,0.007812201351471014,0.001049002355061902,0.0006218598546052011,0.008996704374256115,0.0002716953604251005,0.0024975618186962043,0.010593322715578519,0.054325431214561896,0.003021882904191705,3.282837643913272e-05,0.012219968721617023,0.0031726578099040056,0.0001753652158519003,0.024786357288435444,0.02674016958940725,0.007915697399975514,0.07003134514353462,0.01067183422123692,0.0004955359824695009,0.03791337035714377,0.01109670131697982,0.12409777925394702,0.02124094912488744
251,0.03252219715516968,0.011611522948392027,0.07246132023956928,0.015375626167625039,0.0836601485772581,0.0031372500701192076,0.024951088513346962,0.013401891674039632,0.00857598605344362,0.001247753597107303,0.0007051105914960017,0.008456882117333121,0.0013188654431163032,0.015524296494438638,0.0032149939961060078,0.02087864290710015,0.0030351485587953074,0.015034141201686236,0.005911942135011815,0.007182177940553017,0.004496299964714211,0.0020450025916626054,0.03703587030103519,0.010560292035662926,0.032043394586676474,0.013402376615535033,0.00011084858323870028,0.000424850015921101,0.03128662663219658,0.014218149483124035,0.0017221621224259042,0.0003182179789665008,0.05832587833992975,0.034133561597920685,0.016022174333410837,0.04804212535423392,0.021072336728373352,2.1563929434265696e-05,0.021591314054262453,6.592989756712694e-05,0.001149108338274303,0.05641532815154684,0.0038831150556358097,0.05659769429255034,0.010618206030087726,0.02463417529665776,0.009046954421440222,0.0005047996191094012,0.07329440584811768,0.06871025141858086
252,0.0019201399088884042,0.003230678404757507,0.007524010989485316,0.005628396441272512,0.00018329031099430037,0.004165625763766709,0.1012493601081178,0.026459138179192855,0.012190800804552525,0.00023590996368120048,0.012303809096669427,0.09263236756042889,0.003325768368601907,0.050935676656214006,0.000467675161343201,0.00044566747711370094,0.0017972167603646037,0.0005458878710273012,0.02735590488003756,0.0008334619229504017,0.017497694383450238,0.006770123214795714,0.001468155494149203,0.038547030825170886,0.005728842670584112,0.023204201752287247,0.003947964811584708,0.020590176712856345,0.002449535981745105,0.0008251725448628018,0.0030378304720230067,0.0955541847482855,4.522910875788129e-06,0.036453319128810176,0.05150656395434121,0.010122383784598121,0.016543146592240834,8.334706820546145e-06,0.0007839396854932016,2.4167241682556286e-05,0.01801152053001394,0.01917578219772184,0.010898009974860123,0.0003334653368094007,0.026131594764728656,0.003321630482243907,0.1474912182842249,0.015748683686995335,0.01986915223874204,0.05052086425754251
253,0.023014745476634946,0.07613969690883106,0.0025475602131201053,0.04558549463096849,0.0986208954444572,0.033624821326675866,0.0008245473119685016,0.001982181181201104,0.0011269978413723021,0.01850737302299424,0.098134570819836,0.0008092506405040016,0.008962590359740218,8.42942195102074e-06,0.006368675219572613,0.17341901021631642,0.005037539889546911,0.03029242015695166,0.001521055070340703,0.0024120483334592047,0.036502423437705475,0.031145501972036062,0.0037629112964097074,0.0002941104705692006,0.011133916646720423,5.8580889582548654e-05,0.004284679578929809,0.0052725801530289105,0.009534282800123719,0.03391484609442847,0.0008113939500416016,2.8743874962584538e-05,0.04595457629526789,0.000950748035072702,0.008939671313296817,1.4552466824842497e-05,0.03608838109277717,0.01624834184492073,0.012469643328652524,0.0016965835694927034,4.334650850484718e-05,0.031408514921704066,0.006016866434967412,0.001553216460773303,0.003546957427355607,0.032890514611507465,0.01015205502237932,0.0014952979896171031,0.0002976805298703006,0.024549177496034448
254,0.01763358000162634,7.092659190340695e-05,0.03288582298354868,0.000812707215308002,0.0008497566660914021,0.030184481389513972,0.00012076187965330029,0.026255054743180063,0.006757239755363216,0.002084590435227305,0.0033469540936647084,0.0011562090115832028,0.017345556303952743,0.00420147198714731,0.014925930348551537,0.0007732387414175018,0.011843654831020829,0.019486659235405247,0.01696523632733024,0.00881349922787452,0.025237414207696762,0.0003698289723051009,0.010887477871124126,4.387747053200906e-06,0.027613734247807466,0.00411382251953911,0.019505305859231048,0.02498350968182766,0.0034590689708369083,0.0003155141233185008,0.012785345161072931,0.035006982116055484,0.0029715646252445075,0.026630725043325667,0.0006155860219688016,1.9176780587653312e-06,0.025866268670282463,0.005855520543901914,0.011016341198673828,0.17328719681008223,0.08645449785623141,0.024470424134809658,6.098466232437126e-05,0.0016213371026989039,0.02899694092353557,0.10243845311788065,0.01695809829854294,0.011780719612117829,0.0801064446839677,0.020071255769121048
255,0.0025214741627317063,0.005770222687629714,0.04547942392399871,0.0023545390718029057,0.00026296965747680065,0.05063733077001072,0.0001696059352668004,0.07001455378108927,0.07505857995442627,0.019043416630348645,0.07180796037447898,0.00400455122947871,0.005664362580607114,0.03504458489075208,3.335558679234497e-06,0.013398225830650532,0.009111270978960922,0.0019843451523879046,0.0022647110902995057,0.09962225629732345,0.030910266717334076,0.033769972387359584,0.002760769483659407,0.022319870885031356,0.03602472295124289,0.003310833103175808,0.0007303429342226018,0.002046113580706305,1.5306706735739062e-06,0.010203959178974124,0.0009126661090168022,0.0001240503535590003,0.0003648178495456009,0.013608219200733834,0.05331240700837253,0.04671136952595131,0.0005962530886284014,0.00014339442149980034,0.01627847823340414,0.015371345531081939,0.0002750762759458006,0.0013690115480933032,0.00031613616062950076,0.01929470200790675,0.11578286320653718,0.02971168734723227,0.008345458934136522,0.0011044232532245026,0.0030294763495906075,0.017052061144130642
256,0.00017293632635790037,0.00010719978783110023,0.0011956751925919027,6.167947892399973e-05,0.005751075557888812,0.017255669524081634,0.02275641496758785,0.03921091320067428,0.00012877611154440028,0.00454247915039791,0.007131065526431914,0.12598465087394528,0.001043866054486202,0.007196600377472616,0.0024863354546318054,0.0034362580180004073,0.01006098990352852,0.01845178449150424,0.01921816022300414,0.00036162567528130073,0.05663537127265742,0.013045115558015128,0.017113725962865433,0.000466647286979301,0.0472926272591225,0.004579677821086909,0.027489355758869658,0.004215931977581109,0.0001385100449457003,0.0024664583637604054,0.0003908474585415008,0.07223583069284906,0.00030334360030300064,0.0015549194180549033,0.0017087034301887037,0.0901336347924888,0.008554603677182518,0.022604627999418248,0.1490066985108707,0.03173123313640197,0.02226169933785785,0.0002793156433851006,0.02762166674664576,0.034552072004762874,0.005087968380676711,0.008050590998186117,0.0041201574455623086,0.0017330433529317037,0.015321178985729033,0.04275028718591329
257,0.015030543926947136,0.10481197947321876,0.008649924679412321,0.025161356973572063,0.08984566068712432,0.11259857999949267,0.0019159684593282047,0.008661282941487021,0.002470930948682106,0.002915830780075707,0.00420386795226691,0.020315363699647548,0.014541441278885235,0.00013536744129230032,0.007077455956928018,0.021467692434013252,0.0397367224391832,0.013331099746129733,0.022352780722412754,0.00399229260991801,0.007975492014523619,0.0011434976778725028,0.04455944836778021,0.0015619565803371039,0.023953204619053658,0.01662506639249264,0.03518897193057118,0.012669459545950132,0.00026283030893590065,0.0006484959970020016,0.005357651716182113,0.008754507596862521,4.323102828366755e-06,0.05583727761798984,0.0426420548511165,0.0010376127847738026,0.005652891348664714,0.0018874601076360046,0.021204116666715952,0.0021270060341607054,3.836359701410836e-05,0.10187660791709145,0.00822755216950752,0.026707363261388367,0.0009135908945319023,0.0419900562689487,0.007523649202754918,0.0010867383608744027,0.0019196533236333047,0.0014069565927886034
258,6.120414583353215e-05,0.0009941409282307023,0.016906455742206637,0.00014945426116960036,0.0020324633278734046,0.13287149233571902,8.653030134801791e-05,0.015590226415082837,0.00018105982194950042,0.09739560293931013,0.001210786516651103,0.006742937312486516,0.010352630594865924,0.03624167091209218,0.036084031535256286,0.001674603726082504,1.3522815998713077e-06,0.005974552978745814,0.11299486125488727,0.001676606498574504,0.017033606001791338,0.00404888614288691,0.0049060586526022115,0.006833930445938116,0.0018234243327768043,0.005597731415920813,0.02294100652139825,0.04896179738632581,0.003286834789895808,0.020633866383008247,0.1263173917349402,0.0006623687699698016,0.06065936984642184,0.006281280423149815,0.019951210457409944,0.02976707512895757,0.0048062474940746116,0.003973427371879309,0.004435227171114811,7.717660250684622e-05,0.0007184911512173016,0.0005617601965372014,0.002992009495224407,0.00819702347788682,0.031303851571144174,0.02280493330530165,0.0050580593585070124,0.05584804198178773,9.071702938058886e-05,0.00020453153007870048
259,0.00021208761696820045,0.026127841171552854,0.005955313945993812,0.0022376707874849047,0.05029380792784811,0.04300172836209169,0.05461958943199652,0.022856296611581447,0.008347607280754118,0.008536669996315518,0.03178281060322797,0.0009196182870687019,0.020236599557213443,0.004165746336617409,0.014330094021684529,0.037607565214871075,0.031236410412664267,0.010929780114280023,0.1006203008170268,0.0020166937474790044,6.970603313183965e-05,0.00494181014045501,0.012033929065115126,0.0006632427640923015,0.04126444451705189,0.014491350135631232,0.026401953210424454,0.0006318436857822013,0.0027091453457383056,0.03213658630556687,0.056730808546919816,0.011969185659862226,0.13374878647884678,0.014725589555049531,0.0026825828061409055,0.04879169551622001,0.0003826559624412008,0.00015989939568770032,0.0012090815959403026,0.0029038783369619062,0.015475906895967832,0.01508523943688563,0.005862123456847012,0.004852640874899111,0.021952818323924844,0.012220480555010627,0.002840719819405406,0.0009259933690970019,0.02896164239718896,0.0071400275689936146
260,0.1169603484411378,0.00011403630986320029,8.2215675920628e-05,0.0005545125156751014,0.0018293166820942048,0.03526578685189099,0.004199114283034611,0.0047404980884516125,0.017523753774566046,0.009968377034030626,0.05331047143455994,0.005757874896532214,0.06032345072992245,0.0009367878794761024,0.0008188015184651021,0.013849072863249635,0.046021712525102315,0.07356018001442609,1.4457223237610667e-05,0.0396290219925074,0.18537288693980997,0.02481966316747346,0.000397158146372701,0.01648443202129694,0.042465560503385014,0.005923946198741115,0.0002790348044877007,0.00813931996866102,0.013458549823839235,2.9530573681719242e-05,1.51622558670214e-05,3.79594009172755e-05,0.0018287931175148047,0.014574618535151936,0.017391232212958144,0.005054016553331113,0.0003701073258996009,0.018054912336685745,0.013608182465535835,0.0033588593532778085,0.015899772373993842,0.007540180492489719,0.001929903642624605,0.025838163236418864,1.9449895262421898e-05,0.03337287404725648,0.0002502129101210006,0.001936413682601205,0.018224845644508544,0.037864467635691595
261,0.14692115520895363,0.04944603565840294,0.0336544416815592,0.022812962573186765,0.021618327271706962,0.0032462319511762094,0.017069034520824047,0.012643825959523736,0.000343782957714401,0.008905909842179725,0.02187300933909416,4.26732163623521e-05,0.012433090887299936,8.948996426114547e-05,0.00011015671264530031,0.00691491662719122,0.0018633699184334054,0.02058103925764946,0.002338400774094907,7.532659140414684e-06,0.005304182970062116,0.003873528607520011,0.00017938572493960051,0.05884484163609457,0.0007439711782645022,0.05017908379185004,0.0019786155345648056,0.01851804862048455,0.026127942988901077,0.048581308152601636,0.017549532953641752,0.1691982099561658,0.0008109621743886023,0.026316725223408177,0.004159700846919112,0.0015521601443466045,0.05810667533973687,0.0007915491336870022,0.011571848384029334,0.003131593835754709,0.00992055535392283,0.008501061748003625,0.02381678994570087,0.008796626560054826,0.002531628294395207,0.0054556562833156155,0.010946469546962932,0.002669750335649008,0.01714930519677355,0.019776902556461154
262,0.018071630133851945,0.003153045304403108,0.023236905260835654,0.03446837981640878,0.01271589721863253,0.03271604031059038,2.9901561309007985e-05,0.05351306861033283,0.02841576249192417,0.0010864001649616027,0.011116364346527128,0.062146638314392655,0.013606967496225133,0.050838229730236426,0.0002475247797834006,0.01227335654561813,0.0059997110162320145,0.020018317799312447,0.0004576076988163011,0.023241438580436254,0.035115313770158085,0.03297744541452168,0.0005134534549271013,0.059807658592762145,0.039842402199493296,0.013950393402487235,0.010915195458076026,0.011408371253033428,0.006517163403967516,0.0013213579590193032,0.022142920454294956,0.006086123364756015,0.0013568333704582032,0.0045988775359482115,0.013739623848565533,0.0004726029383705011,0.005437321235313613,0.017608665856019542,0.003250762133788408,0.05621101443232994,6.789918878974199e-05,0.025298919523773663,0.014981519765849636,0.06511951711563796,0.033925368091070385,0.04876131590158072,0.007951902611888918,0.014401662533399535,0.011690462687559728,0.027174745321329165
263,0.01080326770284933,0.023691132256250365,0.10219507228847488,0.05738483864819356,0.023122651398073162,0.004085862717334911,0.005995930934809317,0.0008603827915028023,0.00044212937790580125,0.0002977952888700008,0.00733507618902672,0.026901511220592176,0.00713349330798792,0.06404409541552097,0.00019895567726430053,0.03356560899616929,0.03129441351987469,0.01426884091229064,0.006687767640824318,0.040065851701560413,0.001123923977031303,0.01786748287712945,0.004221511192389912,0.006948420420769319,0.09013508152168695,0.006926401808315819,0.0074820823775981204,0.011544346569252231,0.029628094802555384,0.023338577988974166,0.03324404832960439,0.020205282766840055,1.1638618154360562e-06,0.008355536001343722,0.015322118238685243,0.02079264034345136,0.0017212016322303047,0.009324462705055526,0.03278011449528539,0.006811229465742219,0.0002106812341435006,0.005151898063217514,0.008199150246131322,0.011073171402025931,0.015750888319982646,0.0005438210186664015,0.0016974377278303047,0.0338350995307597,0.006555848522775118,0.1088336045733357
264,0.013860266289528734,0.004762069130610712,0.0003600310041861009,0.09121525586914253,0.0011380412513172027,0.005351743529483614,0.0005487758910879014,0.02267999784104556,0.004833197561500912,0.028686878748439573,0.04782396558542462,0.00384635975177261,0.005855210100587914,0.014320697321950336,0.01239242129516223,0.0013837309504973034,0.040856273602047,0.010725632126005628,0.01583025036943584,0.02740602596992687,1.5425686653068657e-07,0.006983822396302218,0.0417776378914564,0.040493667168089505,0.03324351330848258,0.04875318739321562,0.05161761566558153,0.016315171918818743,0.006126639051989816,0.0013694821600826034,0.00034720231660170087,0.010914540494078228,0.051846858178761834,0.04432850159967881,2.9415049362299403e-05,0.020455002951936353,0.02290159050875426,3.216733149489819e-05,0.03373728013316378,0.004933348345506213,0.03466876544044219,0.03252663002422338,0.0010556668157403026,1.2257640599195283e-05,0.0021859063587848057,0.02255607101874606,0.021086214446316257,0.0010520528108207026,0.06478979051012787,0.029983022624822175
265,0.018817675649269252,0.0005226673190519014,0.008144367532585023,0.006770643025895119,0.012521827821493236,0.00020422418250270056,0.010904627868291829,0.015114177920825542,0.036245490481562,0.002215550433113106,0.0029279632709316083,0.029785840718476883,0.003097725371541509,0.011651276538229133,0.009368290506068227,0.005166282004222215,0.0022347705765154062,0.03117674640868579,0.0370534263421583,0.03321273785534969,0.013205148618913136,0.0004603373623357013,0.004602254143183213,0.0020128350736882054,0.08489149643437463,0.03234616262483789,1.7688381906546315e-05,0.027940952409042975,0.015453631420740844,0.02820324560933218,0.0037277807097118106,0.023612631943457866,0.02853893885090848,0.010010341284809328,0.0003135558017026009,0.002117863311798206,0.011467893223783832,0.10151931621591198,0.006184167594297917,0.0037840421155219102,0.0015702334015565043,0.00019572840999690055,0.024165079326736866,0.0005306744717404015,0.00729313366316282,0.12906311746570795,0.002192400772035206,0.05383778523598065,0.09845112373792697,0.005154128558128414
266,0.0010519241351533025,0.00015823501935330038,0.00041234126064680095,0.03481177985218898,0.0034874657429567082,0.056079210366743834,0.011740730848669228,0.03023505444888577,7.674424028516203e-05,0.06571536954224955,0.0034669347517832082,0.016463901879755438,0.03646900350746248,0.006440860849062915,0.03729735152939129,0.0024308782082042056,0.005518935419956913,0.021742834898074652,0.06093445399803854,0.011824420623834828,0.007360178014600117,0.028828487083968367,0.005048715737041212,0.014541042137825535,0.06387786194040425,0.02469707786657616,0.009430270175328723,0.0009230920134407021,0.00028259792167790066,0.007546660934825617,0.0038038591616978085,0.0018371853276030043,0.0024821643975197058,0.04017678931883979,0.0035775989052583084,0.06282678763173036,0.016083860468961937,0.007279357175361117,0.03660654451155868,0.013537080324125931,0.03939746733182939,0.016754908893990138,0.00039169324882430093,0.0002040619531258005,0.0448274449112038,0.0026162158320595062,0.049599590576708916,0.05365050443614702,0.0019969079949415046,0.033455562650127176
267,0.061328094917808544,0.10146428645345994,0.14864109883596363,0.10661390517719226,0.03037862235306077,0.0002942008880165007,0.002984916794200207,0.03796901127151489,0.024370379744343456,0.001788090733042604,3.119782394914045e-05,0.05627046827635023,0.027338906046929463,0.020192032962930147,2.3503068941288484e-05,0.028599770454841467,0.02136638259260255,0.0011523915512508026,0.01574391411132594,0.0446305359574477,0.004719437418311012,0.00045381221477690107,0.0004988289374915012,0.0012500844750596028,0.0070076916224080165,4.3462127325889854e-05,0.01650230387753434,2.1034553030255666e-05,3.8975229432525325e-05,0.000885863903688202,0.04360943253823701,0.0003118098967876007,0.020037511411566743,0.003778526263922809,0.09925094703177223,0.005400330694308813,0.00019867142971640047,0.001756878526797904,0.013018393346907629,0.006238820450577615,0.0011449694068255026,0.00019213580810900047,0.0018384907608196043,0.0003317171719178008,0.0001273966737918003,0.00456767416507841,0.021467724710131048,0.00918433316219842,0.000840422712682102,0.0041006094636217095
268,0.01021133910562362,0.0013393512917950026,0.00013820109738750026,0.03046196784802586,0.06802015730682874,0.021086328233545143,0.0002002113269208004,0.01951970766646434,0.06688616360452043,0.003547827777432807,0.011211166624339422,0.008014107765581115,0.0040622737614341075,0.01853454104308824,0.0013115334654942026,0.0012695042178208027,0.025704486376865652,3.0336808001846955e-05,0.05461870159484171,0.018853359940330737,0.02448294857225335,0.0018811821162372036,0.0008684356956075017,0.07435137751509295,0.01511671846881553,0.023120539606315445,0.010441131828240122,0.01627457224696453,0.019784327063760737,1.2655975621624121e-05,5.6698069983456284e-05,0.00022518345020680047,0.08483174308825657,8.777553042056356e-05,0.008059134658064716,0.008946422890896618,0.028944898245977558,0.000478876779114501,0.01886763861633594,0.06543637486011203,0.012207571926523124,0.022207757072268144,0.013380745787140927,0.008385494904488018,0.07515583809518385,0.015408488690265931,0.0013319898338181027,0.02382850641521665,0.057719990581964815,0.003083714558510506
269,0.1015896730077101,0.004682949674180309,0.019644175658197337,0.011960041344834324,0.0996521846120787,0.03517496185225687,0.02604649927813865,0.013982722178605828,0.00949618235826252,0.019850303727984638,0.005731440813536812,0.01018232431657862,0.0021851153006816042,0.028062576731190156,0.0009077933461444018,0.009807451275851819,0.11494609715877174,0.03517443843593597,0.0029557393262360063,0.008455128208134417,0.08071021206670857,0.009050108365736418,0.014048125101405927,0.010345817903805921,8.432856300557678e-05,0.04062690542201168,0.02496954487537395,7.696057584276087e-05,0.008658713439958818,0.0003885924507708008,0.008955026833785117,0.030719133166709562,2.857923897598407e-05,0.0002453558241911005,0.004486962669450709,0.007365261285840414,0.034343169991137366,0.0005931991663134012,0.004753245276054309,0.005919870396170812,7.070437089096114e-05,0.0037495942311086073,0.005360777547170211,0.011373061955235622,0.0027437411267465057,0.03296145950561796,0.09339361051428909,0.0003333371314776006,0.0024975512658338053,0.0006592511330693013
270,0.1692141037383843,0.0006574004200894012,0.020175572521009134,0.004582264331622908,0.004821948602469308,0.03975359005498947,7.151881320343427e-06,0.04728240446236148,0.01678309693519293,0.006744082822881312,0.03332774339907686,0.0008868281808729016,3.927736834452016e-06,0.0007952067060086014,0.0004610541454128008,0.09120408879069597,0.02141534888382404,0.015449565007465428,0.0010140626735479017,0.03459065484732096,0.0003019426750506005,0.043982483627530475,0.009348494798901418,0.015690011338586926,0.14714968455599886,0.04740748727779898,0.00016550744836320029,0.03952509747144427,9.833408411310267e-07,0.008520843896044815,0.0602601402966203,0.014432339617676527,0.0005321781376508009,0.0012356712325264022,0.01162455365645902,0.001246849474359702,0.0004517114182647008,0.00015996199510350027,0.0013774644164702024,0.0019979222136290034,0.0047961599977727086,0.0016138250122238029,0.0009095766627860016,0.00026774670044710046,0.010607244862997219,0.0024961833286005044,0.014648215152861126,0.046202437430247684,0.003517697782246606,0.00035948803911560066
271,0.06611210165646449,0.020422155343213056,0.013387484769589036,0.009672961886793426,0.04554055074387002,0.0007622050098601021,0.012172333678054733,0.006926081477836218,0.0012260847248959032,0.005142913782359914,0.0012611605928744033,0.0008125927370207022,0.06882021511007018,0.055896824478446044,4.849218775554274e-05,0.0014039364098762037,0.057136331812659154,0.0014067291315659036,0.00020019212815990055,0.03299756490525609,0.005543078758038614,0.04190457269692501,0.004749770617292613,0.01477332463086304,0.005308515155180214,0.01481441166830094,0.0027352535900187075,0.00019998969638470055,0.024451804987980667,0.0007900424903024021,0.002313646697867406,0.008864954908516324,0.001433548961375304,0.023156273955302963,0.06799672150138858,0.011590734849389831,0.01874644446557575,0.05695145804679835,0.009737851209921926,0.013041820854320135,2.975241448349001e-05,0.005199097423291114,0.016348373097829744,0.08240325411994992,0.026260196046578768,0.052906349689423836,0.001123923547487503,0.05874863111907066,0.004581509827755112,0.02194578040576566
272,0.020770563733462245,0.06814151241243226,0.01855226531897034,0.0025458295387949057,0.04981676903623041,0.12198910457608877,7.256220304909874e-06,0.0020451913397961045,0.01388817977012453,0.00933541428779802,0.0004790121031257011,0.03403919892151828,0.010774989528114525,0.020229794964338244,0.006156637955127914,0.00020348091931210045,0.06506672728846984,0.05367512149652512,5.117832919500972e-05,0.002298472630556205,0.016149743052113336,0.024208140388931453,0.022626486807668048,0.0009575828794083022,1.0492404023517042e-05,2.6551988541948894e-06,0.16322754694677435,0.01322491028103283,0.024563388456410054,0.02228058486719015,0.001335283086447503,0.033919315255225374,0.03108586761820207,0.0002796286536563006,0.01368821122945623,0.0011222889754752023,0.0006015395694712013,0.0017394028252619039,0.0009675124123697022,0.046444501184352706,0.0003271204745081007,0.04147528635415329,0.016238966429892334,0.0010483176128140024,0.00447918051137071,0.005747396018329413,7.031250536751975e-05,0.006896086392884015,0.0014926259502021032,0.0037229252878690083
273,0.0028319505065958063,0.043006236048425794,0.0020201059312626043,0.0012343229994850027,0.014771501340794633,5.74930317044275e-06,0.01860342723356104,0.0011824714663208025,0.047583975535164406,0.015531901036486235,0.01333074451999423,0.006865060595692716,7.672078536795735e-05,0.005680343582832213,0.002738411344928406,0.011766234681373526,0.07827177575583438,1.6093052027810923e-05,0.027512206161702864,0.02133693244922915,0.04996448641119341,0.001410703010556603,0.019810441550186145,0.0006418935240464014,0.00898998520158172,0.044881258516219796,0.003397143382787607,0.06493507046331903,0.020888039226928647,0.02595264101722736,0.004999406950160411,0.06368870305710564,0.002681274677372706,0.0008428799560625019,0.011646602316226426,0.0008351010158604018,0.023097853412506253,0.06425432354746805,0.05592807869037843,0.0025663031364331055,0.010480876558665322,5.829849040226696e-05,0.0004909970370041011,0.11720763495771996,0.02403665091196095,0.036608201626251585,0.0010612444020876024,0.00831232763357092,0.001386946749066103,0.014578468239400432
274,0.05329640827996863,0.003532341604358708,0.005275669213291712,0.03632031216893308,0.008697533688092821,0.07434135490959257,0.0024236761150685055,0.07944995453950109,0.004990094502060011,0.07294285797159276,0.007022706771934317,0.001265550390865803,0.0010336160968075023,0.02039105571593565,0.015121280004719935,0.0002568956592835006,0.017821222715941543,0.019012017894510045,0.0008524888781915019,0.016461878336405538,0.0009250188856601022,0.0007674436908332019,0.001688449949293304,0.051299667587995916,0.018451019849541842,0.15964555711927306,0.010523724950081125,0.02147025953285935,0.0045036183911813105,0.00035180851539290083,0.00016103540937020038,0.020335117283405348,0.009641428128296322,0.011050093904790425,0.009917353208473423,0.0010897672258043025,0.004449648976871411,0.0004582962732849011,0.005550820649590213,0.005185742562964012,0.024012691142471655,0.008933041778538622,0.023343619642449454,0.0020635834851832047,0.024915148009272158,0.085849375266773,0.005287662807479012,0.00044621364217890103,0.0005537631208084013,0.04662011355282761
275,0.007550570073413918,0.005282742262539412,0.009937647528927323,0.0426059759454319,0.049646519944748516,0.02023516296065105,0.011210840705878026,0.0044904392902010105,0.01835977898369754,0.01673964736120294,0.01845465861778734,0.007680098089849518,0.03619952815337958,0.0001264787596684003,0.00032922270700280076,0.006918037751237416,0.008531606474888419,0.007409010429643417,0.006677004578129415,0.09094534338315341,0.06038200786638494,0.055356146241572035,0.05293886459293803,0.002965196748224407,0.02092574175773045,0.05287290904251753,0.01850078967571194,0.001808248547427504,0.0012138727274124028,0.00021475162896900048,0.002312865067366805,0.015026912205668035,0.0015972558460386037,0.058554293251607936,0.0007722379950981018,0.023398267030898454,0.010079139867937724,0.033379487387807175,0.00814784999117372,0.06093435471702314,0.009587130523126222,0.001256297839764203,0.0020774124566534046,0.01650352428339684,0.02541072623719946,0.028419947117400268,0.014818986186943035,0.004667544175472911,0.01301673438037233,0.03353019060873207
276,0.15195055758129206,0.14622966923263206,0.022540694883674557,0.019171790746142746,0.07024034731958316,0.0022646297897694055,0.0011139663799440028,1.535329670085996e-09,0.026573319780480466,4.125586719318764e-05,0.00027863336588480073,0.00015611090716310038,0.0008556336042797021,0.025716973207114763,0.00023622929961100058,0.011582492924014628,0.006537526375234915,0.010825793134354826,0.00015828866089270037,0.002778763201535207,0.0003369252268668008,0.013577094446522333,0.0003698221923240009,1.9625982692679657e-05,0.027859344490374468,0.031166101160675877,0.0006353207765106016,0.020857205772680854,0.05015852325147153,0.008941888230810822,0.012956718212172931,0.002398819647744206,0.009114760829261022,9.678419952797363e-05,0.03544700306640208,0.021685214101785352,0.016277188030948138,2.8751354420958527e-05,0.019000755704133444,0.029130253423782074,0.003284262362867308,0.0003547881219756009,0.026413438313825366,0.005632222958125214,0.054237442619241634,0.0036037817117295086,0.017136102049723642,0.041548994102013105,0.014287461625870334,0.03419072823739358
277,0.11778761217422958,0.003904857775592309,0.015405024142773836,0.07141068658577077,0.011228033432521926,0.009946331081485722,0.016568104545420338,0.011671276534416427,0.0008833902338656021,0.00929870794311082,0.02557873032251156,0.02054996141987505,0.03014024222335637,0.018740080323086144,0.042868160553534894,0.00417873831692581,0.000426678593907301,0.024427123264289457,0.018753643864993945,0.011949113175525628,0.0836585417430762,0.0008401325731153019,0.0060852760085326136,0.015114060047328834,0.015953128075934037,0.02571154224352396,5.136117610688798e-05,0.0012094989691189028,0.00413814644360641,0.002496292319754106,0.00026867570306000064,0.01291877082354263,0.06598497176663405,0.0002522755681510006,0.09560921148387722,0.0019901317776360047,0.03278398304567268,0.0015014963706212034,0.01286869112025963,0.03039997714762667,0.001743394459115904,0.06685595519074215,0.0011104800065967026,0.005262479820891012,0.00022164310870880053,0.005078315827865612,0.032417724664931175,0.0004954987926325012,0.007392454957482217,0.0038693922566619093
278,0.016041714294622346,0.010446593450813429,0.0016686775141425047,0.008445733870367324,0.00341419256805991,0.024283788404437668,0.0005415314572239015,0.08564386333007505,0.01393520101116844,0.05015100979602845,0.02826157631137218,0.006237922810227018,0.0030439752727975085,0.0010905008104792032,0.06021483143287067,0.001347491783867204,0.0016666277712837048,0.005256938139403215,0.00042467667564020125,0.0023058611669769065,0.004413719695412313,0.11770586382864413,0.00340548975776061,0.05568616881700566,0.021896338624052263,0.00011906680860440034,0.008652244945630924,0.15921858867268518,0.014642810230105241,0.027028395685886976,0.0032772293337519093,8.393349616037187e-05,0.0009272266220744027,0.004580024971033113,0.01370030827450754,0.019784467793647356,0.05062399441178215,0.001709634657633305,0.008704970256700525,0.011145525788928233,0.0055726553886734165,0.012798589517621537,0.004309688683774412,0.04463928843514703,0.0050716625142520145,0.02804993736538448,0.019032986674758855,0.00011036565647680032,0.021103628922420764,0.007582486297627522
279,0.01756678160793225,0.012809324766836635,0.04116343408092621,0.0030407941599620084,0.00040190949682740115,0.06773557289325319,0.0029811451012740084,0.060307467686971365,0.03259897340264289,0.002219865510572206,0.004296515489642212,0.026458831542462872,0.008305126765895222,0.051613924462475244,0.014776738019506942,0.007639756555729821,0.05680487900781306,0.059374983003448865,0.0034753921561133097,0.0005525402296863015,0.0029842004403189083,0.038525185602339404,0.0007979544327823022,0.0001084584837286003,0.05045621797986004,0.012136646517472333,0.0016383548120709045,0.002434683517204607,0.006829056962128519,0.0015477926517656043,0.007939033342674522,0.02456959889882137,0.0005481452567929015,0.00015790926273610042,0.020318244819173156,0.02124136742293336,0.00714104849583402,0.02260528496521686,2.812865023823497e-05,0.04666863395990073,0.00023296038148740066,0.0006353032958912018,0.006632070627530918,0.08048637990642982,0.011554797746616632,0.012410384121552934,0.0380186078342696,0.019478106739303554,0.07560918298977781,0.012142303943175633
280,0.0049537090296130105,0.0026051402221678056,0.0008235470853562017,1.7184352809345335e-07,0.0005713265730747012,0.2764124954648857,0.0012765922577050025,0.0013579641450542027,0.0035814140386855073,0.03352392515869327,0.002103287026691004,0.06462487159374014,0.0033472023128129067,0.06599555461023984,0.0017266373039017038,0.009487456312615722,0.053346829639232214,0.06006665002438483,0.0015021752427676032,0.020892233292740345,0.020984193136821944,0.012035171467232927,0.011117978334250425,0.02758641629829326,0.0021011863174122043,0.020763260877468246,0.0015692497745849032,0.010691078589525822,0.0030987986656382067,0.05541747708789782,0.0003421578405810007,0.0038248397411912083,0.003338823798033707,0.02528128241578455,0.008869332564722918,0.007277161414061816,0.004064841255634008,0.0007723155100567016,0.0019446566930322042,0.018732642445839238,0.0033340718863973068,0.0459335547673125,0.01467645687346023,0.003289756290181407,0.0009910875778199023,0.00992607389669432,0.0003899615337245008,0.059667492526386826,0.005812479713611212,0.007967017528458816
281,0.005786066396862612,0.002871912655814605,0.0036907773119144067,0.01123016392158572,0.00023280861921510043,0.0054328459213565106,0.050813191367732595,0.023434791921260644,0.00564629945165221,0.0016452530428835031,0.03322224251242576,7.868894636806034e-05,0.003250702058056006,0.0005679459880003011,0.0051766364885144096,4.577444908667397e-05,0.00978704917397142,0.002687580986935105,0.03837531812940927,0.04626237764201709,0.15009044423427578,0.03316160335586196,0.006788930579711913,0.0008246337662991015,0.0004668183749765009,0.00013055722823050023,0.015967420822570032,5.160044468020978e-07,0.0024258669313708047,0.02294111902065754,0.10699111949290191,0.0010000256868073019,0.000496202263435501,0.003153584897960106,1.302029909195733e-05,0.02099598035127914,0.002137853670491804,0.005848039048234611,0.0012357867419665023,0.03626809069244707,0.07813756099837045,0.1648109919030214,0.024422403584658345,0.0002681177659016005,5.877025817798519e-05,0.011615018651705323,0.009825183066042818,0.028608877591767355,0.00493202626210011,0.01614500947017543
282,0.010551165681674425,4.17511988161587e-06,0.007126998669161916,5.938970129359479e-05,0.015011645026708032,0.00899890988636642,0.0002777204617695006,0.022031110769152647,0.00011811013070410026,0.052707908776740316,6.60349014920361e-05,0.05264630789313662,0.03892828051461078,0.002678307324291706,0.0010413789427180023,0.10855937262711693,0.0907683639007837,0.002704368065751806,0.07523973885714547,0.014256759058773731,0.012547640114676128,0.004325702161329909,0.005586857704332612,0.017424783953434338,0.0045270360620734106,0.0016872449506504037,0.005194276876600211,0.011266567696836123,0.07576384857142757,0.02217920015086575,0.0010608932554816025,0.0020641387406258047,0.009561635424491621,0.006536950693309115,0.00960053983085032,0.019762579249502844,0.03619982315453228,0.006900472838973516,0.019677453652592946,0.11999456848858156,0.0025525816425300057,0.03159098160870677,1.715976620681412e-05,0.0028819502603204066,0.02718820022446596,0.008908478833913118,0.010149193539417522,0.014993763459845433,7.03689421045161e-07,0.006078727094731414
283,0.00023204486540520053,0.06883237910999307,0.032530171653532974,0.017331247966726342,0.006037433939720814,0.01822381407702174,0.0044094975560792105,0.089075239817183,0.0010101715679449023,0.028910596972190065,0.001303553752549703,0.00835036120385712,0.02996414797547367,0.0004707193866011011,0.00815479950548312,0.0015668186738729036,0.015625659094830737,0.0011793528726436028,0.0002943103835376007,0.0014255974951694033,0.01605204034610524,0.005772022454780114,0.010348641826021925,0.0013641866511040033,0.011099626006870426,1.3282502824941661e-05,0.00899563448315672,0.005449671233742913,2.6793519413240913e-07,0.09094421116854341,0.01248289275683203,0.02973878410128387,0.006931531334124016,0.049740299910388315,2.0206899835514758e-05,0.023576896637916355,0.01775628686376984,0.0011018816754494027,0.12121239237495268,0.006084952004833214,0.057028419807039134,0.00011045692692140026,0.007258543475317018,0.052764306392776926,0.010620901861324424,0.008409269744032218,0.0015621965514682036,0.015437219245794437,0.015469111538426436,0.07772594741935428
284,0.06259399204357761,0.0589122048096737,0.09208974589256465,0.04044609148379947,0.15713389149839396,0.0015542061642549027,0.01784958998107413,0.021031955837078533,0.04711058639037428,0.008672976066009313,0.026079286748444345,8.585570495564762e-06,7.047547150721396e-05,0.0589592711223174,0.0020330884404551035,0.029981736793445648,0.006143512253181511,0.0021807076192222035,0.013433005400037022,0.006229652727034011,0.0014376185381520024,0.026550929909155845,0.012706804325810821,0.05081194118350858,3.367122046195193e-05,0.045850890734401975,0.0032466006868423053,0.015566466217447625,0.0015590063094802027,0.002288390004486004,0.008741207385195213,2.5695759588679872e-05,5.35157086835936e-05,0.001231221404028602,0.00016360522560520028,0.01212474747035472,0.02888979451504815,0.000656506199112001,0.0007722715809490013,0.001872744339520203,2.1171846556155903e-06,0.027496516212907645,0.031092463561196153,0.01704530202488893,0.006951238794219112,0.004130543285062107,0.0007291707152560011,0.0025463145333678044,0.03586659124325936,0.007041551414413712
285,0.019186266061196132,0.010634756451660617,0.0012590528086634022,0.009523763202061915,0.017415669263432926,0.07832708808737103,0.002300142447785404,0.06836946684884741,0.0007488122285875013,0.005267360439599909,0.0020423450364290036,0.0015536530652165027,0.08463387272155314,0.08291569053785014,0.036040519524549564,0.0018845131695370031,0.0055528813402555095,0.007923562960857614,0.03468583236537445,0.004769243297670908,0.0567079614301454,0.019147141753645732,0.00036694675311000057,0.002969042413655105,0.023007816154099338,0.0033706532708076054,0.01728459671339543,0.010992003597751519,0.00040201939697170067,0.01656415732882603,0.001211980438813802,0.024620564159082342,0.0032403708897994054,0.030298877920959352,0.023234524704523238,0.014469317501617625,0.0010814751102879018,0.0025517897809424045,0.0007913972690763013,8.455806059916599e-07,5.909582589697235e-05,0.004401342331672707,0.026539130680195644,0.009369951433193116,0.023534743576742338,0.020661836808327234,0.0068827313038685115,0.13631068634464563,0.01958137897672153,0.02531112869211954
286,0.0059928286499428135,0.0009160848905743022,0.0850672225296906,1.662741499872399e-05,0.0006519097618476015,0.009890384344596322,0.007243622122839116,6.612949878480776e-05,0.01244549195602873,0.0006239512194997014,0.027291127563959863,0.0010506385374595025,0.04756196841311111,0.06453987175459125,0.026724357090157063,0.0010540442673602024,5.745565094890589e-05,0.028031449608997866,0.0028181388203522067,0.004493500283535311,0.00021333661785020048,0.01585849900957324,0.02920721264658847,0.027842656556454366,0.0901719724409965,0.01818965404615964,0.0447509148340132,0.012003650917442828,0.0007651380217707017,0.05062897533497862,0.004687186530807211,5.0223111959876927e-05,0.00038148414296770085,0.005411313313145313,0.004080950117857809,0.00425514621533161,0.03127434776488658,0.10630261643402884,0.02275939975458695,1.7507278003039066e-07,0.00011280920383770026,7.468126512051993e-06,0.010533246504496925,0.02557871149216386,0.003276580059246408,0.023540957418856055,0.06480631121541845,0.010436937985716025,0.022343869085072552,0.0439914516452244
287,0.004077974634880109,0.008852210666608221,2.0437915156347314e-05,0.019803826911228447,0.00788523260599032,0.01953710583792245,0.04882544821290872,0.0005005531357785012,0.1235960822476245,0.03540177584151858,0.0026113673721132064,0.00876288832901112,0.013583269227896032,0.005484930527559813,0.001669697339113004,0.032326527580863074,0.002927616480526507,0.026519277608785564,0.03798490927486099,0.00876594132170352,0.015050085719481236,0.035426466909223187,0.05409626379231303,0.00439498034971391,0.0034634017676525085,0.006000268094487614,0.0006144389821897016,0.008102678657874418,0.017348743221199343,0.031073709949233076,0.009250091783144123,0.0008993759281649021,6.823991945041477e-05,0.006105181445121315,8.207837738505628e-05,0.009914424422005925,0.015488230284037239,0.005631346647056614,0.003161124700790208,0.10544553067936316,0.022225644332438454,0.029418850124414874,0.09676317606155184,0.0016452966228931042,0.0035365051788441085,0.027656507792823967,0.0013294569572619033,0.027017513784100965,0.00869099454322152,0.0409623199005134
288,0.06605244725768757,0.014886401921597936,0.0386441933193424,0.07512159255807918,0.1219209128963438,0.050299698077705325,0.00028659346724030073,0.009273926763774023,0.007887587374147818,0.004013301625825109,0.02060200428568195,0.0016689421640160042,0.009312331814190722,0.00010410652256360026,0.0035170132067866085,0.0017548764043281042,0.013865810750781735,0.0020358148482491046,0.022959878169576356,0.0023188139740154055,0.00423447409155891,0.019073234923788044,0.023077172340415855,0.0013502098150857034,0.0002874411503470007,0.07451970664823448,0.07203489609366907,0.004877954120117012,0.0005582335312936014,0.017799114573421544,0.004447544834222811,0.000418294345023701,0.03560870508175879,0.005667121059548814,0.0021661054412776054,5.064220077286399e-05,1.0253479947833604e-05,0.010338265118243727,0.00443617115932451,0.007888690462527919,0.015092748114053537,0.004936748693023012,0.002849734828968107,0.054386370488943035,0.030842409275266377,0.014549909366435534,0.07313446021629429,0.0019380669109031047,0.02895792544471957,0.017941148788880545
289,0.02901695170400807,0.03345366078704208,0.010052003859434925,0.0015123099163735036,0.009928586251683424,0.000808618873696502,0.004937297884652612,0.0436783849613055,0.05528048419370283,0.051485667260836324,0.039502235988949294,0.006629412760348317,0.05225615734918152,0.005846533006292114,0.0036367046592245085,0.00432385180322931,0.0018984483805402047,0.024575835088090758,0.00430224865342671,0.031169233976019877,0.0002036470693482005,0.0015151372319556038,0.01999732562882095,0.00023810790171550057,0.0005890469010834014,0.0007283675907189017,0.0022822717667649057,0.04973131209932233,0.039666601434971895,0.18967054020795687,0.03179721999311308,0.031034166359668776,0.02872150302352107,0.03457181316405148,0.021718539554174153,0.0059933559263603145,0.0004894915545162012,0.031235846384999176,0.001621976787041604,0.001218722212509403,0.0023210382442455054,0.004844659971342212,0.0018678408520731045,0.022604301067766057,0.013798533566743832,0.009006358997997123,3.514136421660115e-05,0.005361237871567813,0.0036232884412951086,0.029217979472100572
290,0.005818757149368214,0.0019898895710184048,0.14026847081878144,0.007906897254277519,0.0024715066192247063,0.016994665192248643,0.07388584855025337,0.027258453999599367,0.006002464379221015,0.00019773567368830047,0.001208776220397303,0.00407140466909141,0.047450364395979515,0.0011043585905067025,0.032704265909196784,0.00424621617090991,0.007748041944425419,0.02020061922305725,0.05122507833230563,0.0019115126425761047,0.017831377266130044,0.012630413515030331,0.008950182204275722,0.022562563664468155,0.0005239183185822013,0.020735783457278053,0.01310529860851353,0.0010957958415928025,0.041990755814092305,0.0005909056033684014,0.0018065917990915043,0.007241001671438417,0.022265167381140955,1.0070320295709807e-05,0.008379679047365422,0.0029322404300946075,0.049151148334642916,0.042345395994364404,0.013280868678271532,0.0040269902709379095,0.0021046601717618053,0.035078399928207785,0.0018488681008957046,0.0008674880392149022,0.0822349871361638,0.01660908083065964,0.002898637735368107,0.05830023168134395,0.018983344974910644,0.03495282587437178
291,0.018086011764133252,0.0027262277245599076,0.01063284698645683,0.0021444859779877062,0.004143253570983312,0.007716515742490023,0.010290671486825229,0.06403104605528757,0.0048433235651829136,0.004306296489208312,0.00019791625584430057,0.02741272890385838,0.04455694275476233,0.0005191541329744015,0.025044693076094072,0.0018457674362185054,0.04203303918010222,0.001059339518181603,0.072268528694125,0.0005024838688907014,0.008985503376764226,0.0011968308349670034,0.007826754554629823,0.1023277718457185,0.0050555354246275145,0.046536762215306234,0.011188314417419933,0.0029364355630985086,0.029721445451925385,0.004515303000866713,0.010672783729493531,0.0021963869322336065,0.0036132604715922102,0.03685831402981381,0.0030077063750407087,0.03944478531635291,0.02806906490056358,0.02452267429524347,4.406352208799485e-05,0.030021668327796187,0.02505449144644077,0.004379670024493013,0.015316418892083744,0.01800157322648935,0.0036435409467648104,0.005052388969016114,0.034018344153655296,0.04878480162550704,0.014499705151038742,0.08814642779480295
292,0.021958639559191247,0.02798954241504126,0.01747656128899124,0.08283959226921288,0.03538421446863288,0.0009597642573101021,0.002246391545840005,0.0018589268783706042,0.010933035026071224,0.019919431262863847,0.003036283732984207,0.00041738275664260095,0.001406405039832103,0.0005193292779603012,0.015966754850848936,0.060939972921352135,7.039867512265793e-06,0.0006589351116508014,0.0071116325426768155,0.001723254632994104,0.03493620321549488,0.0039884145085045085,0.03800468834489238,0.07516440181840367,0.0008256694462890019,0.011718548640386626,0.07241290446186037,0.0006709846651246016,9.378546112152513e-05,0.024648690648659256,0.009245940294632621,0.006482935537285215,0.0947466130983048,0.06995933754226075,0.009223054844953721,0.002205424898144905,0.02674500468875066,0.03265962293125487,0.03777041677184098,0.006265922316302414,0.0008823715396966019,2.1937684114106476e-05,0.00036620592142590084,0.08277773587606928,0.0018929113758782042,0.02647538727018436,0.0035235715082733076,0.0004789293331460011,0.012372430357124627,8.686529364044664e-05
293,0.007912010243112317,0.0016299747313842036,0.0007255686872314017,0.0032053085933808068,0.0004038747843456009,0.08349602949586948,0.016372160149017635,4.5546907655424305e-05,0.0075326604564915165,0.0028343654159393066,0.008051912970159817,0.00954141807791852,0.020336171917589647,0.00481973342467081,0.016329357976268433,0.00010490548376090023,0.03708276051202118,0.011381829423578326,0.016470958119839937,0.024625423657260854,0.036887323786043084,0.05608448336029383,0.024772590512233957,4.984719593829765e-07,0.002164372169050805,0.0008583918432021019,7.335802739161704e-05,0.0006251343103899015,0.0022949289992792053,0.0014584846880420033,0.12770789343016697,0.03097063109139907,0.013413293268364629,0.027409231269204963,0.015494054208781334,0.0013046652615345028,0.02582975717388766,0.0016380517210819038,0.15662757206951877,0.0001314278657796003,0.08094371088686338,0.012010028686937726,0.05042017526353351,0.004526071844215011,1.3470183199022396e-09,0.028448996361712362,0.001400661036554103,0.015547219644522435,0.000464495342978601,0.007590525030563416
294,0.07720854547621533,0.030197526029339453,0.060092335343685806,0.0032675095139578056,0.024514315412545746,0.000579347461220901,0.02907598987305425,0.00019425960949160035,0.02408184199837944,0.0002517066271466004,0.0027463383307028046,0.008300466775219914,0.056942711398744204,0.05083476305041919,3.660115501170091e-07,0.042817259618693676,0.002875802956655305,0.01606350682221413,0.056718939514955206,0.024705362557166644,0.006737941867689312,0.00018205582630650033,0.008608368510820115,1.158295104660185e-05,0.05035588259598639,0.008251838775925113,0.0020138381569504036,0.0003930484947637007,0.0037768911616584064,0.005378369456746909,0.02664766983593855,0.003007255978689005,5.466330010271927e-05,0.03801154807083187,0.02641058124931305,0.0012143841794465021,0.012734337572515823,0.01714851825141413,0.04251325162201727,0.0014557103707192025,0.04622089355384168,0.004992469836586608,0.002228747274912104,5.414017605987206e-05,0.05909942205512041,0.02721925145811725,0.008686500476547716,0.0010565353233186019,0.059017597664155104,0.025047809571100744
295,0.0010466079593003024,0.0035196994676493084,0.0031982716891952073,9.280332529182584e-05,0.019470024329726145,0.017412974878844443,0.00014030356348220031,0.0006385268660744015,0.042499120411134995,0.043612132529003506,0.023522120772967857,0.0023612508968686055,9.596691079315019e-05,0.0002039047775566005,0.07149814945609156,0.11337115679563316,0.002907335010597307,0.006169235109980715,0.0814316351026,0.0034696313028456083,0.0020926540625948046,0.030960158154219274,0.00418491013014581,0.03299965505658368,0.00018834937369760043,0.0031195756754913073,2.315069746742542e-05,0.008445859147133219,0.010243292922777125,0.02185121023799135,0.016366817229058236,0.021497002447019548,0.03183167460863238,0.00023978553009780057,3.971479285504724e-05,0.07290099429260946,0.003509311948756308,0.013095834592131431,0.0064851921284746145,0.05891105923875534,0.017399396521730642,0.014495674276525332,0.03826529244420319,0.04609782397920541,0.011493154609715426,0.002695739536797306,0.08619909110493429,0.0038430505530960093,0.0003399413471316008,0.003523782204532208
296,0.04155609661396049,0.04392856070381929,0.08326446049422988,0.06705757218289374,0.08190363371686367,0.0019859264247034042,0.04419239822250839,0.010641721677625223,0.008167912383221017,0.004089848259739809,0.02367502917420165,5.5784936963564556e-05,0.00980132691397032,0.003779053343640108,0.006752323198253814,0.012749617261698327,0.04228187608470589,0.03128009732069257,0.009316651021144718,0.002829072996537306,0.004309278841368309,0.01014254505149972,0.0006080403581044013,0.01428623607438973,0.0007672006333402016,0.0021327907226632043,0.01872359644606134,0.007412252517230116,0.0001756359058836004,0.04395753148118129,0.021777860399850645,2.64101323027481e-05,0.00044146063516180094,0.011114086539164925,3.976511133174016e-05,0.049692103364448605,0.010897115314819822,0.005283863113054411,0.04384491153904019,0.008069320111976218,0.0014085522552656031,0.06800419630973344,0.0008120568587046017,0.013787170092699029,0.03893741211399698,0.016237748837910834,0.00012200711941350026,0.022167350396025347,0.05382708265736861,0.0016854561346356036
297,0.08166760901318226,0.01387364053466103,0.04428962593618549,0.07088715719915616,0.06450733287683244,0.010956474850164422,0.009248407239172718,0.008169268564268818,0.0007968503910395018,0.0057140892041034124,3.1387785298349e-05,0.010935666348664223,0.02861019700834996,0.024538641320940552,0.015798721274843535,0.06364652557137963,0.009798113234911822,0.03610344540280148,0.04291300675567049,0.011559997033369023,0.004549480629344909,0.0005105940719057011,0.0004272610591898009,0.0001876347290817004,0.03675233927015878,0.021428681781808644,0.0020923157005108043,0.024969614441876252,0.00024997351254900054,0.014784372537746832,0.03500393444466598,8.863176372383764e-05,0.03132479443075857,0.00024180618091190051,0.026821932770627256,0.012107029177072626,0.01402670870283743,5.28079821488273e-05,0.00880536907210242,0.0025918520967693056,0.02470792903993445,0.0031701422324284063,0.0016458917026850035,0.0007512365806171017,0.0006405833123380013,0.055703085091763915,0.005235412656224611,0.029153992261381663,0.08178426028790507,0.006144174933936013
298,0.09663641996219188,0.03072815047975806,0.002800601736282205,0.17993480770870662,0.050112510962511694,0.0012077881001971024,0.13737395751854564,0.006414297837869712,0.020721031054197637,0.002573014442000505,0.014760179883850028,1.2528493733342131e-05,0.001074808075806002,8.180860167879029e-05,0.0021723946668312038,0.008773914895584217,0.055733894436846905,0.0002862007285390005,0.008900787249763818,0.008913098984793118,0.0003140204319085006,0.023624157193707446,0.028983367271001155,0.009823093937484319,0.0005825900598959011,0.012934704587205524,0.01597414758512693,0.0016685415083357033,0.0038323503904875073,0.03053012842550686,0.01965691890244244,0.00013158814014680025,0.04800548174924829,0.01681579362967693,0.006378964004354612,0.03773323216571827,0.03759556991897807,0.000517413640411101,0.001071291923915102,0.024389780375316444,0.00024023045331950045,0.0046061793914878085,0.0011632508292196023,0.012613232892527424,0.005824331434466311,0.0004368501814982008,6.812545542038436e-05,0.00550198260445231,0.017635426887195535,0.0021350582098575038
299,0.043375480379872315,0.011397041785046231,0.06460498535084598,0.04538116382858352,0.034506778677229295,0.037342178308089106,0.01093914424688153,0.015584742994782543,0.0019820553526375055,0.010598611453576129,0.0002688343396152008,0.002750466205356008,0.0005313006812659015,0.009582745772843225,0.013966872693388638,0.007493932606329221,0.001100852583553703,0.0031049499495525087,0.01509950868794254,0.01050875251385113,0.009110659002826526,0.00016149588543470047,0.01467063710377264,0.07687397996236271,0.019763947808467856,0.15558713825269005,9.911095128299571e-06,0.008654638332347024,0.010607834250717029,0.05282965502205864,0.00011914129657660033,0.000703062394377802,0.008107317175300123,0.00019243190077660054,0.002777693288005108,0.0030752906854741085,0.04015797700413871,0.06666887439301798,0.05983727727545317,0.0030103470282779082,0.00023722291836090066,0.01915481075592415,0.017314181687707347,0.001856098983260705,0.002049986412009106,1.8947487235623325e-05,0.05987665526612727,0.0008902862180629025,0.023354441330002265,0.002207661372864106
300,0.042360032685738014,0.008645162513189723,0.008594097912457322,0.037528567423804,0.012540726555163232,0.1118827055066744,0.019296226615641548,0.02820938094830317,0.03611961077153649,0.006962552797874717,0.006395551018901816,0.01211661584532603,0.0022961732492319063,0.0025602877501906063,0.007907950601553821,0.020515150218437653,7.516371635746586e-05,0.007223043172134318,0.036871891075907895,0.0013613079190992034,0.017380018046426644,0.013020638553774734,0.006480597669836317,0.0042722161912783115,0.002440280407545806,0.00772279573685602,0.12984630490314683,0.008789708694384722,0.008742152686804023,0.052150054378660035,0.0032274877697108083,0.07059739146652878,0.00029561104148650074,0.03238226319435528,0.0001614038447901004,0.0022658839845909056,0.0003302939941242009,1.8988732765092258e-05,0.04543207397265342,0.06263327571145226,0.022238434432456655,0.003627335216469209,0.00043513700543250107,0.0061682477508922156,0.010113517642643425,0.027566104538915368,0.021276702950538854,0.008553702200764223,0.021272470582396855,0.0010967084007967027
301,3.757171896025901e-05,0.003696263250218908,0.022309724313155747,0.07083967535258935,0.0016822829233087036,0.03248915622737697,3.5686408046539534e-05,0.003078833688866807,0.012456908856015428,0.0005062611946813011,0.0017060232244122038,0.02873454711693676,5.175992533354454e-05,0.004382732068339009,0.00016211896112980036,0.019206428160287642,0.010291268247166223,0.1376414197067629,0.0018117243062913042,0.014682033984947133,0.01431318996995033,0.0031896042535997067,0.0048036367172992105,0.0454556288592026,0.045670492283723406,0.006060529053893514,0.0006311444871724014,0.0002139145497811005,0.024443542380834557,0.042672650707325295,0.04040124134710849,0.08463672790862929,3.763879404753128e-05,0.05130278117906141,0.004777421022551111,0.015900998873319035,0.010790126819219424,0.003489331292478708,0.006466830901317015,0.01892505126123134,0.00474439167056301,0.003469469053853308,0.05305108521559722,0.008183133653688317,0.05488670764595272,0.019680536616632546,0.06493249014662834,0.0009968846620650022,6.18350949261381e-05,8.563943521387211e-06
302,0.03425584690948827,0.10945299686167552,0.0033211243940177064,0.06012456245874552,0.050552821675871405,0.001466404011299803,0.00473024728934021,0.0007291611082300014,0.0006205994712962012,0.0016275996724236033,0.00011189106751310022,0.03391395633767697,0.0009388761349084019,0.013481465353453327,0.03245073198709746,0.037716420728768775,0.014278913772224927,0.03382193513092797,0.0028536929345486057,0.027251064018956755,0.00044012922271390086,0.014495387573255929,0.007985491717771015,0.0025443184951283054,0.08523943802135546,0.008563659817699618,0.0031889989411031066,0.0012758131409791025,0.014319809119389428,0.002282621551371105,1.2829994898494413e-05,0.0524978301627294,0.05466917614181431,0.027808850200041157,0.004677918531397709,0.00046548446037350094,0.019106813561285938,0.0030450761866862063,0.031853692091354566,0.015024551433545329,0.06568633090102922,0.01611105151375133,0.03884601691204398,5.831343997017798e-05,0.0035270669897908067,0.012115804299262924,0.002371644610067605,0.02940060859886546,0.012378572057576724,0.006306388994283813
303,0.0041467387861848105,0.022033548563978357,0.050411620439436824,0.05891763600671934,0.0419965868231833,0.03595122429574629,0.045281545559970014,0.0013500352931210032,0.0008698185909768022,0.007989089624347618,0.02003679946339275,0.006601494856209016,0.01672573331649604,8.60787165029517e-05,0.08051495395274069,0.014545625976971935,0.0002899943253463007,0.04452036887960581,0.013376139173902733,0.0006042419955653015,0.06321499161957415,0.0026099615817245063,0.0013066924714156033,0.0002954681484088007,0.023986226697170158,0.04335155138979661,0.00042953495581580104,0.021595575610438053,0.0003402456905324008,0.01243658631437473,0.03131088191425098,0.007304863991252018,0.0038676922170499096,0.003787016302989709,7.489379811212551e-06,0.0032119932092168077,0.0059407712884159145,8.566881094705446e-05,0.021394461073854853,0.0010948147196327025,0.02819910921874377,0.021250683872705452,0.0004441387777535011,0.018203849811309045,0.11712499937841829,0.026668373786121365,9.898066448650434e-05,0.025208760639756862,0.030432568753392075,0.018546773070243546
304,0.034672992059951675,0.005814535456486612,0.018485245570570238,0.04311665415208309,0.004754641696127011,0.037365713330549576,0.05314598141222121,0.01863455945570684,0.0018520156728150038,0.011976820153900227,0.011039107996931622,0.0014942541424954033,0.015995818800053834,0.002298210601569705,0.0025373699657721053,0.01380027832180563,0.011209463513589625,0.03752303021835958,0.06680248298522004,0.021293793949439744,3.8111942381886375e-05,0.001467476933998003,0.03806009138419508,0.01923262954595124,0.031032045575021865,0.0003315306915247007,0.0034275656126907072,0.012264343386858827,0.026798650924798155,0.023623296007793948,0.016196227249052335,0.029341184910117862,0.03337718616258997,0.0020007345508162044,0.0010018420293292022,0.007899668737498318,0.0461396576763375,0.03312125954630317,0.13595528946404317,0.011120369261069024,0.021690429707868445,0.01957619428994434,0.001388978272476103,0.0017327100415124037,0.008294049487018118,0.0005954601753945014,0.00921682681050502,0.00933201076373732,0.014920991063945932,0.027010218339577955
305,0.041360870348602405,0.02040148554719835,0.025756202459768462,0.10532470098862866,0.018820821049499444,0.051756223339099426,0.0009765872852774023,0.012536335870133532,0.007322415255613018,0.004555872576292711,0.029767832091499274,0.01653953531314304,0.00784663175390612,0.005257563960106613,0.008724951940011721,6.7185386872041565e-06,0.0013607283372162032,0.0008950224924966022,8.267204400167226e-05,0.020732772107298653,7.794017104386893e-05,0.05899075916736975,0.04736442644800282,0.014571612775028237,0.02103817056834645,0.04672166497590701,0.03205485311650778,0.032036038451126875,0.021709869765978954,0.0005921480993257014,0.007999626148528519,0.001578989176128104,0.0021991433013439053,0.007764807808450719,0.0007409257524971019,0.08373667251988441,0.10334066759017305,0.012654403396279431,0.006991968081804917,4.642457559377932e-07,0.0015280248103331038,0.022477632113818657,0.007983217974275819,0.00792983953829432,0.01934208819631695,0.002830024379621007,0.0005291638148860013,0.013879616300711835,0.0003676937101423009,0.040941604303636
306,0.04554444197017722,0.00744980469608752,0.0006290715346635017,0.015408266089408842,0.01169157248671143,0.08135264560280252,0.08638897222000513,1.7813431493795405e-07,0.017576582870728746,0.002288687144318906,0.024120893912902466,0.02334569580438326,0.06005889335537186,0.0706728748748583,0.006501829511398117,0.013914441815891337,0.0021392460083295055,0.001537184911718004,0.026786406059826174,0.02585796800992917,0.02935349761251638,0.024603138122614467,1.1334035694189302e-05,0.03038827924247178,0.014348740069945638,0.014602326426762338,0.00755151975830332,0.009505354247774727,0.0006795522607868018,0.005376877699339315,0.0004138958220792011,0.037927096775160506,0.001104950213147103,0.006723006516872619,0.016970585879588145,0.009821782509835826,0.013035710293898134,0.04868190739061823,0.003942780893218011,0.01469799863292454,0.01127814004031723,0.016476047122999646,0.01861910165199655,0.0024097931931713066,0.010542111907787328,0.010012225936400327,0.08833575932008324,0.006626622425063117,0.014476704703552138,0.008217502281251423
307,0.005935995831155413,0.01342414964625103,0.046198542246823106,0.004534051650585811,0.0076675303606253175,0.02370511299074095,0.018972963930191343,0.0015087623438794033,0.007336787996317717,0.030063250019669564,0.0026143428611926055,1.1597394011941825e-05,0.005266702456884211,0.015473581399789835,0.12317431448161328,0.0007373381481545016,0.0006843503785669015,0.030364252062506765,0.00022838331769830053,0.0003753761697851008,0.0014622622754415034,0.04109591594757309,0.03303423112670808,0.0030070575478344064,0.010588303726933925,0.06316086152111124,0.0023353055001360053,0.0010962023961788023,0.01670382290902044,0.013489323007105829,0.005062032722427111,8.069452284186645e-05,0.009994916124917123,0.07634719973075857,0.0008440373525145018,0.0015652660373685035,0.004938572583371211,0.027753299047286864,0.05839891882469523,0.036674915052202085,0.06646425130422055,0.02403318497820745,0.0020095340415304044,0.002437750444486705,0.009082208780461221,0.043555631413249495,0.00973896517850132,0.02657290783702176,0.027401131375808862,0.042793911003642694
308,0.035441117639327585,0.03145411074006928,0.05613087256202064,0.0776566426442433,0.008250372688275422,0.001582018030710604,0.013121529352473332,0.01932554341960575,0.016942642827318343,0.014053479590913735,0.01692054859820774,0.002450706133345906,0.005474195461273013,0.006104032038349315,0.011941181140619829,0.013658864557934632,0.013675677519527833,0.01227627041847573,0.015488883976465239,0.051388004219920826,0.00018001338810480044,0.00035138869939410085,0.029885784461762273,0.061309549117771256,0.059513413921639245,0.00010953151177960027,0.0010585801946221027,0.14818837264817156,0.010157112834067724,0.0070409068882578175,0.030526631345264173,0.026087301493540063,0.002911321913595707,0.0005519689910746013,0.014753123213616937,0.018259975210981046,0.0009392735376359023,0.0036177183506617087,0.002219047385138905,0.01175672131447583,0.0005751536654068014,0.011148027017395827,0.0008126477140243019,0.01723914068847504,0.000414806692569101,0.06633592827600536,0.02411529934777236,7.939623866783958e-05,0.009016920444592022,0.01750824993445794
309,0.05704104761120512,0.06558722019183313,0.025536886140270155,0.057008337832342215,0.04050035003753998,0.034809758415284976,0.020622158944363644,0.016110640689017935,0.005256440740735211,0.013055708932230228,0.02387377873943065,0.0016983974173199036,0.04345352976640179,0.0006406452448581013,0.00450908961989311,4.95775985118662e-05,0.025603326399746155,0.025576796809042256,0.003252091885727607,0.01803611642113364,0.03341842512490527,2.684046928416434e-06,0.008541245772175817,0.08069251066137467,0.024533324112579653,0.00035320036248590074,0.06317369487029804,0.000922397388628002,0.015793969356551633,0.026399479275107156,0.002123430358638704,7.682851155280075e-06,0.0046177105141182095,0.011695447214669124,0.030490523012116067,0.01804999780993084,0.0015620193742130032,0.016000390101159234,0.039822106839097184,0.028981124206511364,0.01472111107892143,0.02299744587585095,0.02872189427155546,2.4175686699640596e-05,0.003608926649899408,4.570117104717905e-05,0.028386854170958858,0.001471311351984703,0.009051426988076419,0.0015678900654748033
310,0.031068323526110372,0.057292179801292434,0.06365377201717035,0.03882642754023469,0.013881253169167534,0.009742550853458223,0.00455516356377981,0.011022878135458627,0.0006325480267072015,0.03841588344692809,0.005373208754869012,0.031940721520803475,0.007054236103401217,0.013680850950576732,0.08999495523681231,6.469517317070343e-06,0.00027565985860210064,0.020091139763934347,7.054623883842976e-05,0.02960703210975127,0.0017211804548463042,0.002157084237062205,1.2572022314410185e-05,0.0015042849472033035,0.0030714972737372072,0.002094704609449705,0.0019526793857204045,0.011287211888778226,0.0032894176463739077,0.01851527791045764,0.002007069107007905,0.11642109674011397,0.015527817660747737,0.01349534755614473,0.0003573612266916008,0.019732345446530745,0.05942853250654294,0.08219740570552919,0.040189916408045,0.0032206665627715074,0.008557777482137121,0.03953158277521249,0.014634550617085334,0.0006013795389336014,0.01696678548712094,0.018658683339766346,0.019776862624368344,0.0016189762997958037,0.014086297193388534,0.00019783521090940045
311,0.00047466020646140105,0.04855454070051431,0.024990735604404655,0.007922972792399917,0.006260060751117614,0.003915923839280809,0.006043096101985213,0.009409308299032021,0.00015626396420930037,0.015594400603834534,0.1384548043692021,0.025225144335727954,0.08342482648815668,0.01822056532924134,2.4439641008629847e-06,0.03592806391253508,0.001363127359238103,0.012766391106337427,0.01828803902493254,0.0003286898215203007,0.00966832688537292,0.0029058779964560065,0.002660853657822906,0.06809251727689415,0.03263284461007257,0.005240535154253811,0.010828741755101224,0.019345567859598043,0.00892495833627832,1.0539447680601556e-05,4.1952853577840166e-07,0.07146529144096965,0.03539684477787368,0.05871262538658723,0.0010567473426799025,0.0036900827285612082,0.028525683400156363,0.0005895868829070013,0.012195027409021128,0.005798531128694413,0.009187906932300621,0.06752242668038405,0.001370141870949703,0.04108091563625769,0.0033672161977875074,0.012551813556495428,0.0002533030608964005,0.024378858382423454,0.0007854504303216017,0.00443630567243451
312,0.015626831488188938,0.007051216910361717,0.000404569589852601,0.029690926301400872,0.0009319127950672023,0.004683129051487812,0.00018593086760040046,0.10417272679858135,0.05356849562884993,0.013621757140831633,0.006168552592060615,0.03574764993554859,0.012622795513820131,0.0027068340123148067,0.00823413853014312,0.06288147011098105,0.019926950146627848,0.0017530575353642043,0.00036421486739420086,0.001705615836448704,0.10076028964960065,0.00017424952812530043,0.0009058392983233021,0.002766056078509307,0.00029537891361970073,0.01209500217291833,0.0070892631551533174,0.019198644734454748,0.006749801751189417,0.026515923520882966,0.00393600974286501,0.0031298319586980077,0.018902138072610847,0.06231198529085785,0.014365162036753336,0.02908661444934227,0.005041701249883912,0.045364070492304814,0.12400123466063871,0.010107577360224624,0.00839541230582942,0.018149464136663344,2.6542040899409115e-05,0.001198575226474603,0.027619920957045466,0.0011435092779937027,0.01949983287373255,0.02934819836957517,0.015727026106045438,0.004045968935858809
313,0.013637225313779335,0.029644484196360375,0.05041465622416163,0.026665878085301468,0.08349626444218071,0.002684177996582607,0.0034387332855882087,0.005835993292836415,0.03556741131985769,0.04462114682291711,0.011053753795017328,0.03301217176674958,0.014592504641494537,0.0018331051826731047,0.0005573253421663014,0.01686440752521174,0.06783096122874446,0.01947768495128335,0.06299403925098787,0.0006693894363865017,0.02085796290132125,0.012577495043851432,0.023209876482609058,0.02754477157839087,0.009029661434275622,0.0016586931675598043,2.1654955050222794e-09,0.0007252505905632018,0.0004743511387177012,0.0016502142732492042,6.27785134410302e-06,0.003510106105907209,0.005522708336611114,0.032648151050224186,0.09211213675194964,0.013979817491915536,0.0008156593584415021,0.006387074515865916,0.011931556815407732,0.01954624078547785,1.8928118939265178e-05,0.0010848571414286028,0.022752818919933557,0.05023259422903342,0.016972444679319843,0.002199148688996006,0.025850678358788466,0.010656154612471528,0.040853736128281005,0.020299317183349753
314,0.06328405766719025,0.05272355997473003,0.039868701349691796,0.03398038018056458,0.027095426978656065,0.000809338596760402,0.025801478562545863,0.0014279975532480035,4.266054342174467e-05,0.0014994208524560036,0.14746164758518865,0.006222312713799516,1.4207177518935667e-06,0.005444732284180913,0.023630071429527458,0.018273967947229644,0.02048731633316835,0.010171839123773025,0.0014278145687682034,0.021592478145257152,1.2994385251922406e-07,0.0045400224820845115,0.005611081460374614,5.713064124220654e-07,0.0005961871452624014,0.030680612596485277,0.03274836035698158,0.033162041603771786,0.06790728903853387,0.014961221649959437,0.006359101440801916,0.007044898435115617,0.005169689485120013,0.0035811569789560085,0.0005647203833606014,0.015449778958522339,0.14184179524471913,0.0022743195520421055,0.0043263093567088105,0.01929156380855895,0.00040961346098840096,0.022821715861106356,0.0013689902445169033,0.000830175586428002,0.0018473571243592046,0.014317140574940435,0.054155719391079035,0.000800407764766302,0.0030728412923816074,0.0030185643639004073
315,0.000861791225684102,0.028379546486369766,9.349842432922774e-06,0.06188165740468114,0.004815300195029611,0.06624961939768816,0.04847859439995121,0.041616422356605495,0.032578656926651475,0.004711036280745312,0.0007834745630161019,0.027598688690682365,0.03870279724859989,0.0070151649890951165,0.0018212119555051044,0.003562401043136108,0.0007121131171696016,0.043765969787981605,0.011291123603753625,0.05266673222339523,0.010553704813026124,0.028207939229961267,0.06680205098088275,0.004966809763616111,0.007287499203469118,0.01731395628158654,0.03474276661980198,0.03170022885479078,0.004090830648507109,0.0023240222927061053,0.02293339978659705,3.904240340146723e-05,0.07774048095218979,0.034559917379606786,0.0016968311625886038,0.0027873283539061066,0.06863080883188986,0.00439408917206121,0.002583799678879306,0.03211598924974158,0.003513978820024108,0.007174530412500316,0.011806165549071528,0.006525263809598315,0.003966954854460809,0.001955268903280405,0.013897727995486333,0.00895023604302122,0.00885223440346532,0.0003844918117081009
316,0.10588361999198072,0.0452228492572425,0.10393701433080073,0.009403425587737319,0.020919435618762444,0.0050901648542979105,0.0011825178309796025,0.0009389417581487019,0.011688827281688824,0.0004368257979501009,0.07444592109052685,0.0025917823376863055,0.02296271243104725,0.010299735878409523,0.002584922020313406,0.006817072141216515,0.00046099312172880096,0.0010010563678402023,0.00484350012217881,0.026696823122693256,0.00010620050014170022,0.0023972498504967053,0.0020181479314563045,0.010754075574388122,0.016561942132896135,0.002924194866955206,0.05394334215248961,0.0003991825636800009,0.0005420742263009012,0.04188875823775399,0.0473597010360272,0.045131653921330894,0.007429571533121516,0.0022045513668411047,1.5230320614255109e-09,0.013432566194481228,0.08078344591303456,0.0001395257301494003,0.0013674983065638027,0.011847582261625324,0.059786304526887823,0.03393514808144977,0.013391144032053628,0.00025517069778340054,0.0075504908696817155,0.0011441674623021024,0.03391139680695307,0.03673686885668358,0.00026077437874440055,0.014389127521464729
317,0.04706137793687251,0.02647492679534476,0.043306504236098504,0.03341825098570277,0.0049329082637314114,0.012444402767162329,0.05023267848373052,0.11100207947823457,0.000834300284639702,0.0027074593900943064,0.015946762343570037,0.005612074603257213,0.0008903177307964021,0.07815131237395298,0.0006482137314069015,0.001285441587429803,0.027041997085112363,0.010838447502920826,0.00048670912344030116,0.0023003370951331053,0.007139284890234616,0.019961563963973146,0.0004010321692209009,0.00402538650263801,0.023547122827530957,0.0013031078932437031,0.003813598380935809,0.0003371273337380008,0.0010708058661528027,0.09750320636465692,0.0016475767261291039,0.02173618978489115,0.009020232373168522,6.63001090841971e-05,0.03714393441200668,0.004444392359731711,0.03617808385104698,0.019684855099812746,0.005814488941090714,0.005581516389964813,0.0015538569928788036,0.005471137697992513,0.011544706358308128,0.0002970323424589007,0.035653141557008786,0.026878944160004463,0.0028407551649059066,0.08027158133737758,0.03869129971229069,0.02076123663889145
318,0.0032223271134295063,0.028078040243624754,0.006727439937315914,0.003543098363291507,0.000495684025283601,0.005710098956319512,0.005948484988271112,0.07048301575186385,0.015486594912755232,0.02945657308934916,0.004025458544402008,0.05189749205737831,0.022246006670441246,4.642313566249334e-05,0.0021099166291766044,0.018197236589259733,0.03318496913404457,0.02661521394712225,0.008630450010705018,0.06606191619508744,1.43990875733971e-05,0.06820991465257994,0.10674733036903081,0.0003967577268581008,0.001994905570019304,0.007411220126215715,0.00918817868122342,0.00517952630604381,0.027355553599780154,0.02356360550603275,0.0021326037179435044,0.039550659244290874,6.349343734630403e-05,0.07169263702429744,0.00011578660076300023,0.0048759082678541095,0.04352420910399409,0.01461236709842693,0.026747091979238753,0.03037639485445546,0.0018026260986886036,0.002673259039771805,0.0033442053647560065,0.04389247227850509,0.0036631508182960073,0.0486811535668124,0.0003225317651119006,0.0007133046240431014,0.00024227140584750048,0.008746041789415817
319,0.0388726577573023,0.009809471112874226,1.8326312566037849e-07,0.0032204089153048086,0.03013329829676608,0.003115924611552908,7.272476942305712e-05,0.005772989807803815,0.0033089044525884087,2.120744993836554e-05,0.004778019804494813,0.025090874956953967,0.02234690932020276,0.036483855782310594,0.013330990868566935,0.0007978827047099022,0.0008879316914171024,0.01938007780552725,0.056155426385277554,0.0065145483754658175,0.04181273724316961,0.005944921479899816,0.02209076640453166,0.024615307639159065,0.022829690480250263,0.0797116500011947,0.014384607230423438,0.0010232357278412028,0.05310908416371524,0.006397756575791918,0.0005850872953058015,0.039542326884186504,0.0006565314356836017,0.11231876866528731,0.00023057928598870062,0.004164602496956211,0.04116191995773561,0.012752450402295435,0.0006491389990998018,0.0002255661825696006,0.05657434999752365,0.015796851455794642,0.05796236507380205,0.0035617463469023096,0.00029185609161800074,0.0738615401806593,0.0012841108021230034,0.004797662891250213,0.018920185032088553,0.002648315445546507
320,0.03476137417688249,0.040980012538022706,0.0031475614592435083,0.009064695447049322,0.09365402688745714,0.017306022676069847,0.014438784981506136,0.022193032349838156,0.00020670162611730053,0.051973553300657435,0.0016964081980146044,0.0021188504570741054,0.04387439572311611,0.004427106694514811,0.06717210661156246,0.00047053626246730117,0.017860262663868545,0.004290492552743112,7.860633657864844e-05,0.0015965770858323042,0.010255794984768826,0.001922048802829805,0.004350567622780611,0.03091721443466578,0.0028433045656935073,0.017361287128545344,0.0008608324798438021,0.002650929700411507,0.0060335195391203154,0.004592701398071812,0.0013621962593574034,0.10351017963357616,0.0014678787001773037,0.031659883235768384,0.00024478240745900065,0.0376684163700727,0.017686084924761446,0.06760868522085087,0.0005746573266024015,0.01692994525781664,0.01940388508471035,4.248749585009559e-05,0.001618437307190004,0.00025906984500670063,0.0382278869723452,0.06591337676731386,0.04935946114871693,0.020602850623804653,0.012759830997531833,6.957357407751485e-07
321,0.03549442373854388,0.0023386715936067055,0.004154904170926409,0.0006192533701302014,0.011835379589456328,0.021619589882104853,0.007250615764499116,0.0018893007141575044,0.042945356166967194,0.007266349596227817,0.002249200913331205,5.029019316083184e-05,0.01251048745905053,0.00040143207951590093,0.09262471181779212,0.0010802763503513027,0.01781714642391394,0.04827877265186671,2.6414948482918867e-06,0.0002129638408436005,0.19918694413715918,0.009073250072726621,0.0013963216214463033,0.003854013039674809,0.07615938978273049,0.00797657236626222,0.0018885563887514043,0.026673508936867762,0.014942228773731935,0.0027013372882331065,0.043044852553693995,0.06155666891100264,0.0064419060040240145,0.09578232837358622,0.003513641176496608,6.605057800104434e-05,0.016702044234247537,0.009765357145910423,0.00834847834507882,0.0016533298366702039,0.024255171491066756,0.009478873497839723,0.001954397893330105,0.006721524020860516,0.012158228077925128,0.0024254831862018057,0.02619355442438766,0.00874918954381932,0.0016150325494104036,0.005079997937568712
322,0.0033936845534473076,0.0029552016579125068,0.000422395865098901,0.01259303801189093,0.0007334539733672017,0.0003980583654021009,0.00896705801547782,0.0010390112744203023,0.010271819224855724,0.0001318473153587003,0.1272051100682026,1.2766155896297786e-05,0.00016156914268840037,9.320822898807105e-05,0.014043160398793032,0.0003640386304317009,0.0028268261091037067,0.011461609654202426,0.002045167168401205,0.00032131739989810074,1.2234224642854001e-05,1.938801898840925e-06,0.07316297250152366,0.01733256635525844,0.14920772150483577,0.00013402589918020031,0.015289319797559337,0.001342885472298003,0.00014365258284270032,0.006196923707094815,0.022970621113987053,0.002649139680823906,0.007764537040196418,0.0403716606973233,0.005137260691429412,0.00016213216993790037,0.06896938362727686,0.031946042718898573,0.020179656695640848,0.00023772622283630055,0.00028241892896060066,0.03931843761499409,0.0415220766556638,0.009994041740903523,0.059055200531482235,2.634532382387412e-05,0.03029809494055467,0.0002476996039374006,0.15416602272753105,0.002436919212826606
323,0.05668573163691341,0.08320026462471275,0.063985810923635,0.03559816648213366,0.04986622138488129,0.00573295847185011,0.006644794066200212,0.012877971004776922,0.01709156255899183,0.033303868060827566,0.0001610449802660003,4.36199502409068e-07,0.1209940752096469,0.007158745839131413,0.02088902879390784,0.046361039299539386,0.0005787301527409009,0.008995135391601216,0.04150641804643878,0.00024391449330420044,0.012806515795562922,0.0006404062757088011,0.0030155537539670054,0.017844717192142333,0.007531549621479713,0.03153852682161896,0.03173942232123206,0.0008024225965473014,0.0530430383152809,5.033945709824037e-05,0.004433853115927908,0.0025564191123104043,0.02831372792315395,0.014151462758134723,0.032329676957843154,0.001573830418992903,0.044672640035044474,0.024663836238435544,0.0007545026226217013,5.647055352955392e-05,0.004620838950671407,0.01644493082970313,0.0023480515436936043,0.019956948956691634,0.0018481521537412032,0.005912191507736811,0.023491633269152542,4.0722251334022246e-05,1.6376122369314064e-05,0.0009253249072717016
324,0.12903905568824606,0.00036063437571090095,0.005937727482782417,0.0043211296275063125,0.01835106306416545,0.0053355867601532145,0.008136332383492723,0.00031213910616420087,0.002540335695290107,0.0034119080421404096,0.016455467866010647,0.08163907639472642,0.0007720681707502022,0.0009098241814004025,0.012975022565637036,0.019790580062090855,0.11731481749310302,0.01098735870294973,0.00358232582415061,0.0001091713950418003,0.006074851932123417,0.006692473427470618,0.03975310940116621,0.0382179869883517,0.004854705164378214,0.0018178059467753049,0.0026356827486873073,0.027819099659973076,0.04356085532951942,0.0008893075962734025,0.03772566231252181,0.026710343828721873,0.008665302340836924,0.0013336653778313037,0.01413478571406464,0.008553419882791425,0.023101008251893162,0.010102062936858027,0.037688477624550604,0.046019919492581024,1.9118423083899805e-05,0.00714498279488332,0.013427969627397637,0.03206344328693629,1.8424765010160747e-06,0.030604643188051284,0.008808061431658624,0.003232164820256709,0.021732279361571558,0.054333343750777856
325,0.27977315426188404,0.000944341006339902,0.016960331108151937,0.009526861878502721,0.01854335455042394,0.0009279618886286021,0.030156776156267565,0.00902013389821632,0.009020481826603421,0.011608911463276026,0.0013166584915262028,6.0360938086110166e-05,0.0016723250525792037,0.005785345736581113,0.05349552273666562,0.011277110983523825,0.003050449688391607,9.387960137115977e-05,2.787425902649894e-05,0.002660869435782106,0.03109164148294627,0.008031872491999718,0.00413089797737291,0.011481756568354626,0.0020322069751656045,0.022705784974546752,0.012317233414200728,0.005147231899291911,0.001343300692797403,0.0859574676075086,0.03972152175014319,0.00469499815404871,0.0430333395410024,0.001381902500282703,0.0015975152378294034,0.02681762593971766,0.001867792739683704,0.02593034475558436,0.006213240737640814,0.005957547449475913,0.003062281857371907,0.014195071396789532,0.05443013801547262,0.025669583417814956,0.0037550660773074084,0.05250424212229962,0.023899417581968452,0.002085278162394005,0.012121285337258128,0.0008997081799021019
326,0.006243907141661013,0.03828191628695928,0.000454062450729301,0.011462065541212124,0.005664528591892512,0.0034226894383640074,0.02904864757587296,0.005507738054558211,0.026547767819714355,0.002820060516000206,0.10286626134318802,0.038118598640053784,0.003908625534341609,0.021256879345527946,0.008848311779668019,2.420249381036873e-05,0.0036288301539026077,0.02281650391792305,0.0047545486726896105,0.013292575325591327,0.011606409345860724,0.0025100296310878053,0.05829930968131183,0.0035588420930637073,0.07366251274124665,0.005658725250090512,0.00011470936187210024,0.010214363919148721,0.002501351726782305,0.00040322821888430087,0.015702805616788936,0.0008191763379402018,0.01875441953855054,0.05157929266256741,0.01733808691168614,0.10497887374650182,0.029785600646536764,0.017751230307126938,0.01409342680324613,0.00029984355838860065,0.016331260308863435,0.018282262335327638,0.009775137720990021,0.06001774301113993,0.026724813830517155,0.024903053118736453,0.015761452201569534,0.005428481937562111,0.03320943838878897,0.000965398424162202
327,0.029983057213515154,0.03423540018046576,0.004562091097689808,0.025568780207585948,0.004635324181436809,0.01939830015431664,0.003606059979912007,0.01533492024815873,0.03341513582010906,0.0006093078255451012,0.00040845743308510075,0.0026261725123833046,0.07441764785639024,0.04960095202880269,0.009216602200329018,0.02145861833782784,0.007731284571587714,0.053994531787058306,0.01648533940176973,0.03660229911377897,0.00014840072555450027,0.019886536403447737,0.005087438841403709,0.012032653146864823,0.04870189813667229,0.006374021180311412,0.04014963734528808,0.0003276149421098006,0.028093826050229153,0.009709433005584718,0.04062946822028288,0.06385329248291312,0.0012566427835945023,0.01630054871313863,0.015534427974670029,0.001023213969666602,3.246437476876436e-05,0.002513198244950905,0.017904614177765534,0.00542937425559291,0.03810488275831367,0.023675766392786946,0.02724038914454005,0.012759232642393424,0.005329471874831211,0.0014263161635876026,0.0002443437668447005,0.023002293042159044,0.08840494720785827,0.0009333698801271017
328,0.007640685849354318,0.0037125571530734086,0.00447198518210371,0.008012888848600418,0.054229931202908824,0.00015099480193710036,0.07148577123656727,0.001260337962430303,0.002574973727696106,0.0005750152642036013,0.05485974952829103,0.00040326486804140093,0.013956814785234233,0.040360251796452196,0.07857497800653528,0.023694302514570654,0.014892180823537935,0.0433932520552076,0.025420893026962058,0.0008141755402854019,0.0027747950623360066,0.0018357099740073043,0.02030676927619625,0.029842592122701968,0.0006239869282370015,0.005005480807144211,0.00881045462571702,0.006259179114924715,6.1711364331883e-07,0.012647138368938729,6.20220482538468e-05,3.444617632006955e-05,0.007444195791918717,0.01619840882756454,0.00018766690663790043,0.020304846353241347,0.004766919540665811,0.02990106482432417,0.011986710914551028,0.10967498260374485,0.07995303989584998,0.006583957677906215,0.0019523711640533046,0.010413495369525225,0.0015256408666849035,0.09987322038124843,0.019455214068820344,0.0027672902634157063,0.003704827662652809,0.034617951094781586
329,0.14988855206327797,0.004670860628371011,0.009772249052765424,0.022850284936034755,0.025048681838702763,0.03712599394268009,0.002431845458342206,0.026463347072462867,0.0004863312087327012,0.0066557316882754165,0.0023639864542653057,0.022878730996386255,2.2454585330403425e-05,0.00017809371090180044,0.010039698199977725,0.006377847911758216,0.02057800726352825,0.018058576960965245,0.02610079048357346,0.0007018898133498017,0.013460611057834634,0.0019881296507702046,0.06319910815938286,0.0055557413473860135,8.668908316872701e-05,0.0007305546706402017,0.014799094965834137,0.027595153800869465,0.0035066692467152086,0.014158167714766535,0.006910987991966916,0.000395554107576801,0.0023484168826892055,0.00037770164612260093,0.0011306663542460028,0.014644325598694836,0.0005945500077980014,0.0009599143009111024,0.001669209195518304,0.004376491629341911,0.2578969393522836,4.2082971316025215e-06,1.4053701168446957e-05,0.05777923852856984,0.017959508779821644,0.023643587653330158,0.037355401008919493,0.00853828569093392,0.009642425495306525,0.01598465981061974
330,0.0001255405807296003,0.0023828015151232057,0.022029244117650157,0.0879392441541075,0.023148476239562055,0.00045556236980690115,0.005134199811246612,0.002201301317575505,0.001224368923902603,0.0006083958706570015,0.13627061159912512,0.0014997705682397037,0.042454431706626605,0.00032082651467060076,0.0028709741887075067,0.0020834149712627053,0.01260181560180653,0.030724369544146278,0.0009590073626299023,0.13077470586677303,0.0057802782832517136,0.0004495500938182011,0.004672711823548811,0.00016080512079150037,0.017872935408033044,0.0004867442175681012,4.249077034262245e-05,0.08540255554310971,0.04790888782210752,0.00022541608645180054,0.00030697820048290075,0.05615971866203474,0.03458794305392338,0.0013895004055280034,0.022369379354203456,4.2966700658635354e-05,0.017103720974665743,0.011439825242422227,0.003368687729093908,0.05410502231014553,7.525432202877883e-05,0.033038658502016385,0.027046424676824065,0.0008124056996072019,0.006049411153382415,8.794237699072475e-05,0.0003700805416126009,0.01660518053718124,0.0018678014170480045,0.04436166014677811
331,0.1299705467208095,0.032253276245989566,0.08865039813430299,0.01877081998636134,0.0467194425698103,0.02658742658366206,0.0026142156761211057,0.0070481345173058155,0.012836688230047627,0.0015552778139619034,0.010642949293873024,0.005586986562668112,0.0034671622860645078,3.8800552733138666e-05,0.0033272554255589074,0.016024467155665734,0.06231821385100144,0.04916013165939601,0.015665200763363033,0.03085766116011117,0.015453716921015735,0.0002602616641875006,0.0015787625780972034,0.03523026863728198,0.01819045908709254,0.01743747292267374,0.00024217383605170054,0.002070492457294005,0.047534620123669706,2.7644483379625384e-05,0.055036550805754425,1.1971492354140376e-05,0.0010426429453852023,0.0005498482997770012,0.01651771802348484,0.002750687674796006,0.00467050964760161,0.002518320767921406,0.003507026527362808,0.006927782658006216,0.027885472093364363,0.01737762330819984,0.0003273834629787007,0.017236582833138437,0.08069479287258928,8.341530968484393e-05,0.0016942340643380036,0.0012925138078037027,0.055293315168152626,0.002460680337755606
332,0.07069973559196281,0.014512198993944743,0.05990924226111608,0.009240420441836428,0.0023385923427666068,0.044153415521706534,0.0008090269373512024,0.022673891966389668,0.02952914964896919,0.001005604514881603,0.05958492906916528,0.011018766643796033,0.005112075847202515,0.0009310361040873028,0.0012673724942875038,0.006202822474698018,0.006002168891472718,1.0405400972461672e-08,0.0002548294271705008,0.0034597290573310105,0.007918029844545524,0.0010568517198169033,0.00655114013103162,0.011329629754248135,0.007710941245066523,0.06788324517007222,0.043524648753133034,0.0019112933202128056,0.009404224867122528,0.0029397220034926086,0.019060766781471256,0.02298405551516407,0.09736997916446309,0.049429698188173145,0.00026209011529210077,0.00961756428048343,0.004166428236665112,0.004022145304847812,0.01315527204058534,0.008456394582033426,0.006846462345793121,0.004664609636471614,0.009103159172857528,0.005538599390681716,0.01963442972123106,1.9452358601626017e-05,0.06923595864086651,0.02670806859858818,0.0004295454331506013,0.12036057504830076
333,0.02512297174208415,0.013410763942441527,0.026087082513738848,0.04501403181284838,0.015690420859824833,0.023401553965422046,0.041940078078777476,5.9896954149178453e-05,0.024553294051515843,0.026516009942378148,0.017851981088264135,0.06617682933297432,0.003319980066764606,8.254540228750316e-05,0.07468262427064525,0.0018004581478351035,0.0011928787205670022,0.001624640892442003,0.03289879287056916,0.010503552724339919,0.0029384961010997055,0.01553326678427883,5.605131812590731e-06,0.000517013286752101,0.0035001050590566067,0.020136341036896137,0.008080047655858315,0.03839873879126157,0.013716437319524226,0.012670827146453924,0.014121874118027726,0.007899600939702316,0.00014013366942350027,0.0026295419925259048,0.0021964147017150045,0.034744505303668065,0.007140553405456214,0.039676356404722876,0.07234006297292243,0.014280045471544428,0.02557729241040195,0.019146092913785936,0.028980388967464254,0.01001752669479902,0.013941932260286626,0.004721899200732809,0.05989101677110141,0.008474934427624316,0.06638219498236582,0.0002703666988658005
334,0.05796813006841255,0.031472451515787786,0.01473014101784684,0.05924000523338756,0.029254739116942877,1.6879842678073963e-05,0.018570386884211948,0.027583122187503074,0.007159532625796719,0.010329259299649628,0.024842209267990266,0.021896349651203458,0.03397169356127129,0.10070459205264426,0.004175379585297411,0.01120448555540593,0.030402174157704978,0.011248177471239329,0.038056826677504305,0.00753813894518312,0.0030122937870042084,0.006247890448067317,0.05133344326079724,0.0017659026148327047,0.07365016269889649,0.0012168116608847032,0.05165486984809494,0.001485138329522204,0.0024590274733339067,5.523619707805739e-05,0.006140248597120516,0.03302834357939249,0.000373380168648401,0.007185581888890919,0.0012796675765238035,0.028251819210123676,1.3907777076540507e-06,0.0005074431544704013,0.00031784924479390085,0.05886235449274796,2.4466415986986894e-06,0.03311222226447669,0.028290386024365576,0.0032443080976920086,0.0352516115453978,0.0012639482825156036,0.00016041081615330042,0.006738771815482718,1.1264875916733592e-05,0.022731099909808258
335,0.025968154504923156,0.049778825395891006,0.0473377570295154,0.26490456981729166,0.03685893722506357,0.0006040738314700013,0.0002269677753769005,0.01363127146628923,0.0026134920541244057,0.003193087472358207,0.0005386873757874011,0.029965047510866764,0.03023393114483486,0.08164815332240717,0.049394342606925004,2.5818722916174418e-05,0.01384081861967083,0.00046539632318670095,0.006708770655836514,0.003896846372963608,0.00042876831408400094,0.008394173578834117,0.00010220098502510021,7.310957105922953e-06,0.002818356384062006,0.02713831233281546,0.009033591876593219,0.002467968673479205,0.0003997074586369009,0.008302917249595917,0.010544933959470022,0.03256246639982507,0.031237520167435966,0.006238215049704013,0.0024345348744182053,0.014469740934322732,0.0037227531756827076,0.03403459191501287,2.1741547372328105e-05,0.006746437039806114,0.0017981103528456038,0.03695216645775488,0.007095902488112114,0.05398090300159261,0.007387466309861016,0.01848517982912094,0.00997762759958312,0.0006888382736821014,0.0005688193695865012,0.00012379421688060027
336,0.003874607993341809,0.06609079825481065,0.02262494577961585,0.0048798924284337115,0.04551120004557391,0.00045012934665370104,0.0034143220873513076,0.015175498487268435,0.05099935381074392,0.053124595963821124,0.014438044563940633,0.0028033303577107067,0.010225324480059124,0.001346555209719603,0.02674770135951156,0.00036707932829470086,0.007854603212668919,0.010953908405760226,0.017330025098720243,0.0007544112891134017,0.0027042496502390065,0.013956854307451833,0.015031747925173035,0.00811257886038592,0.0003181893337916008,0.06938351981809847,0.01741599951360424,0.043488585610905205,0.016067295777120637,0.015304939147213337,0.0002130232509123005,0.007372026565339617,0.003324934989000208,6.255459045225343e-05,0.015939670793773838,0.02466600544614216,0.0007961812371167019,0.06972205096322656,0.009630794015912223,0.049257624414650016,0.031073483815675672,0.02518967562161946,0.0005860161114349014,0.00032143017628280074,0.014867105299401735,0.0005862754055238014,0.035592489754971285,0.05903284269594424,0.017398690514304843,0.07361683689121847
337,0.012332960462923127,0.012110782902563628,0.00041765316114580095,0.014809946964826534,0.0021218774205316046,0.0003178755622791007,0.0009413263128042021,0.06743927437260396,0.0028991882614185067,0.012596728580415929,0.0025411889374280057,0.016407096409580837,0.059008846559047035,0.036698340194741885,0.028309905423345064,0.0006972167329230015,0.03263967535299827,0.0006375997124837014,0.058523170378913233,0.014804381739275632,0.00450563054128381,0.03571375454373848,0.0066873100305868145,6.261845556740832e-07,0.05010690099231381,0.006826029203847715,0.015813612533732535,0.00032422434013090073,0.02328902090846015,0.00015629149038420034,0.00011422588408100026,0.058636123628045135,0.05146027202216461,0.003598632057178208,0.01353694902737683,0.016135761691403936,0.09968067591997162,0.02641328397153286,0.026524767998489757,0.00015987107998220035,0.006601127820157515,0.02584160781866686,0.003556289260215108,0.030316003036651665,0.0056356994369607125,0.00449209777476041,0.020027137320562445,0.009651333676532021,0.07610491034282046,0.001834794021163304
338,0.012562594640724125,0.013057976431012024,0.00023322040541570043,0.0519377904521052,0.00519040372913131,0.02807928144377475,0.004749778772644109,0.018034074292397936,0.0008941046020195017,0.0002495834980972005,0.002909479270444306,0.03280279297385246,0.003583519738639907,0.001048186179564202,0.009316258770966417,0.050231028715515394,0.028641561104430655,0.005523694611017211,0.006041133098261611,0.030119939035026657,0.03999420600860978,0.02723178530333525,0.023504482383555545,0.03954802440894658,0.033718456057148065,0.025175926208117348,6.632487986348059e-05,0.00572419533657441,0.04044639056500528,0.023161426653136044,0.0006212855998386012,0.033854937489520766,6.936870664001949e-05,0.030198809834513257,0.003745125620133907,0.03878621441733398,0.006584407401839312,2.505681255740733e-05,0.07418852917171594,0.011448258448862521,0.007923631423399816,0.013588653349406525,0.01052224532091812,0.04480226688866648,0.027655284381406353,0.018354003809650334,0.03556129536482337,0.03842843426967227,0.029917922881898755,0.00994664923786982
339,0.017107754217140052,0.06645107121252629,0.02995960187136309,0.03866222156115312,0.04437550019531873,0.04177587186138473,0.020278999785660563,0.006188157576043618,0.005186080993037115,0.035515256095536504,0.02438898802961347,0.04216567090908423,0.020310393773601162,0.002076181485250206,0.05828267188704948,0.007708665154631824,2.303675593445824e-05,0.00011204965188540034,0.017595562391747054,0.003100170536944309,0.04316042935877553,0.04026247226456922,0.07127847828241651,0.039739694753303315,0.0008297547512534025,0.0024154155358098073,0.003554717967452111,0.002360978795222507,0.02619189450464778,0.002441877219664907,0.035079039817595206,0.015491505824179047,0.027329892200686084,0.07696872192080034,0.0015912617563768048,0.004353062413176013,8.002088486096555e-06,0.002056482473979106,0.008293724156013925,0.010289649270225432,0.006214128203018018,0.014142256894574542,0.013715721236059741,0.028769660852170587,0.007270857584665522,0.001293175577280304,0.002636367554519408,0.00331454862439001,0.024365570315719173,0.00331675185806461
340,0.01870601890635894,0.05837413898212003,0.07454361469825296,0.053736230484926116,0.06574089343145505,0.004639717378506111,0.004098223670976709,0.0006054537906548013,0.07445384492728037,0.00019894904415610043,0.008201353875303418,0.014932308503482233,0.00015684916141600036,0.024355689530117956,0.011051010268752924,0.0075923957631698165,0.0930649125110987,0.01402376480742273,0.003995780355597008,0.06991139501934485,0.007039126275016716,0.0004893798028713011,0.009150116018087321,5.913528056453086e-06,0.12078385140785086,0.003704615825524208,0.011024064401879224,0.0011250404391772025,0.005745813829058813,0.06240428204473124,0.017774956189075437,0.002059349518397705,0.01296192863499753,0.009895844732405323,0.0010220706564278022,0.003667450817189308,0.008670849384585719,0.017823519470476338,0.006075564128509314,0.0038903465659747088,0.00864667669714812,0.00039984662192570086,0.01660710895203104,2.3872767508676037e-05,0.00015026658120170032,0.010411921722062222,0.00441860540055681,0.013560752517466329,0.016279381342380633,0.02180493861703325
341,0.0016184506313311037,0.001670923572749004,0.04877566111757501,0.033080008802596976,0.019406581540130145,0.00418306311447861,0.06769936022342166,0.0015968095953663036,0.001180121317926603,0.0014348638475012033,0.11661911380894358,0.009145226725590821,0.041144464513082894,2.844797538553698e-07,0.0002656797916176006,0.011502262691085325,0.0011806873641417028,0.0053986897935700134,0.0034105157246374076,0.02252038042783265,0.02060479452780295,0.04815815598072031,4.3902911059915044e-05,0.0074958283067376175,0.05376851111871892,0.07946747860392309,0.025028976213051758,0.028854809121451767,0.005084023076111812,0.0031782375957337076,0.01702154045769884,0.019187643421696345,0.07441133416446168,0.02074515858870345,0.01814750284517964,0.0008834215991533021,3.3485504697670844e-05,0.002304077173973705,0.014995159414433334,0.00827393426151442,0.000880229588304002,0.009659553671599522,0.0007156032698255017,0.0028530551977210064,0.05031745973859912,0.03387829011772998,0.03857238694393389,0.019812601307260744,0.0031465698925941072,0.0006431263022755016
342,0.05997496760089261,0.014055103851497126,0.03634573347331497,0.023177134678816547,0.02833369803442345,0.01133889147330862,0.07374634104333404,0.007319458741342814,0.0032304937521244062,0.02565708360120425,0.01946156443130314,0.04700476280278349,0.023531452280090445,0.00496577358783941,0.006813858512503413,0.0016738965393378032,0.007439429692295214,0.012061634079132022,0.028151785695097853,0.020115846677897137,0.00047283375454270087,0.0500780873141616,6.825870375799792e-05,0.025189487014934047,0.000998221079889202,0.002607109894530605,0.1019373180874883,0.009619763916468117,0.013907999241164827,0.0008415330338833016,0.009718214901327418,0.000532204850949401,0.008114148048877716,0.00540363793551161,0.02136105673840484,0.05985594854572191,0.0037453906998639068,0.012198938689713822,0.1054049041101751,7.700445749836394e-05,0.01670301584424673,0.04626921575463419,0.0015331147688133029,0.0024679299887776047,0.009333040932335617,0.013180268720875524,0.00490613019372501,0.0028663343568268054,0.005746890356580912,0.010463087515780518
343,0.05080510826501959,0.009856079778687417,0.0030961396230163056,0.0027009362277735046,0.00048405008777980087,0.020433308771866235,0.007257828275466313,0.0009070429351585016,0.03931852689584067,0.004616601842416208,0.018660961124450134,0.013296075752829924,0.0002599637002107005,0.0012935392041443024,5.81345137694463e-05,9.462478517441144e-05,0.00012997885632010025,0.010017216743510018,0.04570017667311568,6.510577256956404e-05,0.014851441991448826,0.001039354998982202,0.1126783604248343,0.00019078534704060034,0.02195965159992544,0.01161250059857722,0.00031124447836060055,0.06777175664724833,0.07674765196764374,0.02876076314169745,0.0005662329624871009,0.012004699730911521,0.015619014962660528,0.012623506038243523,0.060424265173426805,0.02436710326234364,0.00015492558669910028,0.03429050259214126,0.0019766190038858033,0.0052083314420168095,0.009109182385407715,0.012992712769512122,0.018596704157379434,0.016585822118187626,0.03356495907806036,0.12198984695241533,0.0018435510274146033,0.05027365953606239,0.0008107844061551015,0.0020226657897117035
344,0.021056782225462253,0.0420602934220984,0.038663154846317896,0.0014375242159239035,0.00034437312622380087,0.010623508846318826,0.03632143281613819,0.06131683884173035,0.0022920201789578057,0.022209706251948756,0.00045868303270390115,0.04660194280597951,0.0018682440480133045,0.012449528556626932,0.022062482991998155,0.003816078321662909,0.002006542632528705,0.01235250809029183,0.018938443061846943,0.04439125870273351,0.014039019313021135,0.0027100107787245064,0.010471444966692826,0.00839073246759762,0.007722130797148419,0.0013239056853786033,0.010760288914114525,0.018014292402333845,0.00022830356490120056,0.005586854621790714,0.0019350525151153048,0.000407330408571601,0.02891618308215687,0.031137077540116177,0.01272642736856773,0.01938889282642855,0.0007290954159863017,0.01696972779396174,0.002480531098825606,0.16341900898301398,0.10595521612128667,0.008189669702906221,0.00019719662136330048,0.006437132692889315,0.00859776579444922,0.04539289109933801,0.014476729381212135,0.0007031756518109017,0.00031220363180340077,0.05111036174298773
345,0.013588956371229224,0.00041900613562760076,0.03848076380481047,0.0013142179554276024,0.003179572871605206,0.010727528726531118,0.030285066432362055,0.00010040890487610017,0.00030788318369080053,0.03205755194364995,0.07401033548629883,0.01606496003624243,0.03619526599289286,3.4572438303677856e-06,0.005342027685834409,0.0027024049780227048,0.01854635410052103,0.015536452360765127,0.0037805134722602063,0.020010537028893435,0.003031241953360505,0.10298504623060868,0.045195896412529586,0.002169016383396804,0.018198864992619832,0.0027155051970259047,0.021026863303488037,0.013512186154759223,0.003417062472263906,0.0018918329003283032,8.666437393378286e-06,0.0037612599115215066,6.451044425632519e-05,0.0006724541636132012,0.02847209850487865,0.007141766901932613,0.029309957892040953,5.175800033898905e-05,0.002602522683677605,0.009367144919658418,0.0542015004517232,0.015160408054387427,0.02868313674754675,0.004955094170844008,0.13329010676037895,0.08283720270290196,0.001098253351440402,0.030920478344743155,0.030571362656212457,3.353618475716043e-05
346,0.00993056344928682,0.0007943926555403016,0.019875263176744738,0.003885001552528708,0.03569368022192757,0.019675444118014737,9.650336545928833e-06,7.910817381653087e-05,0.02575760691885355,0.001520319184234203,0.011136725055904422,1.3135624935429325e-06,0.00026890836378600056,0.007786636190913016,0.023193343541854046,0.008199333403201116,0.0031502252443247067,0.0027483501854692056,0.034244002878379566,0.0011652203296262024,0.041574396843911586,0.02524146281133055,0.03346644998214817,0.043254970116819585,0.00011134819147550021,0.025190776068769953,0.0042527069700647084,0.027234766011588456,0.02603598282240145,0.0004095868936663008,0.008380818888779918,7.951807167834259e-05,0.050534146967539106,0.0004428425546024009,0.013318044355451525,0.1027569808430587,0.040885681775709684,0.015250717682102632,0.00971195198460482,0.0022338666733893045,0.006198055025023912,0.05362708572428711,0.08951189612967399,0.005847455852847612,0.00044152456863840085,0.020942111469123743,1.8497531823477397e-05,0.05667703183086731,0.0008045641454269017,0.08644967266974987
347,0.014183957643239929,0.025658433768492556,3.115967387415738e-05,0.03668376833234568,0.0013334349384134029,0.008804882544980418,0.008462968094671418,0.006915265801583215,8.78273074312699e-05,0.0015737470374626032,0.01417055951123713,0.007303556152670016,0.017874434517908436,0.09811211990131471,0.0013400113000089028,0.010446460337081923,0.002436243382800505,0.012975917820808628,0.008580109370706218,0.0045758016313586095,0.00467409769944921,0.030790980846661466,0.03010720319843086,3.987124746843286e-05,0.0002946569801202006,0.059444118235574724,0.02790080468075766,0.08178167663362117,0.007432618385459216,0.004806934010398811,0.0035580776498974074,0.007457063452031915,0.03736675046048948,0.02727501022687736,0.00026582879440910053,0.02272619458406465,0.09870991747008401,0.049241870380900304,0.02356294219713415,0.06088103078451703,0.0014780889698160031,0.007862406896743118,0.018574926424680838,0.002918540708628506,0.04275820161619589,0.0024860230790974052,0.008191344350992218,0.0449999292524738,0.010796675724853223,6.555598978203475e-05
348,0.021400970857533848,0.003088980028027007,0.0015258150137794034,0.010671260874316125,0.03721703616763329,0.01240958872981203,0.061684829272067344,0.0012284570017854028,0.018896652091867444,0.0004938433954301012,0.004956013225744111,0.0011309945919291027,0.004629352392898011,0.0015005055191150034,0.006760921580860915,0.0033634166753915076,0.0002067574276236005,0.23566762348841636,0.012690266195161429,0.0018846401620014044,0.005202749983418112,0.005782695591344814,0.013227452993132832,0.011798009892346327,0.027310181157435564,0.002072887673203005,0.014655839378283634,0.042831502273668394,0.015450815800972337,0.023875054488355456,0.006875316379272315,0.02955994006514107,0.017218900339218843,0.0015236445336834035,0.01279740746206593,0.0445406694790275,0.0018780952359669044,0.004666602204089812,0.022345929526729653,0.06699638356541936,0.003709501712424809,0.02941915894637007,0.014668120052922735,0.012469602148494529,0.005170549482775212,0.01288459649026153,0.014981937571202534,0.00014126058964830033,0.0411226283003142,0.053414641991417426
349,0.016343920427850035,0.015144875344577632,0.0025415129380190055,2.1739574342034313e-05,0.04060755050845049,0.0002621564924422006,0.0003475688798485008,0.0028785485904428065,6.679880842286123e-06,0.0003616713305260008,0.0005166917302778012,0.003178365386504007,0.000885362362059102,0.03938430128432669,0.010842999271655024,0.0003060276586047007,0.008674970823288719,0.010920174676950225,0.043783567928087394,0.035405803030761476,0.002673512164950306,0.004144880764902609,0.0001525576226329003,0.00028665347098870067,0.006153563945127914,0.019977374564261244,0.05906203340763743,0.07233222721136306,0.03666780536163968,1.1078681385143095e-05,0.025154805388193355,0.0008556691160095019,0.060195123441431235,0.0007424762879727016,0.024786936669746254,0.057031683698788124,0.0038891864200681085,0.009059608197807321,0.011698501317311226,0.0007196061221949017,0.08486006578125439,1.5454261578962108e-06,0.0010703108994501024,0.01312347313814943,0.010212387188053423,0.01665999673839734,0.15845895119029396,0.0034048164663448076,0.0005395287788528012,0.08365915241877787
350,0.008997109421103417,0.07242845482137684,0.003966379230872808,0.023238584305276446,0.020091700911412543,0.019799494849083537,2.872094211628551e-07,0.05556849724428821,0.002377300189829105,0.0013265007346111026,0.0032077224716132065,0.013717027588148228,0.06392551172132062,0.06366917482663882,0.02477016067699545,0.00012609326250490025,0.0033560193960625066,0.0002964632185873006,0.0018450408031984037,0.005504527848901111,3.8873777401661435e-05,0.014015538112473329,0.03174450257569196,0.0033244171834456064,0.021210161429283843,0.003105054437954506,0.022497290973383044,0.02396315727405645,0.003081684085303606,0.01640264213623533,0.005878728302576612,0.0018965252585196038,0.015243453717943532,0.004250268796446609,0.0499410374144028,0.022606624215690044,1.1222140543054301e-05,0.13180689654536615,0.000958029379046802,0.0021557220706737044,0.003834824718067008,0.002318792007996705,0.016546145485908433,0.013180986359616426,0.007387397877570615,2.3150019129250606e-05,0.044730231259313594,0.0036905577891292074,0.08112144782292467,0.06482258610266012
351,0.05504021634118361,0.12557702634798304,0.009337247202079018,0.0016108709466114033,0.01549871133940283,0.023365128422782443,0.000538270726856001,0.001988961116548704,0.006521966758618313,0.016931677110021335,0.010381149155899222,0.01976984895960244,0.07733978447871605,0.007423719290447815,0.008763487666845917,0.009400785949257619,0.008008199948827215,0.008290363785292817,0.0001516693539867003,0.0006532117318472013,0.005455071110846511,0.049720353443763396,8.603144047519687e-05,0.06647983163274054,0.007478204980210115,0.002078336506988504,0.002573582394749205,0.04354697795891359,0.011695048337547623,0.036913331591508974,0.0012270642800092024,0.005689865530802711,0.018253935873414437,6.838038080154894e-06,0.006839909586732814,0.06289816956165023,0.037096211901033974,0.00979756842818012,0.0021615672275254044,0.003799056740413308,0.016884912325173435,0.06746012499582003,0.06766696471139214,0.000492099228606301,0.002431840555404805,0.006691110615942213,0.0491810350971618,0.008438254272960617,3.54672510532016e-05,0.00032893774808990064
352,0.0001874818005274004,3.340972592469816e-06,0.00017630403492300038,0.14813539050177724,0.05221156487606332,0.00029374191613120066,0.0947156864938283,0.033631126522014575,0.010253965768858222,0.021421633861036248,0.05133231817067911,0.003928830991511409,0.049127568734790114,0.04205054489615479,0.005065920826587111,0.0003937694570078009,0.0077608538762138175,0.00010445763373430023,0.02151641004298675,0.0004928451600692011,0.0023132608361738053,0.006559191155405815,0.0028363409045195063,0.010428544976631322,0.00860596821526702,0.03551080037896088,0.0015700436803852034,0.010070477117501822,0.007897327667015317,0.025260081228392354,0.03963495130472339,0.02629692709996816,0.024233335992947854,0.027466177660080464,0.0004228852020197009,0.06506596496944644,0.0008147912062827019,0.0026088154570710056,0.022808945740152853,0.00434980441422771,0.0008438967742803019,0.04899926654431691,0.010841910201936625,0.005229819694801311,0.03127582896697857,0.0006992635944688015,0.029337815212144867,0.0007971252952930017,0.0025127333181535058,0.0019039486529664042
353,0.001383991669508203,0.007282889848011716,0.07599385423153687,0.048323841854333804,0.06308595278784214,0.025440765564312757,0.021247633053265047,0.002754872998888806,0.028968708692147564,0.011653636236984526,0.0010182371966639021,0.0865012332408401,0.010224032757268122,0.005953375858499013,0.042415904641258696,0.009067965377980521,0.020523625171516145,0.006507386737735515,0.0005068040553170011,0.004943175178746811,0.04194146349199979,3.850992197833614e-05,0.0006884842908018015,0.009945307810741523,0.02716382441570706,0.0002666496868651006,0.05756980188312112,0.006225020729620314,0.0024959674911642056,0.0008245711211295018,4.220144302939752e-05,0.0023335955191759053,0.001818945789326004,0.05253017387772222,0.0480078764878663,0.036850273044933386,0.007246032707626716,0.0044357649757979095,0.006835747872636415,0.0023185123949225053,0.003637927604828608,0.06617886928044855,0.03144370383874297,0.0006923864057054015,0.01330936869445403,0.057323591398209424,0.030366992159439766,0.0025080840842278056,0.0017855480668693038,0.00937691635825172
354,0.1376709289603322,0.10778461146385483,0.04045127978517339,0.1420040170003976,0.025092803515505156,0.04108296051925249,0.00034460137119370077,0.003130073827990207,0.033681399374953576,0.08740916200629169,0.019711711825544445,9.052654815405855e-06,0.006405272076998714,0.015048751186083334,0.0006275725294037014,0.0025991711178293057,0.00045537461320080104,0.0003157782480342007,6.138322439452398e-06,0.0006786360861621015,0.029711676693780366,0.07541589758331767,0.020756449705107444,0.000914457228384402,0.014812460505165033,0.0026012916524591058,0.009451555260672722,0.006479995216791615,0.0014983910711912033,0.002548983246640606,4.998201335125042e-05,0.00969539462184262,0.005783664421396113,0.005205193067840811,0.0026712243384147062,0.00013997056628100028,0.003136786534235307,0.004905158817561511,0.04080870643005259,0.00881489203268222,0.0038817282996282086,0.01715558889406214,0.00012377273724970027,0.0024014435540717053,0.020037939545344944,0.006867628488266016,0.00043798519089770097,0.020369284302840147,0.0020335813682304045,0.016779620126784637
355,0.0482989602931834,0.009903446215266223,0.002169676597367205,0.02287048337490145,0.007356515689728817,0.00018951656628570044,0.0016751173770213038,0.005367668065093912,0.013152810674830229,0.04200596081304529,0.07467267580001767,0.030307264873170266,0.034406285600627175,0.014631564667817332,0.006296759685834914,0.004046200729021809,0.010166210432600622,0.013900316973302532,0.012879337167068728,0.027651213255509562,0.0020515633701068047,0.030588362303889168,3.495399020883269e-06,0.0045049285481795105,0.003128282600661207,0.0002444108536981005,0.006106993315246714,0.0010368059303770025,0.0022214787039657046,0.003128944042587507,0.003303732076357207,0.04935732352089511,0.054283826374988416,0.0013693870825638031,0.016806694825236137,0.026362033148179358,0.0017066680364506038,0.04027086420384269,0.03216887012841847,0.0008283991868513019,0.010845303135727324,0.03629624467954768,0.031088971084316668,0.06124096776537404,0.007030249948467916,0.05376705116765042,0.0016614713695972036,0.04159628058650119,0.005098145825343611,0.0899542659342639
356,1.692877332912812e-07,0.020154391046154945,0.017832820278361337,8.952619574608127e-07,0.0038463701935168085,0.0033774673788547075,0.011675853064269727,0.011109988692478824,0.002732385672950906,0.01920069222912744,0.0033619318087818074,0.00019350606471840043,0.052418665611824615,0.005848095317168013,0.027888271695282463,0.009639015138417221,0.014800690351899832,0.11927821478710947,0.027934104675267763,0.014860442059510133,0.015458887898383135,0.0014743920842148033,0.005581947331496412,0.02231951545691175,0.053064650276976315,0.011167338598920324,0.03976538563965469,0.05294012908745282,0.015064277741781634,0.015075217445882033,0.06769995203139935,0.006563149940567514,0.005214735667348412,0.0892137687324321,0.044836731072014094,0.0001689264738106004,0.03794777638015318,0.0011961016475949026,0.0021101096453248046,0.012465280727098127,0.0020366851558097044,0.02582332475229476,0.0024731916375881056,0.002777144379321406,0.0020004024600751044,0.0005974102453711013,0.0026209466454643056,2.36480324642637e-05,0.021340763484999848,0.07482423871180927
357,0.01086931088879372,0.04022568190224357,0.12200209774525352,0.041121315452070074,0.08724492450620935,0.010001173624065917,0.0057157990421018105,0.020392339788053635,7.883928053971454e-07,0.0009240358385610016,0.04233951400731978,6.991528581360028e-05,0.008860185281045516,0.003971180680115007,0.019846283068877636,0.00037448093460670063,0.03873297928820417,0.008589996747208416,0.05067121049460989,0.017342740102939132,0.019448568625440435,0.00041221222146430075,0.05025631993190969,6.7487993487755e-05,0.011347971111660022,0.008719898178370515,0.0590626487049002,0.0009084310733542016,0.026141826309902645,0.008057087202334313,0.016057516022063626,0.0001100806181632002,0.019382322059301935,1.3430181848863492e-06,0.03887049293652127,0.003957338678992407,0.019854540170194834,0.030325513221686255,2.6472014289423845e-07,0.03820524730759947,0.01145350161534462,0.0036997791180548066,0.013455157881252825,0.015980220045952027,0.0005937729404372011,0.005697427073793211,0.002836810502188705,0.024594850628481144,0.0018630192285265033,0.03934239778939627
358,0.004131905854048311,0.01957559616626045,0.01990122970046005,0.007990470911805022,0.0008120890074654022,0.01499199843721484,0.00753669105069882,0.0004164728840875011,0.00733310562051452,0.00389825534597361,0.0032815515753967088,0.021196834667142957,0.004967180723787713,0.04194957563094481,0.08223541198151092,0.017855816298915847,0.004678852593461512,4.088701600240834e-05,0.15909736157354,0.019326736364160053,0.05944475146704586,0.007125340729098119,0.011954411484924432,0.004791477121353313,0.002218670411483006,0.005440906662721214,0.00013106960289170036,0.010173576865352228,0.002232649352343006,0.049436007499320235,0.0003240857180351009,0.01622978633426204,0.05972962048257476,0.014631256588992838,0.0006019336845953016,0.00389247287673091,0.02304582840251066,0.009020855686917423,0.0009978949864253026,0.00011896737036380031,0.036204118022653095,0.07200835610024499,0.01469107308422154,0.06337219088974806,0.036790098940246097,0.00380134393601401,0.0009666672699704026,0.013342088679182434,0.0060650595433732165,0.02999941680301368
359,0.05212055733946403,0.003986854818780311,0.004568520886221911,0.0002754935671300007,0.04501933664418402,0.013828424005284235,0.008756423695715623,0.009544061608112324,9.676227968101052e-05,0.004588478999512412,0.0009867885222434025,0.016115055838228143,0.008948135630790423,0.00021118467219980054,0.002334690249919706,0.033140329441717783,0.017111888528694046,0.013580667012406934,0.009118157215712023,0.012654773391076034,0.018090527677680844,0.04308660803734341,0.017350546744865743,0.01218847033587503,0.05082798946596813,0.001219857486321303,0.026060213423366566,0.002799571616083807,0.009593131679804124,0.06839260724987328,0.05897652093217165,0.019261796625267547,0.004860974934261112,0.005555538368752714,0.03076505152272998,0.12788516615338053,0.002389178067641106,0.005947039560004916,0.00024311048436340062,0.0034653597812597087,0.024651735291636664,0.007460929753481619,0.004824678663287312,0.009704948389772825,0.00018180079663390045,0.10291203978097177,0.00383460548037811,0.005677387738122215,0.05264771144727603,0.022158318164350856
360,0.04250222363283871,0.015176964959869938,0.16570242064152252,0.009745406975379024,0.0403705794197981,0.0017529316624413046,0.01911379091376735,0.002388814409839406,0.015212063546140539,1.9405876660171913e-05,0.002089191864573505,0.007557986383316819,0.0005872803125460015,0.006743413145692018,0.0020899049472802053,0.0017777790994644045,0.013425581019374034,0.009858426400231426,0.015071782912518239,0.0017554496752849045,0.01582315943198454,0.07901766437453041,0.0037198018551842095,0.00016631960183580044,0.005137323674242813,0.01606704118410674,0.0028881282686511072,0.0069483655006107176,0.06585829828261476,0.026342840921097364,0.02661314673181707,0.006001619993643515,0.012818887155966133,0.05036955461206743,0.004952824651444713,0.07192615966889879,0.005980864662817616,0.00036382553807360094,0.00044062428007420116,0.02691315389609187,0.0001598088659992004,0.00821152046228012,0.013408093260905534,0.006660590475396917,0.0024930777418184064,0.01596533016742144,0.13289787961538133,0.0002774244873851007,2.7605242512468163e-05,0.01860766759660755
361,0.02162272305891705,0.0454888215911009,0.10818556075884704,0.06098178963217074,0.11142970219710455,0.0016866343558120038,0.0445790765858839,0.0071313081973659155,0.001389706395514203,0.0006480996215810014,0.015202967583627833,0.002693955836041806,0.043847859313920594,0.0023088395336880053,0.02247403898651915,0.017015101588678038,7.684409062034203e-05,0.0025799355365017057,0.012768263198470728,0.010162985364071822,0.06955380080958476,0.0018709514162557042,0.003837125253110909,0.0014361132816360033,0.000892058037405702,0.02335520290988265,0.017180154960941437,0.010876191195045024,0.00965362335578482,0.0010807646752624023,0.007156184687048016,0.002114713111110105,0.01364214307007923,0.015178330406722732,0.012127422554997127,0.0037171409732073084,0.02600115201619806,0.00021360796622840045,0.0009202912414263021,0.024302378359771355,0.010319661078779423,0.0010488918531416024,0.002076451987335705,0.0010519881053049024,0.10971657677085014,0.03206665139454377,0.05150119069900091,0.005162792357452311,0.0005089761343617011,0.00916325591109402
362,0.002016074613067105,0.04717574080555321,0.11312075710919677,0.0020270009514092046,0.002963910009355807,0.033303441108685376,0.01287638144563253,0.0006582592447549015,0.03161432835652458,0.010322192564337624,0.05659960093480363,0.0007147855661842016,0.011880714475307627,0.000864997691451702,0.044660794455899,0.028851969038525067,0.03779567228925909,0.007565318374104217,0.02462310686016466,0.0034865891563162082,0.00022341808066700053,0.016772226729110037,0.011991277873446728,0.015085124012357235,0.025591409155147158,0.03942587682093239,0.09849187432843874,0.01228437121522193,0.004037869690148809,0.00431219057993741,0.00804308140526042,0.07834424116166638,8.637983189250677e-06,0.006165256633935215,0.003267555764914608,0.08537762776174719,3.588111521857927e-06,0.015497208700011037,0.000417584775646501,0.012032384987207127,0.0015724297947954037,0.00022449272166510053,0.0019500070524093045,0.01628295918393094,0.006492658600348615,0.024491264963239754,0.006236009179642615,0.0005647966988955013,0.01626844140341174,0.015422499580621436
363,0.0072828285501054186,0.04987648753018872,0.06576534288414336,0.006523935846207416,0.003501401545912609,0.004167559797478211,0.0030375547260271074,0.0013115939415748032,0.00422716008734611,0.011974750738472229,0.0002024281941817005,0.04527339716130481,0.002827693681019807,0.00396418007100631,0.014116320791084134,0.00405329884686261,0.0033768982869285084,0.029399939173886773,0.027025140006730265,0.0018000030864416044,0.14272319718546836,0.008783165442667221,0.01188449694554693,0.017894102310566044,0.007418232398986018,0.007623671596364718,0.052950071731565934,0.009978658710982724,0.022778070327067156,0.01669489406742294,0.0007019043796087017,0.009505523120960322,0.011372645530480428,0.0014541363059219034,0.004768314109349911,0.023558746600529958,0.0035407630685166088,0.02173636236442555,0.0009806798270174024,0.012921696202876231,0.06516038767295085,0.009659142291817524,0.019088846020590647,0.04996021116355093,0.07374882529703249,0.03289664121730628,0.003259075117610808,3.513837739712653e-06,0.057973928004192536,0.009272182203980623
364,0.0013907726673814023,0.03592091563800926,2.7183515403156253e-06,0.00010005058085540018,0.0011611167272963022,0.012857670533758723,0.007456111937608213,0.008488460227856315,0.03799999346024647,0.035500000979158064,0.046243735682639286,0.0547938890773272,0.00538288972192351,0.004749871347894709,0.11920329150747482,0.03588815451974586,0.008924854338042316,0.003531559060013706,0.001763459164100103,0.0020631414191646033,0.020674052747478838,0.029479468324022852,0.0007325374440368013,0.0001642725931123003,0.043496238367458674,0.0023365966485683043,0.0014083526936840027,0.002244248397365604,0.000558645602951801,0.0026355304672021048,0.016018976842192226,0.014465357969351627,0.0077286952671443135,0.01073800096537792,2.5119155337809103e-07,0.09963175032695348,0.003336384252534906,0.06625553291402211,0.0018808599052075033,0.030336285467461754,0.01188272267808302,0.016525962224559328,0.03805938908021027,0.02770089927974715,0.00021444906514480038,0.003463968272308506,0.025071843057925446,0.03536739065826716,0.022329395719859837,0.04183928463417748
365,0.03916602395315188,0.000497777277145101,0.043522512741575585,0.013235838375748325,6.291468906701899e-06,0.08146851985437756,0.005480391232595211,0.0023579178165433045,0.0013019904898490023,0.022059170981576743,0.0007248336482609014,0.06832346849419542,0.0010947783282077021,0.031289790304220064,0.0033712390476093065,0.006096946533219411,0.00517348970636531,0.06503142633729353,0.03995474316240788,9.626380950900717e-05,0.024424375061997444,0.02221391712757014,0.0018213322846928036,0.00043234533231170083,0.0011107240102448022,0.02508179182433355,0.02676405978416765,0.0019794919164896037,0.0026360963237387048,0.02785646478198295,7.923987899459193e-05,0.002131172830592304,0.04740015637649129,0.0552216411361087,0.012293800482321723,0.03216623008501246,0.017742899985056633,0.03895958329820188,0.0003524448930370007,0.009310159972035117,0.015497900992387029,0.08244316254943965,0.001595141304491003,0.001021026861679602,0.00030903337133900057,0.03348734385967216,1.1461031503697215e-06,0.00023445310919340044,0.07094212525363083,0.014237325646877826
366,0.005212055212556912,0.027844420320563366,0.0003831961421902009,0.0001236740178527003,0.003841525630378509,0.03915165499416269,0.00015589944510620036,0.0008860949492675021,0.0006624685154034015,0.0005885034617504014,0.0003816923440288009,0.00921852543009482,0.015503529779455936,0.005931142867192614,0.0007713557371391019,0.0014346817825294032,0.023092842564040355,0.0050572539492194125,0.004226969805402109,0.07059407438607647,0.027201860171956062,0.015795036633921736,0.0011142197084427026,0.004900629356521611,0.03225619031884588,0.03192142475484168,0.15223777011233836,0.019777038989582545,0.0001799466632214004,0.06583884498512635,0.04826135487846741,0.01759477279927784,0.02164225513072155,0.026983648703154263,0.01592424999416874,0.003638281663588209,0.03271337722715738,0.0027991835135813066,3.138446780161026e-05,0.019079308511641246,0.003394125798812308,0.0004912724989098012,0.055194324537638735,0.006480829298132815,0.01755333701130714,0.06343562863852445,0.010566922942643324,0.06236359360158374,0.0003422932929176008,0.02522533246076156
367,0.005555729871202215,0.033503503694065594,0.02232214573761256,0.22700905792395612,0.04093811601314101,0.008829933044081225,0.014583471613698438,0.0001126144839249003,0.040089177868143006,0.001888854401531905,0.0009540901127276025,0.027595639019847972,0.0024092489230974064,0.0002647529954605007,0.014111870523588638,0.051228416726275636,0.002285143138856106,0.013963752561346836,0.03007535856887058,0.024277149314053666,0.0010937822978900028,0.0009005653747325024,0.005346627966171314,0.002541961182922707,0.04169708870195171,0.05064380485090133,0.008276387947533522,0.012406084547903233,0.03311695923806919,0.0006395934978509017,0.0008665397023804023,0.057001896519369856,0.0006685250792247018,0.0008848995606949024,0.01135273732896923,0.04934133171345613,0.0010039805380960027,0.019403831470450054,0.0031118044227683083,0.01482854295075624,0.00016407562529530045,0.006238250695114816,0.030947737878080084,2.996459461890443e-05,0.04632065776471642,0.0030882852660302084,0.0009713478720984026,0.01772790869567445,0.00027933057395380077,0.017107469606843347
368,0.007450342187561317,0.003687029010938108,0.04041963897667589,0.0457344333943196,0.00894388813925612,0.00011691597830350026,0.0036463539804681084,6.67807157581966e-05,0.18407629931849812,0.0026814227581143063,0.00460098214439251,0.030192400146477966,0.006243919980764014,0.03614940943239248,0.0003165344263417007,3.8902537814733165e-05,0.0005135407539739012,0.008570626662958719,0.00433964185383051,0.004348260007953809,0.0003381648384945008,0.004160286534895409,0.025394559018164557,0.019908753541363646,0.0010414507946268025,0.02192930074603165,0.024706299609691156,2.44716006874722e-05,0.04537644941863041,1.6035210999988675e-05,0.0015068937828665032,0.0027984203216444062,0.001876027497725404,0.020070186460799444,0.002789353125939806,0.002283832721699605,0.003910655791740408,0.0053812050823612125,0.06655984976589026,0.010702051024394725,0.01441066906290583,0.12752564933768637,0.0933910209228531,0.002192705431898205,0.006031458815902013,0.0044535814549765095,0.019032613140239043,0.012475712527203527,0.05332598807766442,0.014249031933229931
369,0.09561904899615385,0.10022206049929626,0.03271604338827609,0.043163185813534816,0.12487569914534503,0.012622602313875932,0.00016007244881280044,0.005186019446767614,0.02309877987017066,0.00010073948778540027,0.03404848809344959,0.09593509509524514,0.007146186185518819,0.00386178525607891,0.012811073570568135,0.05435719769914245,0.0007863739162629021,0.01615244816862104,0.017258716089731146,0.056085065625915954,0.0020201345578592053,0.0014464663476731038,0.0011910842896365032,0.001881616765545105,7.161595973431642e-05,0.009523393736247126,0.01509884654724374,0.006481365820704717,0.0058791242574966155,0.014228651203474338,0.012526775758028533,0.0009861032675334027,4.099260694706146e-05,0.0017058726239767045,0.0031876171881206087,0.011670541119137831,0.003922137774247511,0.018954985253148253,0.00014557500776120038,0.009564662406348026,0.0005026308415467013,0.030718073920350183,0.01806269080012955,0.0041873577304448115,0.03348673977790159,0.003046747954507308,0.03045676542643048,0.0043758101516440115,0.014084234160008539,0.004344705635620612
370,0.12060421880177437,0.02343935423724825,6.4441180008684704e-06,2.364578012668454e-05,0.020452306207776546,0.020279696779077445,0.0027226805945810063,0.04070920853948579,0.002679809334127806,0.00015705302947970035,0.0012734756697145029,0.043038688450858995,0.010825493501488525,0.007577794632285317,0.0052418885016093115,0.00038483044990370084,0.05855872922600163,0.006138479684078814,0.029296893368783765,0.05579245136291682,0.005665398948372713,0.00452824389263961,0.011661169141735926,0.003685718068177108,0.0006985097192671015,0.007682786862065818,0.039652620869692894,0.022948765744504752,0.0068331032138454146,0.012517286686597628,0.010933545376066224,0.021386356844916448,0.038574405086551085,0.06201236077360414,0.02331283301121725,0.005981056221837713,0.0012797095391078029,0.003179234371394507,0.08191401782004028,0.002045696069881204,0.013358625449736029,0.03268389805468247,0.0003683841193750008,0.08106072773236368,0.007431914741048616,0.0061099105546252135,0.035600039546595776,0.006623927227194615,9.770544133373002e-05,0.0009689066022093021
371,0.048527423901173185,0.03426753414658606,0.019807016961766333,0.00013733157141070023,0.0010344766013381018,0.0017190543996316028,0.020113241313851535,8.061838618579449e-06,0.0006212457961164011,0.010470593802783217,0.02490124260374954,0.014041753284077923,0.00021253952534820036,0.03376171854611505,0.021591187222635536,0.00038673049651360064,0.014586259645995225,4.83483662883022e-05,0.0014844154817181025,0.0016892970826766027,0.0008803595668766015,0.03213565324438095,0.0013474071993319022,0.053837857728072994,0.02580539240588224,0.008858337873995115,0.00016997912287570026,0.03571745682895256,0.020118529896354435,0.007055889105932812,0.060490829239257006,0.015644465178062728,0.0019059860168521032,0.019853035291914234,0.15150565949546815,0.020463800852101734,0.0038693389982735063,0.007982248212967414,0.09850071555276847,0.018880891285109832,0.020377476046122934,0.009953593412140417,0.009489253520489816,0.02971972510248835,0.017294673933086327,0.013748887047361222,0.00014219572571410024,0.0021051902824561035,0.00010125351537960016,0.0626344457309369
372,0.03254303969974767,0.021867925808351146,0.0023112125174882046,0.0008493894859013018,0.019624094593475843,0.07896843134326396,0.00439710488708071,0.021502391309689946,0.01392935780644043,0.051270922789044014,0.05276472882853711,0.008355584791015317,0.027471799603342558,0.00026793690874760053,0.04187805688948269,0.016344682871581733,0.04238370525604729,0.00018149567242280038,0.008068671892563018,0.0024654076141137054,0.0006877001100103014,0.05976518551547703,0.01760180398777644,0.0007386925570627015,0.00974646967944982,0.02345470961023185,0.03588488078666638,0.0034051248543597074,0.001475047199883203,0.00016295639706740035,0.07643285558647876,0.0967357023495544,0.011102721858108424,5.401471641212546e-07,6.1029601929432196e-05,0.057288828978085515,0.01803984547801154,0.000449860001789101,0.009266678255250118,0.05478562892008712,0.016773120636569536,0.0006150090568998013,0.008152258754034917,0.0011744003112910024,0.023749062734105347,0.003383706589681807,0.0026819584624820057,0.006722563935172214,0.008124505810886517,0.004091211266096208
373,0.03154185072394276,0.04469060653385399,0.01574923352295473,0.023321469968100545,0.04065530393786578,0.003106478896806606,0.0011751064557868024,0.043121964984869386,0.008654132664258117,0.003006019770814406,0.014961503938483429,0.013541717645097128,0.011494795417893323,0.012531841572172924,0.004986773787556309,0.06373669502929792,0.047359449173007294,0.005488924401124311,0.01016403331892462,0.014004230592184528,0.0004671970194157009,0.009551775503206518,0.0035893413600714074,0.002449066197980205,4.561691394084239e-06,0.0060653217179321125,0.00498648231609101,0.004745241670587809,0.00023646742262420047,0.11710516827158464,0.08062974511240967,0.0007451400542382015,3.7503625826231386e-08,0.008400344854270518,0.022626987453033143,0.04582226086404069,0.09740083330701399,0.017263582047982933,0.013689261833284928,0.0008615996843150017,0.017537403171434734,0.011445709619005923,0.006319129959302413,0.008584685343209317,0.051091189189650006,0.04156090937140868,0.013322793839928926,0.00019669031529060042,3.403674761890933e-06,5.537295909750556e-06
374,0.0002981110958139007,0.002558750830919706,0.0019013299441250045,0.007476294459302018,0.00874329205835202,0.00023469004010020058,0.010835767759487327,0.0010942054362312026,0.018501691297932544,0.05765253490279474,0.014169593370153234,0.0401867889902538,0.008509326392149422,0.002760965978833507,0.0006220788506789015,0.0011327905145363027,0.014402664994771934,0.0018819847507397045,0.006704761583750716,0.029718004817201972,0.029684330371511074,0.09541217414564833,0.031128353447671377,0.019280292227863947,0.0039436623149859094,0.0021714396685492054,0.0018931616230513045,0.004586031087630511,0.012371511178183829,0.017930047449385044,0.05134405217828492,0.00836466184321722,8.141396501729286e-05,0.03023243693970097,0.005078447454960112,0.0023820580200260054,0.010073564971663625,0.009282744055001723,2.977581839134825e-06,0.0013923444591447034,0.04909512584526112,0.007221659417697517,0.008934029878940522,0.053200827076738434,0.11619733454301788,0.05563390144042294,0.013210538088119533,0.07023693798842447,0.014646697910040736,0.04560161475987251
375,0.044661891722526784,0.06902157762334543,0.001036713464788802,0.03234052866802376,0.08080275322999496,0.001060685604397202,0.00025556806737540047,4.4443413207832664e-07,0.037440677181624867,0.0522966215423829,0.009735176587507019,0.05874451886286551,0.007337503916239314,0.0006393771171845011,0.011753372790315223,0.04883114725626689,0.004765179357039409,5.199198461586035e-07,0.0518566342290432,2.329145053382777e-05,0.08012827803992126,0.02073139257992994,0.05773922863771951,0.006230063180250012,0.015280959512669329,0.010217025421175719,0.010281738098087719,5.559392330163965e-05,0.0009101805234940017,0.02816885046499785,0.005914812780683312,1.114017701084829e-05,0.0016556587481089031,0.0005821890992812011,0.006261411406649212,0.00531644776946561,8.766853644916886e-05,4.131611343799244e-07,0.01680067964460893,0.006525376215663112,0.0034623666348670063,1.156366754899634e-06,0.0073611960959440136,0.03827064079263997,0.029233336218508654,0.004664430992269009,3.078726077051713e-05,0.12174207169495344,0.009275232174581918,0.00045549082267570086
376,0.0063979844412953134,0.007996027300851617,0.1413141759333236,0.06113334031667074,0.005615600658468312,0.004987416673091411,0.0037697095057375083,2.7415986406243776e-05,0.0443107098027356,0.012345140392761429,0.0032243149432467076,0.04032958067792579,0.047856199352568705,0.022699343217854353,0.14872468449699552,0.00024735450403740055,0.012341151399041928,0.008590541541461619,0.010973157732826025,7.281893904497482e-05,0.0437106899214764,0.03557730028933158,0.00466697773976651,0.0001374313331025003,0.0030064368728041067,0.0001842336433082004,0.0036396745063241084,0.0065258173002025145,0.0008323012916252019,0.007873130492207418,0.010393163266985223,0.048689862431271914,0.03958686324987939,0.00024746140791440053,0.03937961294936379,0.00036744462495480083,0.05139424180442851,0.012546253362955328,0.00481933334025571,1.152920454960909e-06,0.004044137385842308,0.06225857441267254,0.009847801472600823,0.0005867919490733013,0.0005220941236570012,0.010022567041894423,0.01426575117395323,7.133949221525396e-06,0.0003603011102685008,0.0015487968158591034
377,0.0038792854325131096,0.10850835365426646,0.08853877240893152,0.024892093494461063,0.06917343284874637,0.0039787029869619095,0.01756362940815254,0.013443670637139133,0.05116794439642833,0.02023790503028055,0.00013262910487000032,0.0013017765752536031,0.0029443189909022075,0.007078759690095317,0.008275229550631721,0.0035355816487108085,0.0044948996905092116,0.002854138723178207,0.002002945971198805,0.02890523237142317,0.0006039681026691015,0.006766010345208117,0.0020673208640303053,0.006518018185693015,4.254969826304335e-05,0.005204245942948313,0.0041841230391646105,0.06726672214206937,2.559450813875856e-05,0.09945379520359306,0.0010336567635059026,0.005757604667938014,0.006082047138960215,0.010133256061847624,0.0006891774373056017,0.019634229634682348,0.021381971552511952,0.0013556804695832032,3.7876004839153323e-06,0.02448215968245776,0.025240554101681262,0.009679442922997024,0.0772939997854186,2.1809059562179765e-06,0.039872180953631195,0.003038307081980807,0.03465469315963658,0.01175298540591023,0.022050603063542056,0.030819830963537777
378,0.024829581661740464,0.0041317531703225115,0.03042928637601118,0.05994118550003786,0.04553571442540602,0.004904068182043713,0.0372463968959574,0.004913204288800013,0.00376804768046111,0.005201726939550614,0.0008323644544199021,0.024289967556610965,0.0371105799956283,0.0035438695177390095,0.002332665625257206,3.281167141776688e-05,0.005989502170330516,0.007747707379660221,0.003425393863571209,0.03371009169913949,0.021093858840318554,0.020807036765718455,0.00020466150968520054,0.014367081592861338,0.043400629355977216,0.012808200972165435,0.014004264506012137,0.0013812704808811036,0.1131529533697435,0.04540182643393872,1.4668157629740506e-07,0.002858832881814108,0.029405314900007178,0.01477942407112524,0.0001827550714008005,0.019553718738434752,0.01138660607963553,0.01093280440917173,0.004627560038763612,0.045582609545326724,0.09571000578535235,0.0004843410006826013,0.06345814731214756,0.0067050835864339185,0.013261244333235434,0.000787912934925802,0.02958139991328528,0.004713504570044512,0.010619419562375828,0.008831465702853725
379,0.07687393786934753,0.03773764499977166,0.05235443273887329,0.05599336709904389,0.032933292852140555,0.027456590064210046,0.015252653992954626,0.000555643040349501,0.0014425993466251025,0.0007207384719802012,0.00573754323423281,8.163955253404313e-05,0.01643318035830933,7.930067226738038e-06,0.01628386385966613,0.04947226546278848,0.00015205253532810025,0.028031297488975145,0.0048436256532001076,0.020218128862278435,0.026728623229036644,0.01920381281248043,0.010258593480986317,0.013728141234007623,0.1186084845203502,0.02501971437764094,0.00016310447461310027,0.003009318697126805,0.001790143712412603,0.014858940392917325,8.444160215090574e-05,0.022484967970639137,0.0582181199359431,0.007896125412461014,0.020445524030010435,0.0008647530569955014,0.0001284679123927002,0.008961871527197416,0.0038883479255113064,0.0007792670765849013,0.00024005176535110042,0.054907598281548294,0.001199331641488502,0.0002385700943412004,0.019891648497054035,0.014484996359756624,4.2087858425379484e-06,0.016525834970441626,0.0007174380191718012,0.09208713065370966
380,0.03170473574029738,0.018737545062714044,0.052249756981942626,0.02824337335787937,0.025900073233448163,0.006280526818418115,0.002859220725956107,0.0002538717603397006,0.02151686506613035,0.10098802659853034,0.01235961876006083,0.0390125025745655,0.0006134351018741016,0.06759637617587566,0.007824943920577018,0.0006305808435042015,0.003404600871455908,0.0004334992101598011,0.008501144987730821,0.00023607769831090057,0.020924840228572952,0.06540431802533617,0.04452812231221701,0.00014729400873000035,0.02412662827417316,0.0013589108741499034,0.02060961008928775,0.024977528812386462,0.01680398000434884,0.049616820243973715,0.011486420960170527,0.015671757934887138,0.001222150060656703,0.0075224675742176185,0.009136623026315722,0.014946787314550436,0.010930882608593725,4.069553638010165e-05,0.008991492744727823,0.027542319733247767,0.06319067519589115,1.497540547207903e-06,0.00041403929674670105,0.01266078441140013,0.006902708246580116,0.049583494052997515,0.00848472386465772,0.016956620373305142,0.030824777777826478,0.005644253383353514
381,0.010706684815099432,0.0028510584235826083,3.9526370882551493e-07,0.04363654978910843,0.008118952596807524,0.016462309674981048,0.017168769820609848,0.005855120466188917,0.0001378028253673004,0.02804816423130498,0.014986115872185343,0.022596955791286167,0.04973751423878005,0.004246216243981112,0.06046964987052597,0.012718506284138937,0.08070257733653993,0.0004110830282707012,0.010792458567466131,0.03148306353907409,0.01041449569569513,0.004758676140338914,0.014234163089117142,0.015535482584429845,0.08286710912149334,0.00351468088099371,0.05075902959725014,0.0007673078365995022,0.0037613970282886107,0.04577032623558453,0.03491413391923551,0.01390859900645634,0.005045580060116915,0.0058476202799648165,0.047262951413938235,0.011969401759779334,0.0009478023721417027,0.009741277674937928,0.00022550946132940066,0.016263095958884248,0.000659592332730502,0.008422423188319024,0.0018956077849571055,0.0038863041492812112,0.08991342100027747,0.00018302542393000052,0.013055792234051539,0.004536164881260013,0.005393248815750016,0.07241583139386071
382,0.002648733996913505,0.09151283693240386,0.09634798129588829,0.02263281418877644,0.04877844181875149,0.11745923937781202,0.0042244883440606075,0.02679270686893715,0.06009762932793261,0.006177605787465012,0.008406457626077416,0.0014402973724724029,0.04124687213623857,0.009086946741661517,0.028791592701231754,0.006646220434360512,0.014937211828884727,0.0040531721547741074,0.00040948052104260076,0.02847073054223785,0.0014816489083963027,0.004518776387751609,2.5949757908541152e-05,0.007228236336046514,0.007718081482376115,0.004441114149171008,0.02252654775893844,0.000550400829825701,0.0001067469052162002,0.032904756624880266,0.002080965261580804,0.033561570074649764,0.001994156744565604,0.0006061989282480012,0.019667655358700638,0.00024071761117570046,0.08408643506986946,0.039286982627867374,0.009874603482725019,0.02533361071076255,0.0003036919290745006,0.0004171668087553008,0.0012700977105885023,0.004205063658877408,3.7088172382917262e-06,0.03702040430217597,0.01989293778911764,0.00504078933246471,0.0043646717129463075,0.009084852930183417
383,0.0017730758306097032,0.018199187606366435,0.0019491069747543037,0.017151243507371232,0.03604640859624777,0.024300405770210243,0.009350705780943717,0.018365122408061735,0.03984007979297598,0.009845893726521119,0.03819696422781547,0.0034632667466874064,0.0008020956151433015,0.00028573531764770053,0.050795870129126196,0.010050716938818418,0.015968875290357232,0.00038775628803080077,0.0075046997708629135,0.00546551328975621,0.011677715472410522,0.03796259601334317,6.841954485419985e-05,0.042210239151193374,0.04626004001228039,0.010300513655811219,0.015143176140968329,1.6913608141243122e-05,0.0017234468684130032,0.12709452001558905,4.8409710714759136e-05,0.0022502315940453044,1.394197040115463e-05,0.015152665571447527,0.008852831627455517,0.004769104650092808,0.007910802088237115,0.09420528002404488,0.034194194982021864,0.025027921291453148,0.06184066175701312,0.0002663148342092005,0.005025443788024909,0.0539751193958101,0.03389026046538296,0.00012226735032440025,0.0018720958625423035,0.012929924644235024,0.032596045890452764,0.002856178410778605
384,0.0029539042779408086,0.02184412556606666,0.0015810056294067046,0.02430319180028587,0.008862784607689427,0.01688433997054045,0.06288171543472298,0.034583908745421596,0.03928519927306151,0.036521079807412204,0.02770385028414608,0.004150471181667712,0.01049793093582993,0.0019211300336110055,0.005247898184112215,0.028850010473905483,0.09072766103716626,0.012159936182624335,0.009392491522626327,0.0003739084705106011,0.056732368167784764,0.0334464365247275,0.00015435676569590043,0.008660739587567624,0.012979271163059037,0.01673870487210025,0.0035679519100901102,0.0659825075441106,0.014463233432462341,0.021135963191063364,1.438545720831729e-05,0.002119876013002806,0.007215049765686121,0.026669175276206977,0.00342741974026431,0.011162627533954833,0.09628213389325688,0.0003237441316049009,0.007367747909623022,0.0349876564246381,0.009003748316637125,0.023117467213943466,7.682152260154567e-05,0.019122272075931757,0.06660296484011449,0.006074576344927717,6.274848073494346e-05,0.002151265360399206,0.0025075856097884074,0.007122657512065721
385,0.0045758481077529094,0.010878845254440222,0.03422306050094867,0.008183935352430416,0.06602684900235684,0.08261593834005726,0.0016003841029318033,0.027154710328358655,0.0002559628334228005,0.019920695611628538,3.505155142268177e-05,0.00023234725275330046,0.06490880963988392,4.329395069122217e-05,0.08556858603841896,0.015025966816541229,0.0016772945455637033,0.1000044584721205,6.303184036365583e-05,0.0469626922775359,0.011789212396084225,0.003507601262016207,0.0011199958713026023,0.03952061049738478,0.018515868477792637,0.0035732065378997068,0.017878667559134035,0.04123989293785448,0.021748400388224644,0.007141458625054514,0.0002429677080892005,0.012017347166765224,4.97892907591549e-05,0.001012381782790302,0.048990570801687595,0.05624017962905751,0.013826341597431728,0.02601678763128725,0.001022780385909102,0.00044024287448880085,0.0038079187240141078,4.9468662877739375e-05,0.052786725406483506,0.023294239291119546,9.575396615731242e-06,0.007847589711868415,0.006807892518387314,0.0024894290655471047,0.0031145471778311062,0.003940548804618608
386,0.16650965326667602,0.013628489348642627,0.04366829427957709,0.16796285119223484,0.023010151340311744,0.0013625869976007028,4.787939307166551e-05,0.0017528420081116035,0.00039323131421070077,0.0009150416127854019,0.021352895302003943,0.03903033578592688,0.0005789697865554011,0.003855746878745008,0.006380156374666313,0.00016805618245390033,0.0002006918264435004,0.030907518590780163,0.006437693042731613,0.000988055635113502,0.00936121093004972,0.003105312213416806,0.053399911988054105,0.0016097267739727033,0.008088870399443315,0.018894526989826237,0.00037868142647110075,0.003973166511594608,0.0008706768597023018,0.016970779338866735,5.7626953345472654e-05,0.07792173045988446,0.03451711370705727,0.022607935548665546,0.00017720604388820035,0.00017064294918000034,0.00017678004738570034,0.012628593061275926,0.03568932185896247,0.005868487657774312,0.002036679193952804,0.057910961712028516,0.0021321539435816043,0.028109215510691055,0.020914422440122843,0.04233189086752608,0.008111574869776716,0.00032853783941660063,0.0025050650572078052,5.668823633333015e-08
387,0.006964467814425417,0.007508099677951318,0.1222159140424925,0.0014451498705606034,0.003144316807563408,7.793231182582719e-06,0.023367605269033156,0.0009608673625340024,0.00014524033544260036,0.044441570707752114,0.004263093944767811,0.005277322315244713,0.05753466491288594,0.0009812015923076024,0.00014459970736320035,0.0070940565819804175,0.004278888259916911,0.010914391803470825,0.014224797411000734,0.0410949046996128,0.005085345522481312,0.014150466319936335,0.02003385625465395,0.0387850023809267,0.0055072675471455135,0.007262591982653318,0.013396347428841233,0.0397975755741211,0.032017409517375875,0.06171363192549755,0.00012958114837900033,0.009960950702465525,0.06379645380560185,0.00863638192566012,0.024420934324028858,0.04767341540964442,0.06655579133821757,2.372987345218151e-05,0.0011561086920325028,0.023352569543722754,0.010704672044652527,0.0005817873844316014,0.05189535173322533,4.860202251500054e-05,0.00043858014815100106,0.03188180837319328,0.007195108591566917,0.027166120067413466,0.003754149099298909,0.026869462971225565
388,0.020992865181592654,0.05345149477730984,0.04459395846965601,0.02654373437039887,0.07081592481856748,0.006302938060160216,0.025863903133236665,0.014158893117376437,0.0005875887214107015,0.005634298237214915,0.0021001128615166053,0.0018190739245830046,0.00021690430274970055,0.027916832395717874,0.0028736258546319072,0.0003347236104747009,0.0005596924864107014,0.02895464928721247,0.0007992276874002021,0.029176826316442573,0.005718157612740514,0.06895425454966649,0.08495238015941002,0.00392885623511311,0.0005843472821278015,0.01139524424318553,0.08736437420394683,0.04212721094422671,0.010195462951261326,0.0034311961515671088,0.0014330355395897037,2.4116749545351365e-06,0.00797882485263642,0.0005993588036576015,0.004838806068044412,0.007452647052097319,0.013058934659527633,0.05656256356072054,0.012647548247172633,0.01665162436700394,0.0006801782603794018,0.042686605960536514,0.0375301240666405,0.00783416891192322,0.005178372750396313,0.0006473840221477016,0.026049384558749767,0.029593346852948375,0.03577485717545459,0.010451070668110126
389,0.031544516673716376,0.03965740854977589,0.036326486392246886,0.03613747731319198,0.0434352650051888,0.019416653689946644,0.013057773055302832,0.001724699715167504,0.0007589343799787018,0.003357933108428708,6.915986791257693e-06,0.02931853070930427,0.0017035485681994038,0.10208685985346264,0.0037912345188557085,0.00809273953150172,0.09317919051454332,0.00033467080832120074,0.013458042382619632,0.00436445366388031,0.06266254871217315,0.01247642342401893,0.0002216740367791005,0.0007377661253479017,0.019758029270299644,0.011092279933251226,0.02278638261425695,0.017399992399394743,0.0001776332920317004,0.05763887553463933,0.00921852899242922,0.03029450927701237,0.002075150389726705,7.226230611013734e-05,0.002606843954858106,0.01267469252720023,0.001320451702671203,0.03741430701139449,0.03891481195774159,0.0030909539452858075,0.0043386570057700104,0.0032368688769594074,0.00014600724479550036,0.0843840833989121,0.009900304872675122,0.0001295973892134003,0.00018577961791140044,0.01755067076232684,0.054668377620914026,0.0010722013834759026
390,0.0402781280799726,0.0063118709597783165,0.02224215200729076,0.014092372411634838,0.001893658872378505,0.02765751435704447,0.0351711423249702,0.00027587275656640076,0.009668863162817625,0.0007725477398191021,0.020223838270700557,0.16247057203898665,0.05947496755817286,0.04835522601834203,0.0711745860990541,0.013626566947131637,0.004722020423934413,0.00017111189219680046,0.002624037430876107,9.379078022180606e-05,0.0015019963202744038,0.0016894443913801046,0.003410301722325209,0.015324903927087241,0.06953744587453688,0.02224635721506816,0.009513568657756327,3.92846189063487e-06,0.005509577497595815,0.004939057924813813,0.016294728088118843,0.009450349708318127,0.0024726951554305066,0.008258532791289623,0.0030889228928300083,0.0038965798489951106,0.00011074897666510029,0.006129961691005216,0.0009218249231532024,0.03459267215762539,0.0004082951414020011,0.021625720263642758,0.0012848075476061035,0.01180832046654673,0.0006697757701017018,0.16747367588787665,0.00016103981149250042,0.003106117370439108,0.03160656698987949,0.0016612423929636044
391,0.00018318713368120038,0.009150164833584119,0.005232867847365011,0.005815413038400212,0.0008308069844383017,0.0935450869975934,0.000929160782216002,2.4569106746740595e-05,7.867508468108063e-05,0.03554303113400608,0.0037925216117186077,0.02037794814211424,0.00012108337979500025,0.05322184487866201,0.009106327207441018,0.021662493285522746,0.016133391059312434,0.10908819125982823,0.03168610858444267,0.0031219034132387064,0.06320332449161933,5.701507845017448e-05,0.0057441583493031126,0.017415883113760338,0.008042210929764418,0.02010373533757104,0.020131536202754242,0.004543736647483809,0.009986681828705721,0.01399468655725503,0.0905844466746857,0.0006489403229426015,0.05403870601700011,0.013471368369140127,0.003292220870912807,0.0027267704389712056,0.0059067255696939125,0.0002475700742573005,0.011001180448178422,0.015808997492902134,0.002876955148373606,2.0064682243068124e-06,0.06465237840681194,0.005385506526040112,0.03442744074046847,0.06027276885472883,0.0006355726737215013,0.005975745399393813,0.0001432770813731003,0.045033678120725
392,0.03399567740175007,0.0031328815577814067,0.025870165706227355,0.005531452338120411,0.008874865743251019,0.002455246298333305,0.00971188021101692,5.518609220886664e-05,0.00501601089203511,0.041030378826474985,0.014851907446200132,0.06515884707180154,0.006372911024043913,0.031050830429787166,0.004267257916018009,0.004022775102268708,0.008185409213030617,0.0024563902574278053,0.0007718915813392016,0.02274411617534115,0.02274133270579075,0.07363015103166096,0.004286782296029009,0.00010844437430290023,0.11438366068730484,0.00437924338474031,0.006464646440119614,0.025591190727816255,0.002454846775202705,0.0002891841967380006,0.016706755573071334,0.01876742423801894,0.03371056798345857,0.00507140618427761,0.0001912956248493004,0.018194373921414538,0.03425980961132617,0.05565709256729102,0.038239235204477785,0.014564487935049731,0.02797779276367976,0.004471466013953609,0.0015144807872177033,0.021301390023765045,0.04403253341472039,0.03146697188760187,0.010870155855895423,0.022087598781351945,0.04896821255722741,0.002061385167188504
393,0.009895106174223121,0.07006781698216435,0.02268427366905235,0.009812456922545522,0.0016740423720574035,0.020551927178535143,0.13140782229409637,6.445111678782501e-05,0.01949242351604774,0.0069229523931939145,0.0004107028292901009,0.018157272443375637,0.00509026083859841,0.01401737567771723,0.00965192968615542,0.029282792353483363,0.07326002676741845,7.373045743446198e-06,0.00465123818851321,0.011134721978136725,0.027029342124637857,2.282865592541511e-05,0.01772457811179324,0.0021127006115367044,0.0024562549185512053,0.00986942886221552,0.002289954798227305,0.034825073423358076,0.10890935325580184,0.0003744426366207008,0.007329743660782316,0.0489520551523101,0.04357008514546929,0.0019321379324619041,0.00924084062723642,7.793200152358996e-05,0.014474285199082032,0.005297534077054411,0.03127850442519547,0.0962810113080164,0.014007542367856429,0.005716905836665813,0.01006878322738732,0.0017831155454722037,0.0022829966651286048,0.00038554214937790084,0.0037011683001974076,0.01899193773890104,0.013188206706451528,0.007588748107626116
394,0.005774565147399913,0.011724100707286026,0.011389488195462627,0.002182064982384505,0.022114738548756247,0.0001797521366713004,0.019836521280960646,0.03187350395265977,0.006354465950741314,0.06558152751282334,0.027477801043452463,0.044905703277975995,0.011947744026376526,0.00036546396578480083,0.00015702812668980036,0.007488354268638416,0.00011389559257260026,0.0009945020561776023,0.0005510029781288012,0.002067867551471305,0.0029150145326460064,0.0025269436540384057,0.02227411623596995,0.0033416211347000076,7.021918320635564e-05,0.020122108619317246,0.05850575710264013,0.08171612369183769,0.023770966935382953,0.06803657144491135,0.0026023581101983057,0.027644521459611462,0.0009266603341830021,0.02347587600040515,0.0002192813622635005,0.0023339402654228053,0.10940749036817166,0.010800716402140824,0.08210164961122808,0.0003076349587566007,0.003247265003526707,0.0006051130416534013,0.01293693620882703,0.0029007483009300065,0.020646774330439644,0.0029914977487238066,0.02591135809882806,0.08186471356610268,0.03257232151619807,0.00014360947532520032
395,0.01043836554543693,0.020520708723445556,0.0016231534701109046,0.031165439600294186,0.023598196176683964,0.034136134069191894,0.035012606520541896,0.00354899368633811,0.008391463317545922,0.023594567462045867,0.0013490088338702036,0.01460772506875754,0.009953155134284427,0.008862294039135625,0.046470972565897335,0.02813877881397958,0.008059516432762823,0.01798306349289695,0.014765953271762442,0.008803835039943624,0.0008157924470802023,0.007405029308165821,0.004257302625727012,0.033920954104232195,0.05244748036674535,0.20889562807406128,0.031054489862502987,0.005886711841105617,0.001042026751538803,0.005918678032357816,0.03332266318501199,0.039579060777922614,0.004834485093758413,0.010167821010813828,0.003297714907793509,0.08682560028494374,0.027677895017808176,0.005454492998199215,0.022140000464807463,0.009926214632897728,0.0002866905516345008,0.00720474797445592,0.01092479598967123,0.012457352309187935,0.0007980553283492022,0.002907657617392108,0.013172289999903336,0.0013093569905091038,0.0027891627543781077,0.002255917432119206
396,0.0016466144872316036,0.0473102779876172,0.004155109729093109,0.02215394610080355,0.013840093032650632,0.03221217966483857,0.005893771120248613,0.00012065739598610027,0.027440162181748964,0.021297745933963948,0.011325199770178923,2.2769972417776356e-06,5.521388047541798e-05,0.022910048564462254,0.00834805952159772,0.0006132822523711014,0.001343534105416903,0.013447182703045629,0.00946045289465962,0.019629267128787747,0.01936925259721334,0.0856507941691124,0.0005666457247503013,0.011539898019363027,0.00485069087067081,0.023122819753336552,0.10952738126603435,0.011993784181098126,0.015996709615017035,0.00956289746949792,0.06362601769434154,1.563937731573822e-05,0.047820320428579206,0.0007656531345791017,0.012448012297694228,0.034510677792604874,0.02118751156691285,0.0007981141221459017,0.007770465837661817,0.020776467466516246,0.06453202484932843,0.014737309559373532,0.008557312477566319,1.6704352046502903e-05,0.06047076945621723,0.0005032376859917011,0.007579823844731517,0.010346654028691523,0.06643217316909786,0.0017191617400908038
397,0.1047231401686909,0.09903976926273958,0.017530428323194635,0.037436304961377266,0.05946663317908911,0.011459863315634922,0.008615570327412416,0.01631563122451293,0.0009274721708787017,0.07330704354172574,0.051957892620761,0.04255891215854568,0.03130159729324596,0.00567464474164951,0.016159974112539933,0.0043404360176573075,0.011210243553481021,0.023278409812914545,0.023961093346485246,4.4702662121634843e-05,0.00488501355826831,0.0003721219690971007,0.000518235139461101,0.0033705920907073066,0.012678397097102924,0.0034477325925652063,0.0050078707333965095,0.019756415292255337,0.0001620369788769003,0.05698536328186861,0.04003608777448538,0.00022961667598820043,0.017944471338838735,0.01966163685890484,0.0006075525078584012,0.013080504299321925,0.01632583014817733,0.014934374852309527,2.1260544862591226e-05,0.007417799655385714,0.01715332941695833,0.05997128299553951,0.0022881371622060043,0.018450045121883033,0.0029263888891326055,0.019292577543519235,0.0008521829854005016,0.00028006520967300056,0.0013373407694076025,0.0006959737218901013
398,0.024653694839620054,0.05684597089814933,0.003563277726352308,0.017809175039924637,0.02144381552195195,0.003790792535480908,0.02155383045967885,5.2625309376932694e-05,0.008175506369609817,0.05406898701189842,0.00040673159464310095,0.002771251938818906,0.007312779315554517,0.0007580523055983017,0.048477625036634914,0.0019054125086631042,0.0005417745411847012,0.036176465587040185,0.015972559968399636,0.00033772779804070076,0.06974027952317816,0.023047986378025152,0.0452041023168912,0.05530150490424202,0.0005746776001935013,0.0004190901883654009,0.015889245610947733,0.014031041964311632,0.05801949719644703,0.0456917097714982,0.005467196708193212,0.042773901603238795,0.0025622599116694057,0.00023926143676160054,0.08011686816805957,0.006295600084170614,0.0038693360414635085,0.016703830821827238,0.0052172861794519115,0.0049967367512354114,0.009608971507666021,0.03664657528506468,0.03264440226608147,0.025653371792453656,0.023547245541100853,0.00018446153402860042,0.023806084784300352,0.00419914139473861,0.001738866587925204,0.01919140983984784
399,0.058158985743366434,0.03775585709865798,0.07978894153332078,0.09768468707868522,0.06207795091904174,9.363100193612324e-05,0.00020206616343180047,5.264861934928705e-07,0.0014774753089398032,0.024281535110361456,0.00028792231126990067,0.011643742145677927,0.003660909335123408,0.006560792390166915,0.013876995645601431,0.03882733360220198,0.0005513039914415012,6.498054896859025e-05,0.011190572559565824,0.03128831459237067,1.9526362147637446e-05,6.225194512355359e-06,0.003071027622313107,0.04991231403715441,0.07166564632289635,0.00023754193186450052,0.0029482994686249064,0.023040394128041253,0.034832981083997974,0.0001300481639052003,0.006312627033830214,0.00024897208010400055,0.0076666709863333175,0.05477687456733463,0.01718388830674134,0.01937488002172434,2.680189476649542e-06,0.011081094461997324,0.005214510897915311,0.005787229427051313,0.0016444549563160037,0.0011295013340879025,0.008913588465628819,0.00442220743454451,0.014365599783889932,0.07178678744851395,0.0046919292360554105,0.007977356279108417,0.0904439155946038,0.0016367036129621036
400,0.025240306045221747,0.015141799178857428,0.06335491964114773,0.03232383074988336,0.0023566534310627044,0.0034038533143950066,7.800805174348428e-05,0.00023495318854560042,0.003791313272534907,0.00035872641483690064,0.007358027371176314,0.10113700516882519,0.023707516957001944,0.009318971518568718,0.01541083903292903,0.06753526827613593,0.0007327151464377014,0.00011275718590550021,0.003673834198866507,9.785415692256486e-06,0.00028834687285090053,0.0016987253353065032,0.007620630921193315,0.04737214826805369,0.009616129928627518,0.0059872035181610115,0.024302975214582946,0.015085759936255728,0.027492546505027953,0.013123576601392324,0.0562410265736772,0.006985044615744713,0.013582955374387426,0.08589900160282907,0.020454479329431736,0.018989380982707336,0.00010278958560050019,0.0555203457932499,0.00555582417622301,8.117353190801715e-05,0.0004786947982699009,0.026661640696326552,0.00012327890853220023,0.12726719438665465,0.013605068986160826,0.001565255604546103,0.0034293108420349063,0.00013173888402000025,0.03504330608996887,0.0004133625765072008
401,0.012284070312003029,0.0068879703568953165,0.0003302394502214008,0.0030268966724131072,0.1624021900195149,0.003438884679336508,0.05401374067626593,0.020301899967585347,0.02458937296015986,0.005552925091307214,0.002471383687828706,0.009496066925220323,0.0002014095914999005,0.05827935280887365,0.01615059845906584,0.006577973104855716,0.010006588308298123,0.01998665970885595,0.049795840744767526,0.01767724233891274,0.001236786522145903,0.07772149067653149,0.008828567098036021,0.005011761137326312,0.022176751950115255,0.009919904319600324,0.0033698265362179084,0.0026237061754006063,0.0007646613343535018,0.023229692137343057,0.0785534757141118,0.00031323714401670076,0.015548729532810739,0.10182067377131865,0.00015518021028700037,0.0027126483739789067,0.00023627354110220057,0.027370209302122365,0.024810602636933857,0.0016816054978860042,0.007130524781131617,0.0011949083802395028,3.524031751016425e-05,0.02143634980486525,0.005370854212744013,0.022042007569045157,0.0051024034651770125,1.9038236844724939e-06,0.0386974764274765,0.0074312417426066184
402,0.0007234426330754019,0.008650854227162223,0.008456837869063222,7.263497257068676e-08,0.045865312480057124,0.001135539690130503,0.02939341361050838,0.009356661682331225,0.007110797020600219,0.0005387222032413014,0.030982205923935382,0.0009229325168022025,0.08764979906928673,0.008263567717198222,0.026214255933216468,0.057498426334625354,0.007710278493948921,0.01598842874280884,0.009513088757538726,0.002272104943144506,0.02542568056410777,0.020077513515510452,0.04848628309038623,0.04264582742416811,0.05901515701713546,0.005449913336351815,0.03161638737671668,0.007072907067682419,0.0002344176197770006,0.010005006685981727,0.0013528109374878036,0.002338517863704106,0.09659170505090417,0.0001400410784990004,0.02204048710076426,0.006525922347457717,0.009822155057948426,0.0029472573585290077,0.01800352786071965,0.01476822908435074,0.008150553995603223,0.154188084421736,0.01160639916007013,0.0041530679381918114,0.0015073213477389041,0.01810201157220125,0.0039707115235600105,0.0002218116871428006,0.00032639406590970085,0.01496715436601614
403,0.03624122909929257,0.04458899050699938,0.028727634961300954,0.01539689014015083,0.08198047553823505,0.0042488181485601075,0.0044118684791642085,0.00493988989931641,0.0035210194972264065,0.0015038534677575027,0.006753051859775913,4.521914612464402e-06,0.04711168077062379,0.03355341474890936,0.03515712101502197,0.00017209642685020031,0.14842545779673297,0.01142091497905362,0.0022232786132894045,0.0018788632191877035,0.014703668095988227,0.03766676982791867,4.483508167636792e-05,0.005921711710507111,0.005582483395076811,1.732386026946488e-05,4.291909602792757e-05,0.0006384906025015012,0.06168711009974872,3.7379376949515265e-05,0.04179172283750278,0.007993262906586815,0.01594920391406293,0.00018825019170990036,0.03514159847576417,0.00014710868647840026,0.0028467386316947054,0.04030520715876178,0.001643933395416703,0.056724569746700704,0.007051743353473413,0.0014855928454105029,0.00018817076902710036,0.003690907516245607,0.01651204783315183,0.07830715647935416,0.02645513914015885,0.007113154780325413,0.004640988645259908,0.013219740464189124
404,0.006747117195161114,0.039977174116512186,0.1000268785636256,0.050840575254721805,0.04081723910669358,0.004047659363368508,0.005788101493053112,0.004098969734888509,0.0022765270616186047,0.03587416522290007,0.030212518758676064,0.010885266550780823,0.021393594443372344,0.02052740867099324,0.0497244716355169,0.00462545826162731,0.006343412180797313,0.002801174329795606,0.022444953089268548,0.029342175559520362,0.006220058251560013,0.03881499281236368,1.0453311970218874e-05,0.020497596261999443,0.002714726834632106,0.01857509907866294,0.0010414357466534021,0.021220229133808746,0.0019417986372194042,0.0001377461343692003,0.016656263705264036,0.0005949777582152014,0.008982681783697618,0.018858176631762136,0.01460898867826613,0.000500349353337201,0.012298819127058526,0.07294015358850335,0.021146466987353445,0.0006774141154642014,0.01395648007422563,0.10746426696515882,0.028814540746887263,0.0026882781774634056,0.008236118087745017,0.01366144321158873,0.0031208948117583063,0.0021798293151665048,0.027932075148693458,0.02471280493626015
405,0.009616444769602217,0.13625431453428016,0.07458709108971284,0.02573049381742975,0.007353678497626814,0.01602602047312563,0.0007724362107623014,4.645539286786209e-05,1.4511151331909193e-05,0.008085172994362816,0.010958634955689621,0.000516156432008601,0.06599887520948383,0.003158058528284206,0.00018907204422160035,0.0004262067675426008,1.3352724675064841e-06,0.030285779434030356,0.009873653012996818,0.007161754524641714,0.0054269009602453105,0.003201766773499106,0.017777490377643333,0.01123047021147292,0.09693408837948228,0.0012888941714263025,0.006752717922395513,0.003588336130213707,4.105101324409843e-05,0.006303631340994512,0.020889006908474537,0.1674606113658198,0.0013964425096002027,0.006926485220107713,0.003790808816902807,0.006419927642441912,0.027896273494763653,0.024641826640654545,0.002040971027528104,0.011600674029681023,0.0025497444125416047,0.009574277404731718,0.043620018737973186,0.06885601720801843,0.03180055492019746,0.0018249639160029035,0.008682434918327016,0.00021914696059440042,0.00020781921644790038,5.022561046687873e-07
406,0.010319034669622525,0.008377524469375121,0.021877911469751554,0.0006485882258237016,0.07083789121318587,0.006862182675746916,0.009574000921674923,0.06589130180653657,0.009361352174676223,0.03822714397911209,0.002138178332010705,0.007275732960765118,0.046920772340281615,0.033791755901178784,0.0077872557883162195,0.011350701257986727,0.00042597355268980105,4.275861401178588e-05,0.003244445243239508,0.027225677453163667,0.0029061136308598068,0.002457401653594106,0.004364981409249811,0.0003868763700405009,0.016708339082582242,0.0005302266836147013,0.016657346307029343,0.022220382497494955,0.006400452665766715,0.014997465754285937,0.01761281685420584,3.8294401861201376e-05,0.026142287535761963,0.006090149020590615,0.009641919133944025,0.05853503824151455,0.0038604594565623093,0.03421651744356068,0.1305324516022645,0.0020935268537854053,0.018508779838156346,0.0814091504540463,0.026955870639451564,0.006949763348909417,0.009088395373488522,0.025970541193445263,0.033827753621574884,2.3630984582317012e-05,0.00394385659870781,0.03474902829991899
407,0.026191728468558054,0.015373951228246432,0.0473384410902883,0.021696679591779844,0.02227501799106425,0.05862055246266633,0.01379354932172213,0.06025225156063883,0.0010508050803830023,0.0054281214300212115,0.015500986765470832,0.03520859469353688,0.010225589501104521,0.00029720497396180066,0.0003748464492093008,1.0062638650860762e-05,0.04366533977943359,0.0038178912261842084,0.0008161969683182017,0.021824434033436844,0.0052802618084503115,0.022109574204255744,0.0044125947082904095,0.09767398976324121,0.001906782410725604,0.004115800470322009,0.049892546625854406,0.0006881536406420014,0.006354977288787013,0.007709840834499017,0.017213808741902533,0.0016675819565403036,0.010560982027617823,0.0010866871958553025,5.5604437541672274e-06,0.026224334651995154,0.01389216154350263,0.020632571119878245,0.05210762473990281,0.0035434971717187074,0.021412514527864045,0.029701438881349764,0.0005463022181719011,0.07379027134104055,0.00014171076933370029,0.0029952190682912064,9.231156514846503e-05,0.11426115035500313,0.0017128049719208037,0.00450469969946561
408,0.0017663224598631045,0.002667639334407307,0.003131331579518708,0.07746022511631,0.013180332345854032,0.028277974249136573,0.01924208370310665,0.02508803388769266,0.009611267438733525,0.01967194252866755,0.001556780078378604,0.02393235795116626,0.013488793490016734,0.03342742043465248,0.04248926253795591,0.006420549509888317,0.009630662747021224,0.017726841080785344,0.04599034057443612,0.06975658263171929,0.02264418181762036,0.02088850167874295,0.01681669501436124,0.0013492492280533035,0.04893112188919053,0.01900815963234925,0.001539115206694304,0.0828041025459147,0.006174016434414315,0.007587829292211319,0.009085817553043123,0.040847647062345206,0.00015215879689650037,5.5342686048834265e-05,0.037778855506216895,0.008190643607427122,0.06871622965769877,0.0013006217748107033,0.013472846549730735,0.0002863702432871007,0.009306355668059624,0.0042919823824582115,0.008905258879708722,0.04269159943541251,0.0010041800198708026,0.005608345500538915,0.014349084825423736,0.004262080757096811,0.009547949001594024,0.027886913673469172
409,0.0015886884422625044,0.013134632247552035,0.00368256233585611,0.004003887034432211,0.0013980147311121037,0.0008215216289935022,0.0004134806370982011,0.015488448819864041,0.00024178484358780065,0.00379666253219451,0.005034470426155113,0.15736155396105272,0.0012088847329823032,4.106334230180193e-07,0.004385018828211611,7.765188085616539e-05,0.0024868025552320064,0.07611320122491981,0.0005430372826795015,0.014346443041266838,0.014279024531283338,0.0005629509944453015,0.012372022878741933,0.010301188934684728,0.027544950971707474,3.224387761062302e-05,0.0036226986717624097,0.0017116813405748045,0.03820079488135401,0.0038401052697858104,0.11729903261577472,0.026849377222213474,0.010495874093806928,0.014028202703298938,0.051878847319714635,0.008260720400507222,0.0009405610143490025,0.01485054495156294,0.006985250519649118,0.0035379469438617094,0.0003093229909386008,0.00372135784716981,0.010097201138147128,0.008209861466290122,0.04490998540566292,0.010716408898547828,0.031502676876392285,0.06071919288944966,0.01910483144331615,0.13698798308766447
410,0.0027571938531677042,0.00695712818175881,0.00629104241319871,0.05002821484575307,0.00043271035074080066,0.1917868684110127,0.0009203296781781015,0.0030878777582659046,0.0028798639953788044,0.023338827773058936,0.03286052860985595,0.03102730692467375,0.0022398741139155035,0.0005102048216909008,4.960571909552258e-07,0.04761966264100348,0.07581512300354282,0.011734960803877918,0.0011816668978194018,0.023143676470190933,0.008514810000417214,0.0011761476871743018,0.00016584613699950027,0.011449417977383617,0.0002764335867649004,0.006493498046603711,0.0002464945937654004,0.010507284761097715,0.0018753973247227027,0.012525945909100418,0.08016953529509943,0.001218889687185002,0.01954319639885033,0.04094215299920826,0.04065135343492576,0.01353940760564592,0.0029066043234753044,0.03235941511077945,0.0007848369258909012,2.7742181487841604e-05,0.010214231562847715,0.03207172037628365,0.01372616374773242,0.0666494516385351,0.0020972295289721035,0.03469144315806426,0.027494174576988942,0.005655880236231509,0.007366908952223111,4.482863126824031e-05
411,0.02597416622435875,0.0013097860712847024,0.001063978873816402,0.012046681145804723,0.07902664138693415,0.014864011158689927,0.003935092318561608,0.0009507374609283018,0.0013822758348615025,0.0009225091507130017,0.0001529830674296003,0.026808019076699253,0.027662361609773253,0.018643850904832733,0.0009247304268009017,0.029045293877496256,0.008844231597684117,0.051367534114720996,0.009899708694070818,0.006274899769962012,0.01691626962379093,0.030034716758108256,0.06950471482279842,0.005809957684562211,0.00028413056156310055,0.0003095901115132006,0.007314776124935914,0.010801463358114721,0.03439022262347996,0.0011536790856296023,0.04757689860225389,0.006673060303704813,0.036532273715381966,0.005414717428726011,0.03959595481194698,0.07824145843018745,0.07097437238660453,0.04107888265731448,0.012028658914219623,1.455808763733085e-05,0.04014070182156838,0.026076444588122947,2.4954847349570696e-05,0.007191794930787014,0.008724561517270116,0.00048398134494820094,0.011040020584132022,0.007813129010053816,0.0569549167395394,0.005799645758332011
412,0.08048902145466026,0.02062928173799534,0.001511852059087803,0.12036073054353853,0.04662202596888389,0.0014289405207740028,0.06467511524624503,9.614951434152189e-05,0.000979248481739702,0.008132136899614315,0.05654839049128081,0.025071411108919948,0.0016494791393038032,0.050996273770554504,0.017263419816585836,0.0025629869279736052,0.01935319207621844,0.013107094223963726,0.02020447531120794,2.16767383479511e-06,0.006472906647776313,0.0007299549235728015,0.0015960664701033032,0.002632248471759105,0.011099801363384622,0.03593255838130517,0.0009357836844124019,0.03529714696161447,0.0037467924782427072,0.028245355205715555,0.026375437297004253,0.009551163505000518,0.00982160043244632,0.023584012502961948,0.002399659456890305,0.0005657227544300011,0.006381042529164013,0.0943654237962218,0.00021099268207130044,0.0045281073091555085,0.03176815851256816,0.03257087112931166,0.02454337871101825,0.00017342252502120035,0.026952393443702757,0.007586198065543515,0.012770902183106126,0.002357291886883205,0.0051141296955574105,8.084027331601117e-06
413,0.021647885018864558,0.006545232495024318,0.07764296474870272,0.069624448428227,0.007683802211462421,0.042671573022178215,0.0012034825131286033,0.00355293357231791,0.04333393166115812,0.016389412491727245,0.023145841416406267,0.0005234503110022014,0.013024390555796636,0.05736231278170096,0.06488762502019058,0.0012200354973728035,0.022289019123499162,0.0023308258079882066,0.00033951874358710093,0.006076495386584916,0.0012820581203753035,0.003217066608748609,0.0344133815469347,0.031245044153205385,0.00030753264845740085,0.0026896197951931074,0.004381922648767712,0.011850079768578633,0.05056353819380844,0.0063124771125575175,0.0034623159762268096,0.054635392362268255,0.01739429698962335,0.023502323845927767,7.100690994972503e-05,0.00352063858856621,0.0005744981752698016,0.0005608224753030015,0.03302745297102649,0.023188358200188365,0.03129577060196989,0.07045520618301779,0.011928531629946433,0.01791902344963885,0.0014246589611328039,7.697511394495333e-06,0.00735752469558792,0.002894576755439508,0.05799474033653536,0.011027261977440632
414,0.012315898845612926,0.05281657071650541,0.07589701556441407,0.005616473950301312,0.02830666575707086,0.03471701311475318,0.024638564868719653,0.0016175240758104035,0.014516414848658631,0.0004350391385039009,0.06899321938805174,0.004287769279660709,0.0072482256264449155,0.01827732836793284,0.0033156866122375068,0.002261429988916505,0.006028604120696613,0.03392095668343177,0.007605332228971315,0.018528826810771337,0.049909687271217806,0.05883532544925533,0.016378813148553033,0.0023058741198483047,0.010936972433871522,0.0022140212821482046,0.03972798971587648,0.0011616368556991025,0.008331789656073318,0.007756319338040617,0.00012207468078980028,8.522024571338258e-07,0.003299902977519107,0.008532405190155317,9.662410457303262e-05,0.05529298750197482,0.011102236720464025,0.06337801330345834,0.03884948182606268,0.04339287642836659,0.029761376644052963,0.00044494390384460094,0.016812358081522236,0.00874657365052072,0.0034756135506417074,0.0485933102619253,0.0011702551060751023,0.0006749689819720014,0.044651466715455494,0.0026986889101199055
415,0.1945805794888063,0.03969147559570618,0.054674814844095115,0.06996940530619795,0.040217098436408784,0.008201702094500317,9.65822720095998e-05,0.0001849047663285004,0.03159842425696067,0.0010675931560803023,0.003232233819910307,0.000459296156471401,0.024867956588981954,0.0019843391214031045,0.03208273878866437,0.023471706527484648,0.011478185866264925,0.004813539433935711,0.004403781853098109,0.0005043611575683011,0.0002847136608373006,7.180284711901688e-05,0.09823539845634861,0.0027234407815084054,0.0031782677652084064,0.0007100246844514016,0.0010381091629306021,0.0026573833478532056,0.00916584126339992,0.015889462729459836,0.01400191252578133,0.001045221290959202,0.0011831671321194026,0.03760452443336658,0.060874648381858035,0.015135417110459732,0.007496029346958216,0.00949055521386132,0.010176622781795422,0.013538851157739928,0.03211696559684297,0.0052326784297395115,0.0036386457649772077,0.006083779753208613,0.0008493847123821019,0.011497895732501425,0.01431844919727573,0.038547950850057286,0.028419602065295358,0.007212534292827716
416,0.02127255323732224,0.04077242744844518,0.007927726841694016,5.6941033168027226e-05,0.1106789911342126,0.02711593358789855,0.018992229126179833,0.005858246636116312,0.0062862906380351125,0.033010762922101464,0.0046256903232034085,0.00034071667892490064,0.009748659615767619,0.00983356096097942,0.02192237183559664,0.00018874247726270035,0.0018911379215236035,0.028088045024841652,0.003674717448838607,6.8234314497878616e-06,0.03652758862493007,0.024725368695560444,0.03772805800710917,0.0015167237423861029,0.017770800208495936,0.03674941204033157,0.003237731795712006,0.021103871850641037,0.0008063691474299015,0.01126534096199052,0.13604937201138276,0.0026846384680877054,0.0012340352050409023,0.05897117995550431,0.001447620535917803,0.01676021402398083,0.008606127815096216,0.04586981214026288,0.00023484983731190043,0.005991979754937812,0.06466567838323012,0.03811585112456667,6.335262118865648e-06,0.01122919991550602,0.04348415012030998,0.001194567539806602,2.3808132637767404e-05,0.012146614890549322,0.0027491183244261054,0.0048110131611767085
417,0.08374619567012132,0.009779280962107024,0.0014142081075461037,8.88240732779799e-05,0.0015558441780511038,0.0037312059062392096,0.004956183334019513,0.03158004722144808,0.00810096841649982,0.001604316171774404,2.8822384111567493e-05,0.0031236647278620076,0.005859195068994215,0.005798130510028415,0.06323105300811187,0.01157612907961993,0.0009011064091854023,0.017736218805532045,0.06155878456292096,3.966061111340142e-05,0.003549817122347309,0.02250242923032086,0.014964798505906539,0.00415363709332461,0.006817364993605118,0.0007213382389147018,0.0041572468892537105,0.06384458097015337,0.006115465244324316,0.0021041168741133052,0.08896089231776923,0.02266739554981236,0.003956839937206811,0.077839548119839,0.00010607337224570027,2.41592750265096e-05,0.0373830743420583,0.0385660785227678,0.0007685568394390019,0.00420101965170031,0.10901217126934588,0.0008964568717030023,0.02739960935705087,0.00041940758373050106,0.04438159611205651,0.04498419635530362,0.016363963288987742,0.0014085862372168038,0.014079712258214337,0.021240028367697655
418,0.0474186077504971,0.06312696242782904,0.1294313611931991,0.08083069482949087,0.017200522729476236,2.8404249875841113e-05,0.0002874098518174006,8.190880342884892e-07,0.00015964163932890034,0.03282411110680107,0.00046031041244220096,0.030623361905583867,0.05172669417114821,0.01406998447971833,0.004006726847218908,0.003299144861340607,0.010582230877934822,0.034920633177506974,0.004029140987604909,0.0004896163795890011,0.012728723412195126,0.01015402695099582,0.0008564240722381018,0.05138379191794421,0.019219001898300243,0.016579914671518335,0.01908527311970324,0.002955299967641506,0.003474654353688807,0.0076702699818497165,0.008145825495755318,0.04238832960733419,0.0003957236999501008,0.029599194288248462,0.013774952073865329,0.001454040636075003,0.020654109054750246,0.021439480262861146,0.07039179073410665,0.0010079208464677022,0.019203511762552642,0.008822959957089819,0.001426610282348003,0.048280641583320204,0.029501559288030263,0.002216267039877405,0.007107063277082814,0.0030290087533935066,6.0760204923535424e-05,0.001476491839454903
419,0.08583363331365598,0.02050335615740964,0.0001399791139405003,1.5455403661716099e-06,0.025383014909716353,0.03666205391840038,0.002369914120491305,0.021575444726881846,0.0008774199746668019,0.0034597674425906073,0.008269626467401217,0.01404969536406143,0.04064413239496098,0.030174307250526063,3.0414645684689905e-06,0.01378404920735603,0.0024170257223574054,0.012193672388279626,0.0011980413143751025,0.005518616379119711,0.013430442988291129,0.0009610421377927021,0.06079771971525862,0.002879292463954806,0.010646802470464222,0.012728812745899926,0.05934401773495732,0.018466645439893938,0.0007340116361575015,0.002444242685390105,0.00010973658173570023,0.0889749205851102,0.01818619766152924,0.061597213679725135,0.005319072495406411,0.006759665274218314,0.002459042804647505,0.00961882786832912,0.016123617400797336,0.0026225839489932056,0.02877623404918876,0.061984856866760835,0.0008098855147609018,0.007708547925969116,0.03224308208855567,0.00882960704811652,0.017206559481031936,0.11813168620352785,0.004669165338756209,0.00037812999365410084
420,0.004679742173604312,0.028857940346140375,0.02761174909682527,0.009926695804268125,0.050470126792035934,5.966349535591466e-08,0.01526332207593674,0.018629414540918248,0.03417686229610629,0.024565500392456065,0.02766890487772117,0.0793718411587605,0.0006553084932654018,0.004456143118618712,0.00047360474851150124,0.00014310925685570038,0.001164273680823903,0.0006030360163611016,0.0004179991790011011,0.00021821143768070058,0.03444086196739509,0.00014413789961150038,0.05571713126589815,0.0027299708496718073,0.013722015118167837,0.003042358282744208,0.0028202629845121073,0.02932135641164158,3.6061314727815545e-05,0.007719577510722221,0.030816654841482282,0.05531172733422655,0.01528414711486474,0.06022371129857316,0.06111946157569736,0.03465958717318699,0.0077733456565827206,0.02597331465921337,0.02572647628239157,0.006786699421635718,0.005160799272707114,0.024095791865959667,0.010293632765711928,0.001030992705727803,0.0007092417257606019,0.013740669640430737,0.038091371733621,0.001133632178240803,0.09849772966943386,0.004523434330073312
421,1.3003800570299295e-05,0.007874823130260116,0.07204026016553644,0.010228462491119021,0.0008535334570336018,0.000966837753285102,0.06876589759052774,0.006718748110484813,0.0005870376572283012,0.04132769138083518,0.0033600589534348063,0.00515055485248141,0.02984670896483736,0.009902575171475919,0.008326241050043117,0.025248673649555853,0.008076275311181616,0.0003442980882816007,0.010205468211474021,0.0037852367627214073,0.010072362323368321,0.0012501656116035026,0.039530856745928974,0.00033532240277400066,0.0022710267142380045,0.006878904180207814,0.013993374170542828,0.005822466432688711,0.0007339154809429015,0.0014198424723382028,0.03154602098805226,0.027291571709286557,0.013860114537548427,0.04160844549172258,0.009264321888707619,0.16293338105489474,0.00523566381569231,0.0008074060218234016,0.009833806356889019,5.051534972337692e-05,0.04602842109820499,0.0962567349848914,2.2370829416324986e-05,0.00497033653163071,0.09159296787591067,6.370044656977613e-07,0.03762397923304087,0.0024987997664788052,0.009008971259198518,0.013634911115420529
422,0.02362916145773426,0.0371991506999736,0.050465222718355934,0.07967120266735221,0.06485694223578836,0.0010620246669908028,0.004221043105574211,0.0028708519976317075,0.02829685935180497,0.03542927732274849,0.006487392396501317,0.01865114590577285,0.005475733430270714,0.013934544229929336,4.4700200425318895e-05,0.001230860204076203,0.023361688994738557,0.02365871513973786,0.0013566256069932035,0.02068428608339225,0.004365582012934411,0.0007112267062071018,0.0009229831615435024,0.0012483529679453032,0.0004740448629042012,0.05234753029831473,0.025961339979553567,0.009232508867132123,0.007407786170339619,0.005551047015231214,0.0369002031900188,0.008053341711097221,0.004725356449363112,0.006030882581978316,0.005530999905349314,0.020006228182836153,0.013588534377101434,0.006437622009066816,0.0009713409322925025,0.04955203252231333,0.009103920474668122,0.009185997365356423,0.04307712661886151,0.012540411944581631,0.00822019592335532,0.008699124954633222,0.01191557888050773,0.00035148005693700095,0.12373238914057771,0.07056740232120648
423,0.09622202802040083,0.05300460599205908,0.02922651419637854,0.0702170621959697,0.06194674054549589,7.767949741735249e-05,0.00038807738883990056,0.0004333338706228006,0.020041575762530628,0.021510771955555633,0.020438089585851832,0.0018962406557625029,0.0705762575633747,0.000679877984949401,2.875356449841152e-05,0.002177388086706603,0.0044985147316158065,0.010640437048633615,0.004997610094823807,0.015060132330506522,0.005978232763583109,0.0012408585851843017,0.007942585847724712,0.001295675084573302,0.044600033862635065,0.030619006011191646,0.09594765535877074,6.027638433089171e-05,0.0009665502059525014,0.0026404498191511037,0.0692225396481266,0.008668148521455012,0.005821186552391209,0.0017091316868004024,0.030454209372795644,0.05012613205660467,3.7960979882583944e-05,0.0010974976681853016,0.009678082691091114,0.002744291348768304,0.02092648435751853,0.02602981467402854,0.007500943742198111,0.0029996433127146044,0.007891345923245613,0.019771287673106628,0.004809685032367307,0.0008386272584369012,0.018501572068710427,0.03581840043648125
424,0.02626000641309806,0.03737942162825799,0.0031688552600490074,0.030928552263328375,0.14558938583668482,0.00462486487867311,0.00028902565479230067,0.013618131025216931,0.003036109020776407,0.0013634209598100033,0.0026632558995728062,0.006835467498175316,0.041859587193610596,0.05055331615156482,0.03458019873677228,0.0022036185972441054,0.0009156362925232022,0.05805850477818604,0.004766702999644611,0.03386488461168448,0.009127877195946021,0.016750050457586436,0.027793841374426365,0.05908763167615224,0.006856252000722815,0.0011843173006714028,0.027209160863570662,0.0006609221661530015,0.032694425610727176,0.021340811224936748,0.01795249851883954,0.05997581029213034,0.014306009941738633,0.0009736187569859022,0.0003581241842300008,0.01844795313734114,0.004157723013388209,0.0053779044546677125,0.007360824463026118,0.11217940307341136,0.0030971453934928073,0.005040672563841512,0.015125414072123035,0.007447466718352918,0.00023616843618230054,0.0018529598211390044,0.002973087527038307,0.00032976083874150075,0.015555566235017436,0.001987652987754005
425,0.047128334990088,0.08727375144801879,0.08038828588490157,0.061003310415626226,0.10709560553099101,0.022337245909562545,0.051587267207084106,0.01977368636294534,0.009884317324187718,9.634218581468652e-07,0.048412874392052094,0.0007290396753403014,2.3235132320506574e-07,0.012480287119424924,0.00472247029127291,0.0018641651123009037,0.003410071034544307,0.00524369008200011,0.004160796901199509,2.9063060083309228e-05,0.0007100796230747014,0.0036145428870175073,0.001072579777969002,0.005169783405914311,0.003452886595201007,0.0017859900200093036,0.00470031955461811,0.009696115314999119,0.0032160293567941064,0.00016979885595040035,0.015362633953137632,0.0013619659283893029,0.08742878793757528,0.0014279298224505028,0.042073982264648785,0.00021380613550780043,0.014160043571728727,0.007793268927475716,0.04650492576385569,0.001364265585573203,0.012630607584762527,0.00022389509243560046,0.013823729656504528,0.008719762214761817,0.028663978530076458,0.062273445799737925,0.01434585863464513,0.002212865331489204,0.014162040165981127,0.02413862319290995
426,0.05234910463636542,0.034638497073759475,0.019555493853035944,0.05535308541398532,0.006943555738474615,0.00014510837747020033,0.006406172053326114,0.00875233468357662,0.0006654995223200015,0.09323437925680951,0.014482559009345032,0.0005637327048100013,0.0024552565212510057,0.004641746057923311,0.01888909876713984,0.046434676847865605,0.0034176904164345072,0.006613574010998315,0.010917817809738524,0.0024121220129212054,0.008934512332314619,0.07521041224597737,0.0015419281849886036,0.05448077346860262,0.010748378908055124,0.005242758779329811,4.307528733994567e-05,0.005251246834502411,0.005171653994217211,0.006565162027300415,0.0025494268391326055,0.003142829113278507,0.0015388056590963034,0.012756473360902828,0.002310615304475105,0.012123064526432028,0.01692019226450434,0.03151414583746467,0.0053542094756693125,0.013990679118668631,0.005478082847336812,0.09872913328736502,0.03240012485074137,0.06427015893360574,0.006215338344043114,0.01297273151991903,0.07877281121457258,0.0005032133339233011,0.03563593273818547,0.0007606246005047017
427,0.05314515659632804,0.0013827045149385035,0.010714188766879029,0.011108930297291828,9.138306574207863e-05,0.003004984285980508,0.010363713767298326,0.014966258751832839,0.12635788213702973,0.047945538659683824,0.019710139066100554,0.05151614982749463,0.003151584090970608,0.003033426806239508,0.04617076603980022,0.008042160318959221,0.028102314145803574,0.023305446783337357,0.020196696447454154,0.012865585482125432,0.013759964494474535,0.0008686057773798022,0.020854461715569553,0.0404971640615848,0.06880630926020168,0.01173997838869683,0.00014909332397110037,0.002739868788725907,0.043663535115262914,0.004941749126890313,0.01139907130808973,0.00020938714772870054,0.0009716260129236025,0.0007494761494463019,0.005949608722436915,0.0010153765302173027,0.02718942103801487,0.03269744289956808,0.010398970636316927,0.0020005523939542053,0.09177408045796563,0.003012444563018108,0.0001971234385739005,0.014554917428077737,0.02834202601796027,0.005414263977717314,0.0025129387945499065,0.014349616951668837,0.030271116479568375,0.013794799148156135
428,0.04983799209650821,0.008173058200818217,0.0917790935837907,0.00881975450676562,0.0021662363071078047,0.0010040279187489023,0.00855257939426842,0.00870840203653692,0.0011689679148283027,0.015648456971228235,0.0015994350046915034,0.0007677358534862017,0.016059804297928835,0.0001328987924590003,0.1401794966343669,0.007185707484596515,0.0009168470851014021,0.03401552783731808,0.0019903540381842042,0.030410419489218465,3.329852468805896e-05,0.003184421462206107,0.06205249141000944,0.00471964932691501,0.03301769578100368,0.00046565005914360106,0.0008704796943616019,0.0045334650520586104,0.0004184888400094009,0.005582930891508012,0.011907269102411225,0.0006797317382173016,0.0010915878320445023,0.08081156714885689,0.015124876134834634,0.010403722353826623,0.012705094988598028,0.007207705767900216,0.006579610845846714,0.0005541282554790012,0.00028485562872260066,0.1809436667583185,0.016810307472560737,0.0023245846107812053,0.012627150608821528,0.045080830157477395,0.03199070646936837,0.0055025201972706125,0.004261043078316909,0.009113674360491021
429,0.026343583827582864,0.11054009638394387,0.036405552823700386,0.03371454944344278,0.014589193089439335,0.00900321463464512,0.015293217211667036,0.002286935396807705,0.011009454436370726,0.013365296914528431,0.019360398893246644,0.011887554315693927,0.016020104348961537,0.00875555325060582,0.005785265407768514,0.013100447058449032,0.0047915076419946115,0.002177565852792705,0.055523676439122635,0.03357454513914788,0.0014196018158937032,0.015728266183783837,0.07366286277338346,0.010607935650471025,0.023612526962312957,0.04797110638465271,0.0008996756010057021,3.250600234788065e-05,0.018401714951204042,0.018959507223166444,0.003402924923439208,0.023425403250577355,7.283219613010976e-05,0.036000641303701585,0.021847707518663953,0.05847534547788144,0.0061054717152451135,0.0074994873561856175,0.03011572197218237,2.930746780488631e-05,0.05172949496517322,0.0026812131733707062,1.0880881695245901e-05,0.003883004047230709,0.00427329327865221,0.033262913159533475,0.005605336925694913,0.011447538051593325,0.0032099741352040073,0.0420980921419074
430,0.004148730280919111,0.03074948924858478,0.07245952799038638,0.015720970005805742,0.004363548397187911,0.05942133631821325,0.06160110831887096,0.01154082424890613,1.4133777850822756e-05,0.02753137437636977,0.10037062701266836,0.002380076347777306,0.007405782195049319,0.03534563474652829,0.0003571220672820009,0.0013867713641243034,0.00039609211253360105,0.013683563792381635,0.050653363298116434,0.001194755608096103,0.003279872218052308,0.01838776520299175,0.01203192433976063,0.01611587212901934,0.01844679063669025,0.00036041077183310093,0.013682744862221034,0.01232570795417813,0.1214402631989042,0.013361873973726535,0.00048343419521410127,0.05004093365870412,0.008239463789700821,3.219678200116022e-05,0.006411775568669417,0.012145598719848832,0.00041213019895990104,0.005976451368583616,0.011808303297505929,0.022060614582061155,5.905465200625686e-05,0.014198775598607237,0.029437403913676777,0.0073271978203089195,4.438115035615377e-05,0.006209827794010816,0.05237816133076533,0.006952884217448017,0.015017860667950139,0.020605493898591853
431,0.002821574716019206,0.05736400362802892,0.07476609754253376,0.02520066126610805,0.16279835862665284,0.003355483710853107,0.04117961800809739,0.021065317278613244,0.0011532129642147025,0.06669821628007173,0.0019300045053594042,0.02364127791556565,0.0001806924368158004,0.03150651762355237,0.01477513093740523,1.8150236171620503e-05,0.02267077651480265,0.011378140815114724,0.016033960894504134,0.003706982306564008,0.0017272231973872038,0.017622968160256637,0.00010506485091120022,0.025327521713785852,0.013085054421727528,0.0012745984512591026,7.997448037698446e-05,8.248596412001055e-05,0.048893603571175705,0.003897294720105008,0.008633305670355917,0.011164967501134824,0.0010199570271689023,0.000921237653243102,0.0494235106930748,1.3074787031743448e-09,0.006658312537436514,0.06365683839226034,0.00972459773318212,0.04157855367725849,0.022025146574154844,0.00996942816046762,0.005515716524103211,0.012211617589788426,0.035494063193344576,0.006540638525062114,1.430736628630634e-06,0.008878978194845118,0.012173637114721527,6.80934561363234e-05
432,3.3914414479259933e-06,0.012515954451653528,0.015389245114020334,0.03466903999622998,0.0012200687909089025,0.027912261626559864,0.035391621996425676,0.05355835520561822,0.016577228749755236,0.0019087027353143044,0.0029839542012928067,0.009783050355470623,0.0050246504344878115,0.0005578664661986012,0.00029713760469620066,0.007996015932203818,0.0033427957437591072,0.002032584366106304,0.0025525472905421056,0.00876277271111192,0.034445048929987176,0.0026198087029294056,0.007108203506584515,0.0896649416377707,0.001372553139489503,0.0026093614822896055,0.07029714324052225,0.0005476146033243012,0.021712029732599548,0.0003717626734907008,0.11978530345853447,0.0468911972071886,0.011612110522474225,0.04071818134285489,0.010700297312611325,0.009019595775378421,6.136939216404282e-05,0.0007625487182431018,0.001332966919052903,0.0032586828088590073,0.016360591118852835,0.005966284148204813,0.005238706510156411,0.05865493537518763,0.005608294732892412,0.08895056100827779,1.4241985115685508e-05,0.014273506663711232,0.05243795348646692,0.03512495865098228
433,0.04736819036527649,0.004396477543350408,0.004121287440524007,0.0045206873017185085,0.019849612852698838,0.0017511631907195031,0.0036038350410656068,0.008248044548755716,0.07029950953602064,0.10553509782921139,0.08915513147165037,0.0011189251921401022,0.0043040164316400075,0.03253182665160486,0.012035438955283122,0.014097007337633426,0.000523364418858901,0.016102982091979832,0.039567712503121875,0.0014819224068955029,0.004670900255098809,0.0009324688746217018,0.12902897163247815,0.011059681902573322,0.0008151934175610015,0.016759981611430132,0.009344139543673217,0.03638231952059077,7.982362673044412e-06,0.006185638484698611,0.004225826992721607,0.009274886133211518,0.0023913970628809044,0.00010938487747900021,1.1084045811731065e-08,0.025023971675387748,0.0007035624153633013,1.110377942387426e-05,0.0551148685268594,0.03329598877461056,0.01616367421871723,0.007517090246494114,0.0021149682937720037,0.039126937784130275,0.00035254511021440066,0.040680668008121576,0.002257464791035904,0.008005568255134515,0.005112576276022909,0.0527179949788252
434,0.027064717146114668,0.05754669228844824,0.015532327463115237,0.0420285740252571,0.050865195115280926,0.014830919683202036,0.006955685495232618,8.037618111769241e-05,0.02155136938475035,0.012563085265754831,7.966313878227899e-05,0.002271570286658606,0.001957146738273105,0.02603587797151046,0.029276144883748974,0.026600151247813265,0.0434713321367653,0.013046681132298132,0.05479196602702583,0.00440444315409331,0.015356593212810639,0.01624599651514604,0.03266559779380348,0.03388074018061038,0.000393119166902801,0.01938770495135065,3.603453599359236e-05,0.0061398814240548145,1.2288374482586904e-05,0.004598979631780511,0.02107229966565565,0.009125764199448922,0.008635559558518021,1.2555282929648247e-05,4.209500612560285e-06,0.05532015928532423,0.017178891497084042,0.0009942981973852024,0.03726399182631199,0.013380732735095833,0.023074434810601455,0.009830815088343225,0.011258297758038828,0.02084813219128315,0.006581005705934616,0.007412597690167818,0.08908444876353232,0.004927050881807212,0.04461275362524351,0.0397111471845039
435,0.0010955926547094026,0.0025501697250909063,5.724389839665839e-06,0.09740552934065703,3.0325812448412466e-05,0.0072472344417884174,0.002885865930636507,0.05597687824355614,0.0008728385536096022,0.0006024349749266015,0.010116338303008725,0.005785166253296414,0.005862871453697115,0.12268663529293221,0.005506180931692214,0.006022883170348415,0.03635350806047859,0.022479400810853655,0.04739878872619692,0.06262190770726415,0.023525988804134357,0.009877632764800724,0.007547176744298818,0.025604733170264963,0.009730966558197824,0.004080869265626209,0.06258410041443026,0.0006044646406740016,0.06424693376624946,0.013587914172046333,0.013575300961159532,0.0008788790784098021,0.05275854470624993,0.0014889915277784037,0.014779960981335136,0.001258333718516903,0.0043370762387398105,0.00014545504920880035,0.03358795193775158,0.026245358486812063,0.032629667020543776,0.002472538209499406,0.010068263783560225,0.0015041421290085037,0.006171407898931914,0.006998826612229617,0.03038797777273297,0.004952202072933712,0.010032955019904324,0.030829111716939476
436,0.002648117403610707,0.073590056472238,0.049699781491944026,0.05299832752492944,0.055717136280668246,0.002414406008121706,0.013397215200571235,0.010276206318512025,0.005108870484865213,0.03599788851292559,0.0012669638029522033,0.00026150183997670064,0.0004979942672193013,0.0009753124930062025,0.024661288702550164,0.0751379846049057,0.017662011882774345,0.025739833296618265,0.0005276614027053013,0.0012379692870085033,0.012426980485044932,0.006770537474842417,0.03145596046997858,0.0018266432156673047,0.0016662195302138043,4.136436055085451e-06,0.002436828754983206,0.01902774650087065,0.045019468404654615,0.024311056143485964,0.02874985465661987,0.004690424827450312,0.00041204170849100104,0.005293001238232614,0.0037107083811325097,0.0023117079595314062,0.024914317467951162,0.03490641464660519,0.010683879754344427,0.003190811191273208,0.0786739478774513,0.0010114893391020025,0.09781508463090854,0.08062797164541781,0.002850944488877707,0.0036681012185024097,0.0013497412369066035,0.0031999441804644083,0.016216196303047943,0.0009613125537902025
437,0.06302780989576437,0.0067126884186970185,0.03345773681485269,0.002909031766602208,0.0002606398426137007,0.004506746467120112,3.8687819548950833e-07,0.004872672502103213,0.0012370568984220033,0.0023836311752486066,2.807055896044015e-06,0.00018791651243140048,0.014419027130738738,0.04679606762743142,0.01812385266786415,0.00028128705636570075,0.0010167514781343025,0.0005811103913769015,0.00790082382285932,0.007309272948044619,0.0005717597665716015,0.014337291403463938,0.007031246605419119,0.010676750754290627,0.036346309539268394,0.040924323083737814,0.17944586732067036,0.0367182351458581,0.001141698759172703,0.007838354129629521,0.004263026037580211,0.005109871239109614,0.00028498794908250074,0.024763930975882965,0.01501447837586294,0.006800174515501218,0.016036263347557242,0.009171740669782925,0.0009894226096577026,0.005605652651849715,0.003038105508816908,0.0007039111384346019,0.08141261565789312,0.04037223282102651,0.005354907520217314,0.000742065487239802,0.062233217404020366,0.01769166587924605,0.0020824672880629057,0.14731010906433128
438,0.03305709258527559,0.06369143722330926,0.0739873457529919,0.03164277266946258,0.04249622227871531,0.05678595998160425,6.159808551461438e-05,0.005837674602184815,0.004618153297402312,0.010289412478064528,0.031205923148321484,0.0010744250414261027,0.029226710365076677,0.0012651445025730036,0.004908195962592913,0.05663288075338045,0.01107496393725653,0.00034879194797030093,0.015593931241244342,0.020271120177125256,0.00762819945557872,0.049825893342975235,0.009142595758313825,0.015469590400896042,0.016834264627926445,0.010398023101184827,0.02600866141554717,0.01512340598094214,0.006076215926352517,0.0006194604638744016,0.0001487401276955004,0.0013560472499150036,0.0004971998922010013,0.05304431487512894,0.020040818224105153,0.017421202124731344,0.0373950905757847,0.0019185572562683052,0.02378995082321756,0.0008679724323753023,0.009639932408061927,0.03158263890748338,0.006230999403222916,0.031222086706754682,8.114727452014271e-06,3.0181327172715218e-05,0.06630154054652118,0.030168965204675678,0.007894391769585021,0.009245188912564224
439,0.009362857013148923,0.0398555592796992,0.009452749632988923,0.011220391924649327,0.021035859485065353,0.0023107326285076056,0.00046079418621090113,0.032015382307281674,0.06668407350672517,0.011863525538910529,0.042241543610200306,0.00843766152773202,0.001250940578154603,0.0006136782829028015,9.15236962393437e-05,0.0383815222873286,5.018411968882377e-05,0.03707622116491799,0.0001195714458405003,0.010271531465372824,0.019045786180392044,0.06330077522159785,0.05397283105525613,0.0038659977583293094,0.058007590053213036,0.0018478764242167045,0.00885416669226292,0.0025415886767454062,2.3153703822689997e-06,0.013880790613468334,0.0002836984120958007,0.004002113313999909,0.0007232944881898017,0.0035827709971379086,0.00031905650931910075,0.05097718808487633,0.10367791586624366,0.016282172867622537,0.14808301077455277,0.024700833956980358,0.0035810293868589085,0.00026099509846070067,0.011218479903514027,0.013159557391335633,3.082576248227052e-05,0.030822664958853777,0.0015499067091645036,0.00836866629873652,0.009988531392951425,0.00027126609919490065
440,0.0027410608925151052,0.027782382529276152,0.02649336383260655,0.009734023243999919,0.0008931881919540017,0.07178235963609964,8.105070275860435e-05,0.18130922074375702,0.006044117126506511,5.7639093200669176e-05,0.004499144160871708,0.021783562007310943,0.01621322245635623,0.013320850960078625,0.005021573428944009,0.01065887391512762,0.0034292770314689066,0.0072161886326920135,0.00013978171650790028,3.155785247313214e-06,0.06346230774837253,0.0002487448279635005,0.029321506860517255,0.01135742534492842,0.015292765546112629,0.1550850316973593,0.01596311378703133,0.04668327099564909,0.014626153375168828,6.442385498452242e-07,0.0026443712241529054,0.0012445679492660024,0.00022289805870180044,0.007191212287001614,0.013120101577519125,0.032953457182399164,0.023652838188950944,0.013037739076794425,1.4138341875625083e-05,0.013747747510063427,0.002565961702946605,0.017578051052167535,0.0034582400645835065,0.024494973873390846,0.012968581733911824,0.0022241068342757045,0.051147101826002295,0.0016960949175415033,0.003924725282980808,0.01086809080654222
441,0.035309937457935384,0.02849161261354127,0.03747832637206749,0.06222809665601415,0.014068939356781135,0.02026760891680245,0.00036570732359180087,0.0013876711723311034,0.013284056253250333,0.006520785540045816,0.0020621914574694053,0.008815748257917021,0.001273664783574803,0.007144026167123818,0.007437411497749918,0.03341043299085778,0.010934002304601627,0.023209389597341857,0.02116575332618455,0.031096206465837675,0.005789207519043914,0.0389744397596251,0.042419825397395805,0.004075413072635209,0.005366961151821713,0.03173988616398678,0.0014772213095276038,0.0017756820300812042,0.019767751065452647,0.00861368863299692,0.019847455121638848,0.023593654807826058,0.015324256359686038,0.00012870461443450032,0.08230841691729919,0.0014529456467142034,3.6526370421081664e-06,0.03441072338038708,0.051089882547111026,0.0018284854471699045,0.027443236002473864,0.0025310813204186063,0.02364768548815826,0.00433644753147081,0.05968455401519725,0.0388910677000847,0.03816941275359429,0.02145775829513945,0.017356126640713142,0.010542808159854426
442,0.009711105853212021,0.06475258371999834,0.031168760010185564,0.012032663946744727,0.0006224295504799013,0.009167492238758219,0.0013742577488798028,0.010760732316172923,0.10664851952151162,0.07535713710771186,7.92945687882214e-05,0.00903287528782182,0.00916728694106812,0.00010614556678420023,0.059756457639210926,0.002701550677161306,0.00948806856565092,0.000949324890478002,0.028317831077461757,0.021224276044415645,0.0013458395185211027,0.00035990204669670076,0.030124739766200163,0.000992682573572702,4.536133428229924e-05,0.0006469270242508014,0.010287319398281123,0.007867231313733918,0.00030501736097160063,0.05371868207564351,0.02365005617403955,0.12600058693811547,0.013923665939841729,0.010615102298464522,0.0030185679855568065,0.008347457533151217,0.00882451544350282,0.00043395125591760093,0.006281326204394613,0.06384088618767604,0.004298786714710609,0.049583981890043205,0.02001644233821544,0.017574326979431436,0.012655021393873526,0.014880209323948332,0.03905188925719108,0.0001365276685469003,0.005228939154748911,0.0035252636339802076
443,0.0051688810089984116,0.020958031358162345,0.013145248709132527,1.4527196069411097e-05,0.001912004647747404,0.016736262336566936,0.016455231951212835,0.00026125142884860056,0.015780571760217535,0.022874469351739347,0.03035894422970366,0.05318278949189161,0.03954997404595198,0.01016492883108872,0.002917076773239406,0.03139789011958447,0.011477163922491923,5.006255380953922e-05,0.00012256457917850027,0.028491684293089858,0.0048097734501977105,0.016222984925513034,0.03703964920421227,0.0004464014467838009,0.05264089366267701,0.07402075213178046,0.012778283111442728,0.10822233507914222,0.004352446134171209,0.00487990868452151,0.0073073023959857155,0.0017279873013135037,0.031099778514986565,0.000479171540950301,0.0008197457151098018,0.013376009660729127,0.06624186613967954,0.013248972934353627,0.07729105050612237,0.002494473065082305,0.05807611460546343,0.016828696603792936,0.0016040714549695036,0.003248416538113507,0.02826657223518236,0.0004330480603056009,0.025533874942294754,0.001480592280448503,0.0037852531351640077,0.01022401595078572
444,0.03884088076230098,8.584043300479548e-05,0.009559144887265421,0.03872203840756578,0.0009440549552622021,0.024403498171462954,0.015940594700117435,0.029735950361070067,0.011338843336964326,9.596442822450433e-06,0.020751732521126144,0.006050765056606613,0.03553662608907088,0.020717108999881644,0.03155067359879877,0.017561963046434637,2.7802911350632755e-06,0.0006074585716063013,0.0005134828816880011,0.07647055507418497,0.0451709946112736,0.013073816885405029,0.0048303677465144105,0.05999992322148753,0.004781237720661011,0.021541720963155847,0.0007772117069914017,0.00485278433272641,0.0010313154466098024,0.021068905576883946,0.010818440559321824,0.06960358755644536,0.0021793159546358047,0.017548315578623738,0.015938801121027534,0.010261640114542322,0.0002692027389800006,9.632534405407142e-05,0.00019636251542580043,0.002279915360138605,0.015667962037186334,0.044429535440815696,0.0005478555633977012,0.005790194598537613,0.03187391199020477,0.059378809884033934,0.08164214095916898,0.0053907906547739125,0.010702913708693224,0.05891211151991423
445,0.010685568761897923,0.01358972718922053,0.002458642156072505,0.004850317285244611,0.2380883840622566,0.056167298222462816,0.04034043030575808,0.001441456899965303,0.01421993021819803,0.006833096996584515,0.002684758800353006,0.05821080509305882,5.512536519982568e-05,0.01382258942616813,0.01019927949416822,0.010435689584891822,0.0013193472380588027,0.007934769702640817,0.006828282402757415,0.000539199152064501,0.05402871441202991,0.02978459695329686,0.023144774574680747,0.0007147930138046015,0.017732920334307338,0.024717237571952953,0.002286455795950305,0.0023478762928072047,0.024940858890309853,0.010867913020127823,0.0016246541773604034,0.005484875258720311,0.029679370578740264,0.030752301530370167,0.00966712690397942,0.003646192713661108,0.020685755801485246,0.00433158888124141,0.005000728571242611,0.004479548792738809,0.0468712702940947,0.0019238667658967041,0.07888733769285176,0.04347670861883939,0.0010855383545387025,0.00485086829409621,0.00011651348860780024,0.0031179749204284066,0.00015161134262870032,0.012895327802187828
446,0.07156980894972315,0.04915358447000461,0.02207274735214375,0.010052142421565623,0.025758761515579955,0.0042443603993829095,0.03781591328282928,0.028564293282911962,0.0011763739215946026,0.05405863807116672,0.006044884210959813,0.010206948545414422,0.04996873200898691,0.09720612403523812,0.006199602698499114,0.0006703086369436015,0.0012377482016727027,0.005461032798450312,0.03716133380748618,0.01730172656092214,0.00032984747654990075,0.0033113550773380073,0.03876215088507008,0.015304039357358535,0.010899741336980424,0.014561324896019233,0.0012364551789301027,0.024353231007118756,0.0851532690992832,0.006241670230025114,0.08618770810787539,0.010592327470655524,0.0001824346912897004,0.036572410433723085,0.0009527130008266021,0.04176973290836929,0.0011402966850565027,0.013741978842623532,0.016286125043276336,0.0006704858270468016,9.1356711775735e-05,0.0017849191970218039,1.1010186656287848e-05,0.006853212166238815,0.014878724638052532,0.012288579276049028,0.0005711109905086014,0.007856130165161717,0.0033199041062079073,0.008170689835435717
447,0.0005747855519915012,0.0050029673530138105,0.004102906040385708,0.12217703088849215,0.001125527628589702,0.011154282116797122,0.007954900857547315,0.021831760463465844,0.008234029403920215,0.00034315974198960073,0.030772462362642763,0.0002003786409601004,0.00014597885951890029,0.03314812334563917,0.003491114294205707,0.03636896657092867,0.029947612552257558,0.05325901570395641,0.0490976575509415,0.022459522302015145,0.0025317613010039054,0.012462644329083025,0.004295639222912808,0.0006412398027166014,0.0024892316123419048,0.0007597459516741015,6.607291374949492e-05,0.017972782874655736,0.0031943755663456064,0.06531440022505842,0.005323939782942211,0.002988326974109906,0.01979615547158414,0.04666420419789619,0.017020722750453136,0.011190698972433123,0.03264073696653996,0.00021093185239730043,0.004409936002009409,6.134958114876127e-05,1.7888908969816e-05,0.05568774807102991,0.0032675201464926066,0.0011919283335018024,0.008294379411716518,0.12684400385421266,0.008003905006324415,0.060372960058169015,0.018721822494054637,0.026170765135213953
448,0.00033033698766130076,0.00015181733556210035,0.020826957617583748,0.00417259376977881,0.00410620088853411,0.05106628087154592,0.015327058083756836,0.007923402602338219,0.02129002972630495,0.00043662498766810104,0.0027792058446192065,0.06842915275765506,3.507318052103504e-05,0.0405560015613078,0.0006213715405283014,0.03025075321057797,0.0037580698012112087,0.0004697818568179011,0.045506208881653805,0.049208821316774516,0.056904138520511835,0.032238929984372576,0.0017180387745327039,0.0015271588150820034,0.00414602701843491,0.0004951712368500012,0.0431875178114919,0.0027704048952007067,0.003372680554151508,1.0691741727761823e-05,0.10657553311958455,3.4138376116526796e-05,0.014397168523542033,0.03904935274778009,0.01599921472617984,0.011004053360445526,0.0824969299563955,0.0034609440991859083,0.0015487656861241036,0.0010683319608958024,9.86979325143783e-05,0.02178040944750225,0.07468511550392358,0.034827221737541283,0.001656340654717004,0.03898341391789649,0.011197418770355527,0.013271948762506631,0.007829103878811718,0.006419394663224415
449,0.0002351857579025007,0.03693293235641721,0.011190316629093934,0.006226766881127119,0.001357654924533404,0.01920542825991356,0.008232805226533224,0.000998610559695203,0.008861956434856226,0.0008041306412972024,0.004006825935340712,0.05107247388829805,0.004193347073921812,0.0005767511199300017,0.023937052906120273,0.041279553365115525,0.008027510122928624,0.014349727630274743,0.005340784443753316,0.10572062849496852,0.021682629865220366,0.0001012628626674003,0.007477451579114522,0.0003150902509348009,0.01965049036623096,0.014980610866215945,0.01028050748389693,0.00024583891938990076,0.038505665240613815,0.022229398163010266,0.01645385806080475,0.0005153025916300015,0.05892162035951267,0.02337122912941327,0.02102841355044176,0.012136348666072137,0.026225757182668778,0.013737951784046442,0.043725086950494034,0.00025034784640980075,0.11297997391295773,0.0351687283522768,0.09270860355476837,1.6739159445588077e-05,0.00035399293937150107,0.02963729808639729,0.0013264114451833038,0.008369073757780624,0.01348170628583544,0.0015721681351735049
450,0.005454207183509312,0.010486957944917023,1.3218795710440193e-05,0.00030355992269440066,0.00484310908185271,0.013791813047663932,7.986535759080345e-05,0.029238615557426666,0.016120448864391533,0.014230263888933132,0.018318374126326843,0.002423700774689905,0.0003616484488428008,0.1936476098553991,0.015466688496918735,0.017501921633903638,0.001749564770200104,0.06950622272317425,0.015956099030231635,0.019741086215870843,0.051780514892003415,0.0028577765438874067,0.017591409541670436,0.092194254348806,0.005915229508132013,0.015933308952368636,0.05225550747666582,0.017735144747834337,0.011769601592462826,0.057687079809513125,0.004019369730687008,0.0041237384076496094,5.506865652491114e-05,0.029715340695179865,0.0010367689101976024,0.005757505714979913,0.059514231535578735,0.008804268679462619,0.0007170374318306017,7.256193047080155e-09,0.0025331487590224055,0.00010528180614850023,8.703257393334966e-06,0.002095786425815305,0.038126138517052786,0.00439584309623211,0.0024832200155529057,0.019246693056289642,0.002295159255206805,0.04001188565941049
451,0.040888374356468714,0.016508783415549243,0.04685497081116413,0.044536446702022524,0.04108941685388001,0.019819410184587754,0.004032801910346011,0.0002755029849717008,0.017665274055612547,7.466190213358831e-05,0.0024172322515908064,0.02917642230598868,0.005529382315509116,0.0012680175703679035,0.049212906099278836,0.009285382309208626,0.0022919102467413065,0.022867912315705563,0.015535481595054343,0.011872299628261333,0.01724011260298455,0.0009932018810161027,0.04558331453726702,0.009309136697944826,0.005406872507063415,0.030540458179643883,0.003975291131525411,0.023873515894019866,0.005305076604170115,0.0015646175537388043,0.003284081391393309,0.037406247759407804,0.0001861342880778005,0.02837888354354498,0.0008993991484263024,0.054252750692581155,0.05306383987085585,0.0004708621495264013,0.008314113155667022,0.024086876789424665,0.0006495287182005018,0.0012070102487078032,7.618071700383438e-07,8.445631270757146e-05,0.05735874751865886,0.01905589351028785,0.014819601644007842,0.002743124405642308,0.07975849939521112,0.08898500024668425
452,0.07989842909361212,0.0034127875375503094,0.015379434520323443,0.0007315478183107021,0.004858956250261214,0.051596904222560344,0.0019039814229543052,0.0756273788319417,0.001432144389735804,0.020286983097666654,0.04580229007770952,0.011667194933115833,0.0702451144839498,0.042751854117247017,0.005665464488542015,0.0008351436793132023,0.002486319113143407,0.016251104612942446,0.00357394507956801,0.0010003428330461028,0.007362860357868621,0.00023521232532560066,0.006010521601035116,0.020590295565267255,0.0026383822891795075,0.00023920539442090066,0.0004313245862144012,0.0691295928795057,0.022230746235528363,0.062129208889350473,0.0006765087355400019,0.02098490240825016,0.04460988369556153,0.05214780565779104,0.0022769081152644063,0.02094002903702406,0.0001136419264535003,0.000736744557393502,0.003320044780953109,0.06195688724114967,0.0011783164879518033,0.06264851022106918,0.006097552061913317,0.00020911710556540056,0.002481150607439307,0.01037118887324193,0.05015310428682294,0.010985665864275832,0.0003277938141710009,0.0013795737949786038
453,0.001942009746123004,0.002170388856916705,2.794402535588619e-05,0.024602321644497452,0.04270206965028109,0.05878226914142653,0.005350514547060811,0.00875187273012682,0.02490073733240405,0.08637282253209698,0.0020288245772592042,0.04269823767300249,0.0015888599204040032,0.007742578067430517,0.019793887311078843,0.0014019204804063031,0.02049458041388644,0.00013264496530080027,0.021659843304114045,0.0001876790781244004,0.001045370063840302,0.0025542127285703054,0.025021063150185152,0.03901323148829918,0.00011257536437650024,0.003907234787445909,0.012870494576631728,0.01903211493099944,0.00922179132304562,0.006841401997743515,0.10354645972098932,0.030850386862518366,2.608324478608157e-08,0.058937714732866325,0.006101195029777413,0.002970582284932906,0.035700875837138074,0.05267514455468161,0.01003992160447722,0.01740620079063144,0.02366475558006155,5.339522745154891e-05,0.00010851492087180023,0.036375231520482276,0.0017964448800895038,0.002368291849554205,0.006202399774125213,0.016733730846555835,0.0006455892536022014,0.10087164223751441
454,0.12462761060534834,1.8702478014355137e-05,0.00040377798439660077,0.004245560867803508,0.053674199960201605,0.008360257199040516,0.029259212193669355,0.018939703375142433,0.03077387536510326,3.398649701888348e-06,0.0003037320864995006,0.0001609123791655003,0.03496047502717947,0.000510088437377701,0.000489374659609901,0.004181571525203808,0.018773728498338835,0.0023524148272162045,0.0042488002977250075,0.0032067702286449062,0.17435012433071073,0.0008154107038685015,0.014690720706217329,6.7060434447265555e-06,0.02295522250638474,0.013170986362888524,0.012484544651110024,0.024758292764369045,0.0013191324455859024,0.003856810951419607,5.309671433195151e-05,0.056789795845289606,0.0018625653546813035,0.006065611479350212,0.054402360802649506,0.007913890443798916,0.02804101469207645,0.00500370416604661,0.00024101146987580047,0.03497344415601307,0.0515925265922187,0.0038379932652450074,0.0013665698342443025,0.01085148012447982,0.02242386016944714,0.055052960579360204,0.03568691839142997,0.004396337335498009,0.0018079311433109035,0.009734809329270419
455,0.00024877920799980057,0.051088091817294214,0.0033044716536943072,0.10418043940985754,0.0008609663236710019,0.02849770229128896,7.092171043819428e-05,0.00944409710405532,0.0038322135601080087,0.0056372053498166125,0.09807195141829213,0.02773792824557086,0.02148249927062905,0.000456624055359701,0.03951650221405829,0.006670681707620415,0.0007698251054903017,0.033747871897300975,0.022854487585307053,0.0014374761720872032,0.0008039090280182017,5.787166250681278e-07,0.0014247981090004032,0.07512280176930906,0.01419513161609083,0.00040497445106010095,0.03939257806793409,0.020891458076179245,0.007085624742457516,0.00033672568949840077,0.03925476141426979,0.0017479205355176038,0.03158378852223627,0.03421934764179898,0.0005566518606964012,0.0006950304563534015,1.809574454537054e-05,0.003190411979304307,0.004091055839204109,0.0014829319197784032,0.0465333738733178,7.671466381762859e-05,0.019303857528813542,0.005754039579136213,0.049580614910209514,0.012159399214228228,0.00827851308868712,0.02150460077574605,0.07561830541617347,0.024781268670052755
456,0.00014097609439560035,0.005952273643929115,0.002197679078372405,0.010413429158534526,0.00014129914626070036,0.021186183642094052,0.005591268441110614,0.10245551130392525,0.004614939766108011,0.003803600063883609,0.015224239120965436,0.05954616510732624,0.0018828903264839045,0.010755355221606927,0.05670505433462554,0.020542549627682847,0.0021809321785326054,0.1193081336309239,1.7492790617224153e-05,0.05134515915375683,0.009526710445073923,0.003122236696711508,0.018316578185816546,0.00408499239982001,0.02863726076933247,0.0009891841675655024,0.008628603829412121,0.01716051809746354,0.044845231070133114,0.006066591930582215,0.011091749704990727,0.01743886428055754,0.00010168113448710024,0.03407240169760118,0.013229870436270733,9.806743848528136e-05,0.0003722684876410009,0.005158888634523113,0.10294872617233605,0.03351463416507208,0.004834298298878112,0.05278309310959763,0.00018511918423000045,0.016951092834563142,0.00010443517992370026,0.0004965918203090012,0.006353636414386916,0.042805376173060405,0.020717863385239052,0.0013583020248008032
457,0.05476334666108583,0.041254336996488804,0.02453038768141106,0.05901999615452554,0.06884964268971326,0.01685163083055174,0.002264766478419706,0.0029444333711514076,0.008657261843294621,0.0014540999686589035,0.0014450694553506036,0.0009354686889496023,0.009475090211851422,0.014127636622493835,0.009733381999167925,0.00012883908092350033,0.004574719340297111,0.007102073835128618,0.0012874237584194032,0.03829573013316759,0.004014957732865109,0.022376071973267356,0.0035143017250301085,0.0003557104994452009,0.0027378758999925066,0.07890611038569219,0.027675591636078165,0.014608460370893537,0.0025399265424350063,0.05392727072658523,0.018685680866209944,0.002102782342302805,0.026808421265806265,0.0017686475868774042,0.0001997064897159005,0.014189778490973434,0.008964994733740222,0.00393423643787591,0.010476557133692227,0.0035986337536136085,0.0005153353691758013,0.013746638323399334,0.00040722076264180097,0.04452333042570151,0.029894618094149374,0.008626948188156621,0.05435541815638653,0.02150751794240625,0.010418807206558326,0.14692311313728176
458,0.006996999637386017,0.0020637915552101046,0.03862398155341829,0.007252609689962917,0.003042897558626807,0.0006648705277064015,0.03180844259365228,4.125601672466398e-05,0.05805981640499374,0.01283666087128323,0.06034924468317184,0.0422189733424371,1.5529034102294897e-06,0.0013932155714151033,0.14242402095290682,0.0009953218181260025,0.03486217031780648,0.0011820737838824028,0.015012731428759734,0.11152407284530437,0.0013578312279886034,0.00010519616797660024,0.005666463051036513,0.0062825331388720144,0.018705797448886046,0.0008156453410178019,0.0012367781711376028,0.14386352771417854,0.004651873938623511,0.0037351839411095085,0.007135087318986516,0.01580703872922884,0.002945345984508107,0.007337638818232517,0.0011714542555366029,0.03992945918025229,0.012818778091157829,0.016888467691460237,0.0014419801385782034,0.017587150085611642,0.019185630350400645,0.01681903534500454,0.014842485804421135,0.010557358607347724,0.019484084603307444,0.022553228296870953,0.0048416270882032115,0.001280798504243103,0.001331774829625103,0.008266042080012019
459,0.026666806089757557,0.00046015878150740096,5.896630791880105e-06,4.998575206685587e-05,0.006267069681942813,0.00018786943459720042,0.008625441677185418,0.01915408340559924,4.0334074394858116e-05,0.007634118328678017,0.01967209984280254,0.01981242377914524,0.0006918700509999014,0.03561267253716398,0.024869199478263854,5.935174030443142e-05,0.019167430087859042,0.0020373599339689043,0.0008872929623464018,0.0016224475788504035,0.026046027760062655,0.021031091755469244,0.02330066480940295,0.007386907696899716,0.08539714375256548,0.026125678133222256,0.01396891984636133,3.159248461503081e-05,0.002491895527191805,0.08099346462345616,0.006638378432316514,0.0032222425179733068,0.03148158286158437,0.01376603792073023,0.039651063527061485,0.0444687621114349,0.019016452779422842,0.07273610883175365,0.028822535350935763,0.017706689494859137,0.051507290787872514,0.0005194801517528011,4.71267460596506e-05,0.0034838788030126075,0.026385627317216654,0.0022865367470305048,0.0025305874216186054,0.11542746309872615,0.03753004354910688,0.002474813312058805
460,0.029906957237305277,0.00840632973995622,0.012652378374671232,0.0004579717618318012,0.025396059376203067,0.04081694666443501,0.11672277469455429,0.007562229509609019,0.010541044463479228,0.0009020813858707023,0.057627731925881547,0.0400874804072421,0.005233559871774313,0.0018475725445877048,0.039128556724106894,0.017026640581291046,0.003186254469343108,0.01141396122072263,0.0016559167814774044,0.00028729569173120077,0.0016868656408123043,0.008241597206694921,0.010292889848369126,0.018241014915827747,0.0006696080140554017,0.0058798539230409145,0.006951620581386617,0.0014569170753906038,0.010111445290982726,2.049177927771026e-05,0.019001134239277347,0.030115083347430478,0.008689766823577423,0.14572256584985246,0.04267895825746381,0.10476279607072467,0.010431702974597525,0.010371616804907826,0.008496449606370823,0.009494925496522024,0.002391122782650106,0.014200032039081736,0.01558952682730034,0.0022158371612310056,0.0034028384308714085,0.037173751650143895,0.015076051011001039,0.010412666646226226,0.00769662580131942,0.00766450047753872
461,0.013234548091699931,0.03508170781733768,0.03467082189900368,0.03860127811129119,0.0021017885953598047,0.010269754597289125,0.005038418267575612,0.0009379999192348021,0.006628786954300016,0.05103158183444622,7.481916697033977e-05,0.02513309588884476,0.001791577081834904,0.0046096465152558105,0.028192026850670966,0.013321997852584531,0.02936582501168137,0.048356979787459814,0.029181229762010468,0.054400359186201924,0.027754634261529867,0.0011116603647141027,0.003461586435133708,0.011248753527190026,0.03572387734494968,0.002595056289168706,0.0002892122264386006,0.009638500819015423,0.013005379363386929,0.0003222884904731008,0.01302504098390253,0.0007830106952940018,0.0046473752686665105,4.5920707284608235e-05,0.034497040884625484,0.02564630680729746,0.011970506391039028,0.007977277408585419,0.06400589737245375,0.00022641062323040052,0.011774080281501528,0.10477792750945294,0.044636170462137005,0.03815571208278799,3.3687849315465244e-08,0.004043166551485809,0.0004795640369259011,0.010703214612419625,0.06490665575951675,0.020523495560490847
462,0.06181175354042002,0.07220566624153014,0.030207998194982055,0.011362156446241322,0.03208436278386726,0.02209401904338884,0.0008457119607395016,0.00494148163180901,0.14973143747742898,0.008776907804157918,0.02685572695195985,0.0006111751088604012,0.023443474891415544,0.0012542067641687024,0.017222097260781232,0.011810562778460522,0.00536549840354281,0.024263587359207944,1.091740941521324e-05,0.016114783985126932,0.02066033313443444,0.004155556202897807,0.005577232690951611,0.0030380187558090056,4.189572578459628e-06,0.02229467434339764,0.001073845113989802,0.003664738915401707,0.008977578807340817,0.05725931250088431,0.03534159925640857,0.007947367084966316,0.021192782672105642,0.002075239316950204,0.011682201626824523,0.08333438549236595,0.029892181152439554,0.03879610796324798,0.00027781475880820055,0.003911170121102508,0.014378973300399228,0.0008731719237817016,0.0035181716927357065,0.0013845612415664026,0.013326116578874224,0.04607982905049779,0.0013171721205716023,6.290122777917374e-05,0.005277449483662509,0.03161179785972256
463,0.027041293977210366,0.10000704765520795,0.0388851271564895,0.0007535275092074019,0.008400248010773421,0.0057426136217882135,0.02849757082321247,0.00394144372025691,0.014565078847039137,0.006457128362381715,0.0015669594613252039,0.009492391636102222,0.10962089454822646,0.0029541387966006073,0.042738933172758904,3.9311140164128144e-05,0.005777023394517614,0.001667535385434604,0.00018611795266540047,0.026112457137215862,0.0043730017509786105,0.009465163405474522,0.02132281520065135,0.009200786607360022,0.009099633447783022,0.11794633341567388,0.016535262803692042,0.002992325825772907,0.0002970107886239007,0.02890065320380977,0.0009149427532800023,0.008185537692299022,0.025233933410127463,0.0010717986777999027,0.006498807877138216,0.0027334031522581064,0.0014049492152955034,0.005846825954196914,8.786367948773852e-05,0.04728644864206382,0.044072855004996414,0.042872348900747204,0.030575263886315075,0.0059360769766274146,0.02181169819651325,0.08846263276296883,0.0016937190663966041,0.0035068788173052085,0.007199119159090917,2.5067416694250525e-05
464,0.084544078237661,0.05337511805488332,0.030132507847198967,0.024066030571008753,0.034119410556962174,0.0002615135806075006,0.03492352205141118,0.005975335600729613,0.019202579653002542,0.0025133019392333056,0.0011241020195765026,0.04084632564305849,0.031847979742955966,0.010107103759837723,0.03169509321812377,0.002252743288617505,0.028440345471285162,0.007389069874447217,0.0012710026012061027,0.05617169802129302,0.005261353551942711,0.0008130165333345018,0.00021368037033050048,0.02877128087384826,0.08281929296205698,0.006480072725688915,1.4180240933871461e-05,0.020439906904164844,3.3134221057354054e-05,0.02824144641270796,0.03290518240446308,0.01831442130941594,0.07753270633287007,0.002288331445034205,0.004971768545320711,0.01869989328010834,0.001394097939988303,1.8065229900723378e-05,0.03389641387439598,0.05758332628670902,0.005399035531204512,0.0026290580950595055,3.8926490093087755e-05,0.039969905234410893,0.00424903018526411,0.004995590763418711,0.007230734683516416,0.0003497702021524008,0.01366639460168913,0.0005211210358190012
465,0.02395427003730435,0.025400048932064056,0.12807535114531768,0.007632448298969118,0.027398552425175964,0.03385959549834318,5.7652970814438275e-05,0.0025147364283153056,0.00028707510399760065,0.01856374295473654,0.03124438865641217,0.022363884344156447,0.006235387981800114,0.015405943473136135,0.01829200535895194,0.007415884897006516,0.0479053630128703,0.0019355349217764044,0.00030815022247640073,0.00839549953328022,4.068104191332605e-05,0.0929542114207154,0.02147538693204355,0.022127765320073347,0.03469710365227548,0.002792252040321706,0.019622378658974045,0.023550679681150752,0.023231717400188853,0.02164362230690715,0.00012381689089440028,9.379986741358196e-05,0.01828212690937524,0.009261730535736121,0.05031786157385521,0.006111410414632914,0.007220141277559816,0.00827523709528912,0.03860499805934618,0.01934831672801444,0.000430734464122601,0.0006080426465611013,0.02310702197502605,0.017996261847738542,0.009163577734055121,0.05799166224123463,0.0018623998445180042,0.00461664483657611,0.03553225808975208,0.0016706423168301038
466,0.026286215916746267,0.03560718370953249,0.040769833910862995,0.006394184413274316,0.002532325561226506,0.0005938045333334014,0.018250568684685144,0.020024651830880147,0.062293960741863455,0.003631713470521009,8.531737892896758e-07,0.04385305894912821,0.023647152725139158,0.0038785130687434095,0.005281819761361013,0.0414915674358021,0.01941651171993325,0.014149940571087335,0.03252050593652148,0.0006319379125730015,0.06445165766725955,9.793681241370786e-05,0.031051772806869476,0.12463221616711341,0.005225519977871413,0.0030163707018226074,0.010574896639275926,0.03744117171393449,0.01692625319194094,0.0017312211350593043,0.0030923476868252074,0.0026909377134799067,4.368438768386419e-06,0.00014519332117600035,0.029137944703379274,0.021671319670352154,0.0011941689355936028,0.02906608286549047,0.005896002775682415,0.03547354212434548,0.0010381297518425026,0.000796312743155202,5.355618831760077e-05,0.009074974831986923,0.0406633249500205,0.00426614603606711,0.007344871176551718,0.0025181051678780063,0.07963137678389029,0.029835973294632574
467,0.005306123740720812,0.002687670426012706,0.0006181824492944014,0.0035213083574006077,0.011804743134973025,0.11191154556552566,0.03980981179357499,0.02660266599422986,0.00018196868484070041,0.0036834374606302084,0.0028806113112594066,4.331733323604275e-05,0.03943208779863319,0.011368316714314026,0.0027907959872051063,0.06825787927770245,0.024600286484750655,0.0011848940244378026,0.008748469715454019,0.011027842855242125,0.09757875424286282,0.03184425020846527,0.03847849893696538,1.6850196474102842e-05,0.1272088281225031,0.06720748483840146,0.016289423114124835,5.7421596828554464e-05,0.001852016506148804,0.0016270411531827036,0.012161934909978427,0.008023052195971317,0.0005369253093941012,0.012481658104605827,0.029190297423450265,0.028354897112716264,0.0036922675538611084,0.00016405972306990035,0.0018925522699834042,0.0004156064708411009,0.01424112649924703,0.0008402723493875019,0.04872450741281781,0.0007158398295289016,0.00441205992721921,0.005890737204201013,0.015108512361505932,0.0012088489389505026,0.029578866955331067,0.023743449422544652
468,0.07207691893154328,0.014645749268630137,0.077568561521386,0.03286439077297718,0.052947697446949334,0.024943363010057663,0.007746303021015119,0.018168840533575543,0.014380110587701935,0.0058085622847352135,0.003194574786790408,0.0036004723027261085,0.007054360180858917,0.0023734151397783055,0.0009276873758177023,2.208191583968673e-07,0.053907910910047534,0.0003155478131401008,6.887867176663734e-05,0.013069292924183431,0.0018009773910062042,0.0389995049504739,0.009035980581888222,0.0010549693091194026,6.0884009882183046e-05,0.03550834101686028,1.4580531416974716e-05,0.07523778533759648,4.9772046898682875e-06,0.021855572099363153,0.04633528094726121,0.08340456936976981,0.0022427326357585056,6.763393514377903e-07,0.01207755696294683,0.02857184558264897,0.00411433588746201,0.0767725914299752,0.001723570863512704,0.06674025087723087,3.7661794783919014e-05,0.012311185903200529,0.00046733692385200114,0.018434839316479545,0.0006926486211629017,0.005545548915400914,0.015191727912652437,0.0009260618173266023,0.0018370725083330045,0.03333607465575508
469,0.004904886744143011,0.029411112137880266,0.0061314720061729135,0.010927102939171724,0.016243849374132233,0.00877409903851042,0.03547337894745638,0.06642409911072995,0.06768250206248985,0.0006093019725804013,0.03209095828142477,0.00849082554718242,0.020136536763397446,0.001714533940528404,0.02420027110715675,0.009490042639582022,4.924388602080582e-06,0.015216596896872433,2.3933711836966067e-05,0.04946979682258291,0.00835363775145322,0.001364578133777103,0.05412754223775202,0.013903387682922931,0.018160925609870242,0.007844547053336617,0.00890409794919902,0.005898791547606413,0.005346260577610712,0.011319963599803024,0.03550134329860138,0.003038088300464507,0.014635263161638233,6.205124048983039e-06,0.060149586847141834,0.05421970193065462,9.34219659679631e-05,0.01928498325225704,0.014242335532124631,0.001815764554355004,0.057619868216498324,0.00014062602219410032,0.0010760685905815024,0.02704691893778136,0.07709188412885766,0.006404678830356914,0.061209688350172035,0.0006181006588962014,0.016297426830066235,0.006864088891576816
470,0.002767392976308506,0.0010246157572951023,0.0423163879810287,0.0005977089703242013,0.07029159511969996,0.020241825826755145,0.027459312098413263,0.005845941741278813,0.01650359614851664,0.017559399324006738,0.002398258455074105,0.00010320752468270023,0.21417811337373438,0.0438337357660328,0.0016086020234098034,0.00014733154895090034,0.020291521940394946,0.00842808260036192,0.05844759123716163,0.03194452342005917,0.018500264535360543,9.329576574831456e-05,0.011193756993946324,0.0433431838432094,0.0014979257867235032,0.004410130184173009,0.0035629673734332078,0.017853104876664538,0.000937822488451602,0.0007738147976194017,0.01902055949182264,3.588792523106612e-05,0.02199371396040125,0.005791552982785313,0.0029582071576154064,0.0001372098256181003,0.034002888917640375,0.025134454721278256,0.0035787657581622077,0.07866349766042688,0.007242860900997017,0.024674525458419656,0.0003249890947932007,0.018231738258597942,0.00832652831616502,0.027552539830770363,0.007555489653109516,1.9045358062167458e-06,0.002737494142293306,0.023880180929247253
471,0.012694178360447728,0.009316038652867521,0.01306827554544493,0.0005159956480627012,0.07351554343671876,0.03467888247241008,0.00887191592090692,0.0005684429895355013,0.042822372842837395,0.0017688216211163039,0.0029927852632623065,0.0033039378017440074,0.02189001294274575,0.00413849787867401,0.06398871524214614,7.204910154919106e-07,0.012560546131076928,0.010381976655916622,0.02333374793112015,0.0002590429389616006,0.0033026339110353072,0.0011863807301419026,0.06292582898211845,2.862097401286556e-05,0.024674496895291557,0.016842035514974537,0.06312804568653924,0.020691583903723044,0.01319362863639773,0.0046627366503911106,0.0010874132060411023,0.000946538658046902,0.007427082607397817,0.012094922266710826,0.011722290678353026,0.0015070946365030034,0.0457897856549255,0.07022603281827455,0.0019619505040158044,0.012755558348171627,0.001229646957115703,0.007375326507716216,0.03192503587992947,0.0025566565271575056,0.00011477041581440026,0.04957485291325121,0.15118953641597582,0.023226010108018252,0.01323356379324563,0.002749488451699106
472,0.020725730114967138,0.019850221196183737,0.04891886780393029,0.08883068295964627,0.004161222080868808,0.008126805637059316,0.02249555626621244,0.026874114437497654,0.007169156875317014,0.001075081354623902,0.017846024173848934,0.0015709224747069031,0.03495742744242897,0.006333309520298912,0.08000688532622795,0.011722417447721123,0.00028982181635870053,0.03205138037298036,0.03553742017073257,0.0044031175725625085,0.13436269923598654,0.025238871433409048,0.029048317599717655,0.002055368768955804,0.00012501522493040026,0.0015254032791950029,0.009073908024749716,0.003983909843994508,0.0023000074702211044,0.002152702509726004,0.009785798826388619,0.028734918598705556,2.2405073548196043e-05,0.0076452723920641145,0.009421792415010618,0.01005683007211162,1.537754325058682e-05,0.02610927758767595,0.00046331808078490085,0.0035368519585640065,0.04011928550569368,0.002538667232077805,0.007708291288984815,0.0018115247011741035,0.06837438474831513,0.0008150260684091016,0.0004341113082474008,0.04750087456726699,0.021537466833490542,0.03055615676317666
473,0.03965087791926088,0.08137991261739157,0.09679732803451689,0.01518809829351373,0.06422381334325802,0.06271171483273932,0.0026510064957519053,0.03304083812175977,0.07806846594004045,0.03283074944110236,0.08652352113208707,0.0003055506438278006,0.00489411253570611,0.019707453972133537,0.07189038979401453,0.00946578486125602,0.0016503024571325033,0.011524803549733223,0.010969983010511422,0.02422440116886615,0.028047313269151455,0.0011581108819249024,0.00016394031769160033,1.636955088356029e-05,0.03469517504858487,0.006460480291511313,0.008613739833356017,0.009830864890337819,0.003073492694171206,0.003484352423357407,0.03651653683280378,0.004384620309800308,3.5756472275530174e-05,0.0015381601280808031,0.00023796969435560048,0.0025175420874721053,5.734594300280526e-05,0.00024769270585990046,0.0011497145412949024,0.001087252890249502,0.011549541534848422,0.030578965083572364,0.006612413209076113,0.001525067844626903,0.01623962030702753,0.003005253065367606,0.005799442974285111,0.018648250887175838,0.011745452677002523,0.0032804534462487064
474,0.04076229646975707,0.0007872231648222013,0.0023131300766077037,0.05088116353036548,0.006325123336653511,0.004641387047390008,0.00046458288410660076,0.03052664161916865,0.06939481766566082,0.0006223135206951011,0.0004079658477886007,0.05395917978623579,0.09605944665301157,0.0020181633095628037,0.058116800657012094,0.0012591570177852022,0.02338552034183834,0.0027104026969326043,0.025372018931170342,0.0695950941607063,0.0031590680200159053,0.08606419061709684,0.027091383216627844,0.008326650948646914,0.01294596145327982,0.005376248953293908,0.01971305843100013,0.046655498969243175,0.01900169523185203,0.0025893078667094042,0.0019277978494810033,0.013413518145289223,0.007349334183030712,0.03201795340764676,0.0004107893205403007,0.02415387611633304,0.004851580038780408,0.0002937178868512005,0.012676539337541521,0.001145115404528602,0.004971285531307609,4.642352615019669e-05,0.006363423725016711,0.0021324441979708036,0.014040375964229322,0.006708744341338712,0.03900571892659626,0.022451675619796437,0.03383071480992666,0.0016834792426076027
475,0.10234088795697067,0.009993078765577318,0.00521142690170371,0.013472367136171524,0.021150617362143437,0.002479166199665204,0.0006208446950056011,0.0030585645455887055,0.0003119277918791005,0.002613433904490605,0.14219496999298076,0.0030852725327995055,0.005812604317097411,0.0015131858147487025,0.007224195927744413,0.017133965963302033,0.0007482096395242013,0.006321751312679012,0.005908351927595911,0.04685858499143728,0.03350497039430806,0.0023768422490770044,0.00602186924807061,0.014389956280275626,2.1766346854784625e-05,0.07776832045908794,0.0636021042153389,0.0031058351931436056,0.007811759417383814,0.0028593849449122053,0.12200778068914452,0.0012613911550537022,0.007691268586109314,0.00014303407735850025,0.012736937402426223,0.03425333717926266,0.0023359871960116044,0.018912728334848434,0.00579980328506351,0.016017841119251027,0.015322049792326528,0.0036147607074094065,0.004363162858654508,0.09103291203120696,0.0019913591803235034,6.493278100638269e-05,0.011716246210888721,0.0036746225914125064,0.006542782757258911,0.031000845637425455
476,0.015381363301638942,0.014579959276043337,0.00027814486371970077,0.002629109506177607,0.0025162672612684066,0.04524265412923402,0.008982413736808624,0.001089832233211903,0.004397538767109212,0.036837774394861994,0.009956957822657425,0.0033290890784829085,0.06041004092154326,0.005855641046426515,0.0008360025171215023,0.013007701322732934,0.03959860715978981,0.0030298885041815083,0.0008102337005620021,0.044999361620182116,0.007285750777303419,0.019042371844279753,0.027258066294046174,0.04665236417112253,0.057915637489374255,0.004960679261737213,0.0004249812245209011,0.02348138534586376,3.893695066388856e-06,0.0003392063758601009,0.004864436047197513,0.03415935180443819,0.12796426924664733,0.00014077526057350038,0.04556791807789182,0.02334043366012256,0.008193041792904423,0.0016051747405055044,0.04179471511919391,0.0016511519283396044,0.028744550013955875,0.037284669480216,0.016257007010240243,0.009313522252518025,0.02184493245273526,0.029197236208714675,0.038332868471066206,0.022131290382346958,0.0063587735458094175,0.00012096486165480033
477,0.06930917179989675,0.020113435618555244,0.0453067614381049,0.057263876820560826,0.05443916088801532,0.11298217012299865,0.003184620147373207,0.02382789773801935,0.0035528092432112078,0.0003593920197366008,0.010642591646885824,0.005137781661819811,0.00011461795030850026,0.053989643699652916,0.0009543990031471021,0.00859411696954192,0.017648530798229537,0.012382008218274529,0.0034971987350054076,0.030158399568379565,0.0011878578429128026,1.6207923777526993e-05,0.00017110010916330037,0.002499268568357006,0.00032995269267590074,0.0008344787938000018,0.0427741201231832,0.03490591037350967,0.09578097102085101,0.0015723508525398034,0.01815669357987094,3.067081836715981e-07,0.009645230904017421,0.010165354143944722,0.0040987013903067086,0.03760436313571158,0.003946992016760509,0.03417745174259557,0.020483595383287246,0.00468069618861891,0.0005873510831940013,0.03134493213682057,0.023525228181656654,0.059537615033755334,0.002807925983732606,0.0044296316610614095,0.002098405949597205,0.010539792904075123,0.005497349781739812,0.003141579702582807
478,0.009197869152683716,0.0023710047393840044,0.013089810005894622,0.0013141138174778025,1.680026776577333e-05,0.01066120177206442,0.0009173964364706016,0.009729640320252317,0.0024172953328064043,0.08034209978930183,0.00036037002307510063,0.013772968012393624,0.0009297551577383016,2.213921300292121e-07,0.057561121328954905,0.006989472600705712,0.011007028127588319,0.034051291110603864,4.0198761940289566e-05,0.006576803276521011,0.025310206309716143,0.05202017091610039,0.004254245109556908,0.02803216717031025,0.0003240367008643006,0.013949420382051124,0.0002535027721094004,0.11751533573258811,0.007538128671332313,0.007178018098245613,0.007281250772062013,0.000552684765656701,0.05169572443094059,0.0018370591571363031,0.05014948764120369,0.014430130917253526,0.17266698753756501,0.0046381682283817074,0.0004310952770777008,0.0015969768339886027,0.015017869550336026,0.00606233565187451,0.003868247409576007,0.03982064231308737,0.04385340760323528,0.0014234990668137025,0.0535180077924469,0.0025604748167371042,0.0070334410522690126,0.003840815893730907
479,0.0014222023320044032,0.036186598098929684,0.061321816955007345,0.004284289439170611,0.0023619059791786055,0.0008406655530424019,0.026392137008163362,0.004877435621045511,0.004222567104921109,0.023939148924179057,0.003093399391211407,0.0035601561960317083,0.017634262491293143,0.0036404567484818085,0.003588214563758908,6.050235368154224e-06,3.61800624012427e-05,0.00013983540355630032,0.06950338685151397,0.0006014877561324014,0.024348638661768156,0.00808886819578112,0.01365443740299773,0.0010949436174289026,0.0013635474893831032,0.05976061526853964,0.01763324551674614,0.02063465263460285,0.007661739577568319,0.0007627318284688017,0.00914911903801812,0.07365167856345897,0.06360867393640865,0.0077876174620793185,0.022850982796882854,0.0003068152234056007,0.02456280703559256,0.006875096078055015,0.003518261407827408,0.10076305096079903,0.0006116063275581014,0.023573856996563756,0.014721598652636635,0.0449878176000131,0.02171039359264985,0.03533067672475508,0.05964004967978674,0.0448938493527306,0.005142318723666112,0.013658112938436431
480,0.0488363373307631,0.02375365347699135,0.11064267807133073,0.061000212722757026,0.046877929356834096,0.004161030828731508,0.024454707805265548,0.00011362058474690023,0.00010627207123210022,0.0013953337143788028,0.009092389721451417,0.000993330298130502,0.007672849952334916,0.03093595087082046,0.009278327376073718,0.030939692458166964,0.005263295751297511,0.006249974559815012,0.001043996990329102,0.012062406699713524,0.0008537285076533018,0.001977738020993804,0.06587050256832302,0.06032322078199002,0.03320119165752527,0.0007137173206529014,0.015993956737844033,0.006392147751523313,0.008100559602217216,0.08558987248897637,0.013962111417048728,0.02619589304416505,0.007829692815202715,0.011006801143205123,0.02955569466882636,3.5201864801540353e-06,3.544451959518428e-05,0.0010854715929631022,0.031201829352416662,0.0008128651615149017,0.005716350447611611,0.023118598171456246,0.038700200289281075,0.052729028834139206,0.01605498828873203,0.005361980937661811,0.01070432630185732,0.008841185999798518,0.002440442985390205,0.0007529477637902016
481,0.006226941272144415,0.0002939178184835007,0.003975645487354709,0.09802689404308304,0.000418506114471001,0.0006332922484441015,0.0840237604630961,0.009237701266061722,2.6315231443045292e-05,0.021428674569241354,0.0004824574071873012,0.008748364556164422,0.026807160203017565,0.018823146285841447,0.023137538910436455,0.01178961955638403,0.002932844705736607,0.006909357895257916,0.0007107846111650017,0.0027980338310618067,0.05680057937919744,0.07083838526363546,0.004119304469999411,0.03426455465284238,0.015051229254478337,0.001977172130186205,0.0018080738624384044,0.0007483964201677019,0.002060868393483205,0.00443411452587711,0.008895673162235622,0.0015711490739757038,0.0015507702949036036,0.0003813626546830009,0.003162027872623908,0.00020457690893740048,0.013887940155180734,0.010748856308222926,0.000799737178153202,0.03627688529450729,0.05077903261943342,0.02611234516434696,0.049144924908699615,0.17543334845480102,6.115233446323219e-05,0.009382920430922523,0.026995866865152967,0.024613526986750758,0.03306815292740968,0.007396115576215218
482,0.0007406264113831015,0.03337903352954967,0.006146416333548612,0.007758575484863715,0.0014137265834651028,0.05492676154029521,0.003385611978818407,0.027772606393685357,0.12384149361817895,0.00010708529110940021,0.023216036087905643,0.050195961060444896,0.0005755710392358012,0.0015151629545724031,0.003479972001308807,0.0007251594741595014,0.006832715709516014,0.001902913569347804,0.0011417801284890024,0.02923827089929126,0.07893804232211965,0.08078820569446477,0.0007763053183482016,0.01883319355512464,0.003121686234711306,0.1050950296265304,0.03496791552726017,0.03964386852634768,8.167152900192753e-06,0.027300101432299554,0.023983345865744948,0.002056787792831904,3.842060349353769e-06,0.08494081038358306,9.646496268740735e-05,0.015432310970887231,9.886294317420397e-05,0.019201011525964137,0.0010415840913407023,0.005433002815554911,7.016556583707513e-05,0.0022517584185018044,0.012903733956499026,0.023383142618719245,0.030911885456605663,0.0019028490109356038,9.557799410117641e-05,0.003515379297980807,0.00490780412010071,1.6846693256619486e-06
483,0.050840157612066735,0.06126461645073146,0.015674701459407542,0.10247860656246237,0.01665381525630034,0.036968294274720495,0.0005468066265309014,0.00026076669045490067,0.014591369147084837,0.02350990159024106,0.004357269272250611,0.0001551734832306004,0.0034292714233298085,0.007450726102934119,0.02712590403684597,0.010447277417857725,0.0008980065959597023,0.015208507747304739,0.009955929061582726,0.02336998214635536,0.08842216636696522,0.00012202047415860031,0.016558355531509042,0.008409552907484921,0.023352942261038158,0.0021301939270640057,0.005733316012245615,0.000386039018204901,0.005085341574154813,0.029158498494693874,0.0007867215003385021,0.008914569015708322,0.00011734410105850029,0.03085980088035898,0.013824581542916235,0.004726520558038012,0.01191699340749293,0.006975066747381118,0.0001564732344970004,0.021769496910996954,0.0018264679966599048,0.002338887511915206,0.0030288165764527078,0.00010838051088070027,0.0379227796039142,0.013567074573934435,0.005232349729233713,0.03069972422064278,0.11838004835652481,0.082302393495884
484,0.010683438912451621,0.0007439011013501015,0.07490748197394925,0.0077228141881999154,0.012838375799949425,0.0029550498119336062,0.005558172564804911,0.0478085476973065,1.734326588190123e-05,0.10823307278107103,0.006553915765576513,0.06341239634043842,0.00540018802575581,0.04498577905684589,0.013963625002117229,1.6877562541154065e-05,0.0006391848331246013,0.002458239034037105,0.004671209410756609,0.05132221040576471,0.000969549524293702,0.004977599609518909,0.001492723432536803,0.005087748363859211,0.0042168519620173085,0.05278789734907421,0.003377146519002007,0.011737041173881425,0.04017817521610188,0.0017769502681337034,0.002985537901813506,0.019806144772081737,0.0037258126350431073,0.009770118131832319,0.00011447965809980023,0.021747095959430446,0.04634943201458449,0.017455234727389933,0.021904336274921447,0.00047108887350980094,0.018776507877403138,0.031499761148740965,7.497943021699678e-05,0.06556246443645553,0.053900553252214614,0.06750098175793424,0.0031912077012070067,0.02356420837713565,3.279691521329165e-05,7.375120249668218e-05
485,0.011721879067883035,0.020713068212006962,0.004731693679512914,0.03692249634633381,0.010673511877391231,0.005332914291252016,0.01996746499165356,0.004742253638073914,0.042288997160782424,0.00957764279544643,0.0024458219164575075,0.0040988470140690125,0.0639398074352727,0.00020885554868950063,0.00958331185930633,0.006246418854267419,0.0027431538442093083,0.11839609840009446,0.0002383001002016007,0.006071929404291619,0.004046674870141012,0.07270037639129412,0.005860941891647117,9.612630230688941e-06,0.0004522803414151014,0.008335644291846224,0.0655251008841639,0.07366348233878853,0.04218980307589702,0.05220926127046636,0.02972294815298079,0.051750494198258855,0.0015034746122532046,0.002372843666528907,0.006864957382075221,0.009610370171550529,0.016677205785320347,0.005090677187264816,0.0031834198277500094,0.009207809022911528,0.0018229331532114055,0.0037234069772198114,4.48461403371429e-05,0.015081092160796944,0.04698775341931774,0.02622563747307188,0.02717429613254408,0.0007244720827986022,6.97078631212335e-05,0.03652401016760131
486,0.015124150207179238,0.001226507895044303,0.005183467720205713,7.973001515598006e-07,0.004063556470997711,0.0041194092963326105,0.08062949814838241,0.0037835047259314096,0.0001876393288810005,0.002705792045723607,0.014386188749932836,0.09765776977538375,0.00385229247875921,7.349922490764198e-05,0.0008217352769600021,0.0026249841497062065,1.2593186102935775e-05,0.052261346570188834,0.031315017386691686,0.0028746835881970074,0.050242575995202224,0.023471180954215957,0.033106546041347086,0.0002334309283137006,0.002051962420943605,0.00800750708458312,0.0018626001863681048,0.0020716522382576053,0.014105038254217236,0.002061643920534005,0.01534341406150894,0.03247013309579518,0.09997862575901766,0.00397608161630971,0.0071253257100953185,0.032418632997778085,0.00772296715534142,0.042095112138050006,0.00011272735559000028,0.0011204302226726027,0.12935707120234494,0.01597715894334824,0.0036660862453079097,0.002799587685906207,0.0028919410527135075,0.04643308447758042,0.010962358912395328,0.023217809984504758,0.00047961378093320123,0.06173326605316426
487,0.008785784207838819,0.02768461031487746,0.01869605104295094,0.003919553299438109,0.014437331302538532,0.00012940701600830027,0.05513466965623802,0.0015677380309812032,0.012688172188957627,0.0030922352453217066,0.00501000053333171,0.006929199875120815,0.004244913764007809,0.0005433117446830012,0.0034777677266593075,0.011788080035789824,0.02508965270331715,0.0008257650213350017,3.578281034578642e-05,0.03788724953513788,0.03810899512297678,0.01003542251735362,0.019022063260981742,0.001396707750342803,0.00046607671144290096,0.001390978739708803,0.0005397227356845012,0.0003473983935885008,0.06904006579997804,0.0462128085264183,0.006675670426665014,0.03493981174425688,0.09930744983003131,0.001459244493598203,0.03583927295208038,0.030156879925531864,0.058821414696825024,0.00012886072660980028,0.0020041101980369045,0.05758137647280843,0.048403179502015704,0.0014564220390461031,0.019525438487600442,0.009412551664748818,0.10901378348501643,0.02233268217281195,0.0011551515034381023,0.012483654386663027,0.0009000108933786019,0.019875518785482143
488,0.0389492439130754,0.020315198482475955,0.01098619759623703,0.053894913282431144,0.032371905671047585,0.021955623290017958,0.12946288593579783,0.021107635655296955,0.008795368394440225,0.02186376592788876,0.004957290154126213,0.014518661710029239,0.09787335286751037,4.529234313234614e-05,0.0005901439653272016,0.005476340536263315,0.013156578547830535,0.0008253065067785021,0.024234323014958165,0.006788500020251118,8.234488176247781e-05,0.0062156754292447165,0.00750650542904142,0.01619352811293534,0.005019098895450313,0.0376914084625357,0.0008764494448615024,0.003363522068951409,0.007232967456540019,0.025354665621544967,0.047164577337577326,0.12649578769746472,0.016284035068201846,0.004464432074206512,0.0023892970323141065,0.01970051494234665,0.00011884365846480032,0.031017690222992483,0.002636709843031207,0.008214145007415323,0.05035596282099753,0.0005669150449932015,1.4201545691510569e-05,0.003141277232689908,0.02326594140176626,0.003928253742919011,0.01625548663038264,0.004843413610852213,0.000725922866760102,0.0007118986011491018
489,0.05953290619828073,0.020608185356213844,0.05996403305922483,0.06943580844798045,0.1694748621659778,2.902880697488078e-08,0.0018839676726095042,0.02672304788406156,0.00047339599845640104,0.0008299597549514019,0.0010919418347575024,0.03275403598926777,0.001792922562285304,7.551746851380051e-05,0.036281219535681086,0.011629933482990526,7.174183294111158e-05,0.013556975915418929,0.008187475040366817,0.0012605851411126028,0.0015205768867015035,0.00479769945675961,0.0008006300981538017,0.014810249068871432,0.0009417377868455021,0.02336699610854195,0.003578557781249308,0.008754002849885619,0.05673411694483463,0.009846886038083822,0.000904841559202102,0.001741786439775604,0.003515558384490608,0.0037037799437595084,0.018912053449301143,0.00480915996659871,0.03671410559534098,0.028790527281714662,0.056860478626457225,0.001240704188926603,0.0001387733861488003,0.024409545708937455,0.07050026241992366,0.042189329541008395,0.007445609079878416,0.00430810270819641,0.010436628645551022,0.016534511270206137,6.670499684846031e-06,0.02605757391507176
490,0.050246098478453294,0.009378974429647519,0.0006112376236694012,0.0037412549473056075,0.016192421409393032,0.00010811756584470022,0.006309243994223713,0.01930945906196464,0.14583046392386897,0.0031651556190932066,0.007998852899977215,0.010864776243481323,9.471489881729417e-05,0.012165142494882325,7.506925834369315e-06,0.015339099238897331,0.013609119299176528,0.05708797153485821,0.0052645569008834105,0.007901404607845615,0.003445808268646607,0.05754380422811082,0.022216247040368946,0.03166603549525536,0.04388959308140749,0.001982852612078504,0.04178550206050148,0.006507944362500913,0.00953879107724822,0.011161565066224923,0.03805304610884578,0.002605863018935505,0.007403454308457815,0.0018681868044554037,0.0962302816002409,0.0007291068598620015,0.0028987465447025055,0.0013096178096178026,4.616269119831281e-05,0.0022634092236228044,0.03484157609579977,0.00027917215884350053,0.0006524649916358013,0.004478912589358408,3.531845398586384e-08,0.01861337103924974,0.13893797241053757,0.007824733631713815,0.025877840074751652,0.00012233132925590023
491,0.05325721548123592,0.11693043437131678,0.03128954958605878,0.04689289894076611,0.06273323605797805,0.00870458497214362,0.019950375216240147,0.0010397103845383024,0.007168840831999017,0.0015225716446247036,0.023602794403074556,8.523919168942229e-05,0.002290117056620005,0.00899212510849702,0.08858240176527331,0.005489043890773913,0.011792403958280228,0.02574035518629276,0.002975224875273407,0.009756708925500823,0.0011423087529259027,0.0045994236667472104,0.0423928750508788,0.03946385059802149,0.003311123479845908,0.00015771210960270038,0.00044635304142740103,0.0001276509405456003,6.475851278097441e-05,0.041568625424456995,0.0865021138299359,0.01612591916529364,0.009742784665515323,0.03240590432632748,6.62494162541738e-06,0.03457961821875128,0.028954367962439265,0.005684849535631413,0.00043968553803320104,6.191466731424789e-05,0.013707724356736931,0.05310760911304663,0.010690949657493225,0.00032879513100320074,0.009391067525402723,0.0015183103390974035,0.008172041910531919,0.026116699190316263,1.533407654634038e-06,0.0003909730924402009
492,0.05354204240493851,0.049188205418615204,0.045519465418915196,0.10306413683796342,0.021030658199132846,0.040110870983935086,0.0034636109527821073,0.011604371744947524,0.019166807925803043,1.224910352219937e-06,0.021286515814645947,0.000457650803785001,0.01460557410203803,0.022749744641149847,0.036030315232215976,0.002926652780383206,0.024890822542562953,0.024440956639317852,1.9654163155466842e-06,0.007735034703820316,3.356056993564582e-06,0.02247259948768655,0.010561033371543122,0.03236425307193087,0.006079504165735013,0.0009389756616630019,0.01804848246780104,0.039212987605766886,0.026705511618359854,0.031235870006684565,0.006203418821553913,0.0024814803774946053,0.006466668880162514,1.5591194776989958e-07,0.012555734345917327,0.049255826723910205,0.021947029471075345,0.020695584984841343,0.01898400015056284,0.0007498149871114016,0.013436526699224828,0.009091239381898718,0.028320933913681758,0.015320784980100933,3.617102097877571e-05,0.0021033191607595044,0.005857370382447412,0.026709194404410556,0.06695180378438263,0.0033937406297534075
493,0.052472494310174325,0.02460061702628016,6.826111893483601e-08,0.006930636865196516,0.019515378972513445,0.0010962939362342025,0.0017527505420372042,0.0005178918118724012,0.0003048680377506007,0.007759836655110018,0.00026896395846040067,0.0009377976825720022,0.0018689290487364043,0.0849806143386056,0.09173808599100051,0.03700942314761018,0.031350989738729074,0.05938323527881234,0.0037976187776064085,0.02103422494939175,0.0814352691757288,2.998068730945318e-05,0.004746457138513711,0.002543154192668106,0.011399435769101126,0.003019478585841107,0.01756353040858554,0.01732287500096194,0.008674606106674521,0.00419114903816761,0.031180392191218872,3.946364591334921e-05,0.02673018666377206,0.04891788879952011,0.0013702299417086032,0.006739512374159615,0.017867615989386243,0.001292999606282703,0.005097505175400012,0.00436890984024441,0.0032652307340097077,0.0013524750806959032,0.002382613429112906,0.056679709314121134,0.009419177590840723,0.04444981193936311,0.04988624647421562,0.06284181958534175,0.018880035457514543,0.00899152073381422
494,0.0002669736958837006,0.0006989673695578016,0.06768563148216256,0.028591170196135864,0.031306586427362566,0.0005181278224717012,0.03046887458314947,0.018797210473705143,0.004774977144121011,0.0029642650171512065,0.11869043030570206,0.00010931457429850024,0.0005250010501865012,0.008031732937125217,0.01928360206801614,0.013444648742632929,0.009007283369450721,0.004529835729845511,0.088347448341192,0.02641070099492316,0.05166181939520572,0.11411255096887114,0.0013180239228487028,0.011659313835693326,0.012039085946346026,0.023791651278385652,0.028040014626823463,0.024946167294449255,0.0012979021595609028,0.0010720383351206025,0.012595826983666928,0.00015874628095850036,0.024365127702093557,0.004650147140500611,0.09224170996806101,0.0010699949838774024,5.2344633566334276e-05,0.0008491389174326018,0.0012880094332120028,0.002687195852253906,0.0001857444305513004,0.002784441954022806,0.001377600202004003,0.012628176181234527,0.001720727750849804,0.0032453771139654072,0.005094294719255211,0.0474870810982338,0.04110906829798009,1.7896267901929627e-05
495,0.03256800074112417,0.06667469958855234,0.030509595635138966,0.029444125630854464,0.03825748406037648,0.06479865113959143,0.006074034832287813,0.0037583051384705076,0.01788542659312924,0.026612619855166456,9.258797132353331e-05,0.015466880353939033,0.03985388872796138,0.003285167032661507,0.005198494370066912,0.03484182570388498,0.005564228273430512,0.030758061787166467,0.001396364767222803,5.844669913118454e-06,0.005024924066529011,0.008514865913125317,0.023808697290918848,0.003282913280036607,0.02822615978146026,0.012111929680676826,0.00030415523721410065,0.00015012084639120032,0.010547592057026822,0.07909401596486816,0.0001892099020155004,0.01913472967970604,0.020353895457233543,5.4335414912906516e-05,0.00892110209356492,0.022692649849522448,0.0007050412617623015,0.0019421556296130042,0.01476411000946883,0.046825323658391496,0.03257019814774837,0.06324401483265543,0.013317039244215328,0.0002899213660957006,0.0012554251383121026,0.0051061936731600106,0.00013088519517520027,0.07027168526890465,0.0494229590228578,0.004697464164175209
496,0.05508289872904644,1.0895758553362047e-05,0.005616254355255115,0.016813090405948642,0.00017213435943120044,0.017201422814503344,0.00845560807591042,0.018468773266579648,1.3953395787395028e-05,6.353026644622311e-05,0.0012541300693869033,0.08613956256279422,0.029982971707010277,0.007987148174471721,0.0004660735955141012,0.010045815447488926,0.020248961445253254,0.041104650304821806,9.814863081457433e-06,0.005744053008155015,0.0001913307722549005,0.06779001226899677,0.08012116631850581,0.018667012807475347,0.00048080498523040126,0.0013428453198414034,0.003533549785167509,0.02687586764463077,0.001570784356666904,0.0006180545719264017,0.03257776771903728,0.033553185605837685,0.004897840754676112,0.001193629894918203,0.0381011478459648,0.10224387920488376,0.019288418548608847,0.04387782277622991,0.02101427297591855,0.006775996517639217,4.3720267351035056e-05,0.0002684155957019007,0.011412200701778029,0.015062961406528139,0.028566798758281473,0.0032963265084659083,0.02254777846667756,0.024099169438186564,0.026122547187410767,0.0389829483897687
497,0.0016770356517831033,0.002447208084372305,0.02879106602734316,8.955151588869573e-05,0.0011247897756009023,1.3018318841544477e-05,0.0017891882683483034,0.001980439845942504,3.451773154665601e-06,0.026051872398940152,0.14414403803090137,0.012993625663712425,0.04105359660457998,0.0048160768760780095,0.02632196218565045,0.1051632164171674,0.008449124234666218,0.0024766203356357047,0.002379435102508605,0.009686923657671419,0.006298533860853013,0.0003022636884202006,0.05530606301975961,0.07614996481268975,0.006464438606207713,0.00518081843954901,0.01437535108186503,0.040384223643314884,0.08509966581436977,0.0032415315737774064,0.006693590464751013,0.0008098989507399016,0.024813460335754548,1.0353779039281773e-06,0.00538695490853751,0.0010005449470489019,0.006863893142766514,0.0005775670370883011,0.0017874482819567035,0.002969020898960006,0.08393665013173826,0.03626210796933947,0.005778970258496211,0.005752080322783711,0.03166907484645616,0.0061049703753114125,0.0032738481776327065,0.05843291691514632,5.1966971956767556e-05,0.003578904376038407
498,0.011007468682223026,0.02151801836041785,0.003212419691447908,0.009278421106480823,0.009671108018388025,0.02166556423130535,0.012634898900811231,0.006323486426806316,0.00019078936047180046,0.0017480651475611044,0.00823072798145912,0.006253992226678216,0.025210336448041062,0.006592365474982116,0.15800700319737798,0.0047041842596542115,0.049956152195045025,0.008024819237839018,0.009011999796080623,0.007314908768756818,0.0432163033506752,0.00859510842543882,0.011479041331117728,0.007183699475844517,0.006732174264604117,0.009244864442265823,0.0038694097467402095,0.14158021667498252,0.021086744015118054,0.0005709096204892014,0.010206630062301224,0.0003746022527660009,0.010990014066356926,0.0010523332845628027,0.04719749412100612,0.04623777060029311,0.011036695647800628,0.003718258571367709,0.0015153928959606036,0.004675248693641211,0.03526999083467748,0.00815019758833852,0.059328858478025846,0.006821693921043816,0.041152274890660895,0.011706592407329427,0.00422362607558291,0.03351188140980258,0.02466542846249696,0.004049814876881409
499,0.019840227184128742,0.00939792227350542,0.012602482486093325,0.01400159460469083,0.0026208170689014055,0.023643458219733047,0.0018540949992169038,0.00029668952034080066,0.03957324057204158,0.0022781193518557046,0.04926152382104,0.008656765398995118,6.087518836042072e-05,0.0509774797199653,0.0003400721871769007,0.010547300795675722,0.06712372288387654,0.00950539816455072,0.014569907987633031,0.10828797601022042,0.005972612750780513,0.0007214572714808015,0.021584184270883346,0.006871581311526715,0.006395008914272314,0.00871211185660922,0.00023905203025020053,0.0008980689085527018,0.03432670485233437,0.03404278088039997,0.0015369271207151033,0.0486985056406468,9.390567674692544e-05,0.047029565036531794,0.015288440509558333,1.3081406561776447e-05,0.0001893764639832004,0.0471836813484156,0.04137192334056659,0.07495770260749655,0.002687562263658306,0.0033562766089300067,0.0004010373374044009,0.00045538872514760097,0.012092836520977425,0.00949575596162892,0.07180718399752625,0.003324675951295107,0.05247218827253741,0.002340753724579705
