"location","correlation"
"India",0.906087437722216
"South Africa",0.987112590042007
"US",0.913640393382514
